Date,Description,Debit,Credit,Balance
2016-07-26,VENMO PAYMENT,133.73,,8366.27
2016-07-28,UBER TRIP,32.50,,8333.77
2016-07-29,EZ PASS TOLL,46.89,,8286.88
2016-07-31,STARBUCKS STORE,50.04,,8236.84
2016-07-31,AMAZON MKTP,60.54,,8176.30
2016-08-02,ACH CREDIT EMPLOYER PAYROLL,,5261.87,13438.17
2016-08-03,BILL PAY RENT LANDLORD,1342.34,,12095.83
2016-08-05,SHELL OIL,7.25,,12088.58
2016-08-07,LOCAL BISTRO,24.01,,12064.57
2016-08-08,ALDI 729,118.16,,11946.41
2016-08-08,PIZZA HUT,33.63,,11912.78
2016-08-09,CHEVRON,64.42,,11848.36
2016-08-09,PARKING GARAGE,20.04,,11828.32
2016-08-10,NETFLIX.COM,43.44,,11784.88
2016-08-11,WALMART SUPERCENTER,134.44,,11650.44
2016-08-11,ZELLE TO FRIEND,84.84,,11565.60
2016-08-13,KROGER #1190,133.23,,11432.37
2016-08-13,WALMART SUPERCENTER,112.27,,11320.10
2016-08-15,IKEA,140.08,,11180.02
2016-08-16,ELECTRIC COMPANY,39.41,,11140.61
2016-08-16,TRADER JOE'S,38.15,,11102.46
2016-08-17,PIZZA HUT,53.64,,11048.82
2016-08-17,PIZZA HUT,38.81,,11010.01
2016-08-17,SHELL OIL,34.22,,10975.79
2016-08-17,UBER TRIP,46.21,,10929.58
2016-08-17,STEAM GAMES,63.45,,10866.13
2016-08-17,HOTEL BOOKING,846.32,,10019.81
2016-08-18,ZELLE FROM CLIENT,,954.31,10974.12
2016-08-18,METRO TRANSIT,13.90,,10960.22
2016-08-19,CHEVRON,7.08,,10953.14
2016-08-20,AMAZON MKTP,216.16,,10736.98
2016-08-21,ELECTRIC COMPANY,133.54,,10603.44
2016-08-22,GAS UTILITY,112.76,,10490.68
2016-08-22,WALGREENS,103.11,,10387.57
2016-08-23,COMCAST CABLE,48.50,,10339.07
2016-08-23,AMAZON.COM,216.88,,10122.19
2016-08-24,MCDONALD'S,44.93,,10077.26
2016-08-24,EZ PASS TOLL,12.49,,10064.77
2016-08-25,DOORDASH*RESTAURANT,68.22,,9996.55
2016-08-26,TRADER JOE'S,22.33,,9974.22
2016-08-26,LOCAL BISTRO,15.16,,9959.06
2016-08-27,NETFLIX.COM,25.29,,9933.77
2016-08-27,DISNEYPLUS,39.66,,9894.11
2016-08-29,SHELL OIL,49.25,,9844.86
2016-08-30,DENTAL CARE,196.12,,9648.74
2016-08-31,ALDI 729,83.41,,9565.33
2016-09-01,CHEVRON,30.39,,9534.94
2016-09-02,ACH CREDIT EMPLOYER PAYROLL,,5268.48,14803.42
2016-09-02,KROGER #1190,149.22,,14654.20
2016-09-03,BILL PAY RENT LANDLORD,1365.06,,13289.14
2016-09-03,STEAM GAMES,63.33,,13225.81
2016-09-05,PIZZA HUT,54.56,,13171.25
2016-09-06,COMCAST CABLE,155.63,,13015.62
2016-09-06,MCDONALD'S,61.34,,12954.28
2016-09-07,GAS UTILITY,75.31,,12878.97
2016-09-07,SUSHI HOUSE,9.80,,12869.17
2016-09-07,STEAM GAMES,37.44,,12831.73
2016-09-09,METRO TRANSIT,4.91,,12826.82
2016-09-09,METRO TRANSIT,68.70,,12758.12
2016-09-10,ACH CREDIT FREELANCE,,240.92,12999.04
2016-09-10,WALMART SUPERCENTER,148.34,,12850.70
2016-09-11,WALGREENS,38.76,,12811.94
2016-09-12,TRADER JOE'S,85.50,,12726.44
2016-09-12,WHOLE FOODS #4821,56.11,,12670.33
2016-09-12,LOCAL BISTRO,59.06,,12611.27
2016-09-12,AMAZON MKTP,193.25,,12418.02
2016-09-13,HOME DEPOT,44.62,,12373.40
2016-09-13,CITY MEDICAL CLINIC,27.36,,12346.04
2016-09-14,COSTCO WHSE,30.71,,12315.33
2016-09-14,DOORDASH*RESTAURANT,14.07,,12301.26
2016-09-15,SUSHI HOUSE,41.71,,12259.55
2016-09-16,TRADER JOE'S,61.93,,12197.62
2016-09-17,GAS UTILITY,89.06,,12108.56
2016-09-17,DISNEYPLUS,14.95,,12093.61
2016-09-18,VERIZON WIRELESS,80.93,,12012.68
2016-09-18,WHOLE FOODS #4821,40.23,,11972.45
2016-09-18,UBER EATS,33.68,,11938.77
2016-09-18,IKEA,255.11,,11683.66
2016-09-22,UBER TRIP,65.13,,11618.53
2016-09-22,METRO TRANSIT,46.76,,11571.77
2016-09-23,METRO TRANSIT,35.43,,11536.34
2016-09-25,CHEVRON,69.99,,11466.35
2016-09-26,TARGET.COM,22.70,,11443.65
2016-09-27,WHOLE FOODS #4821,132.69,,11310.96
2016-09-27,CHIPOTLE ONLINE,10.81,,11300.15
2016-09-27,UBER TRIP,57.95,,11242.20
2016-09-28,APPLE.COM/BILL,243.27,,10998.93
2016-09-28,AMC THEATRES,19.72,,10979.21
2016-09-28,ATM WITHDRAWAL,239.45,,10739.76
2016-09-29,TARGET.COM,29.79,,10709.97
2016-09-29,DISNEYPLUS,63.22,,10646.75
2016-09-30,UBER EATS,10.72,,10636.03
2016-10-01,ACH CREDIT EMPLOYER PAYROLL,,5343.79,15979.82
2016-10-01,SPOTIFY USA,41.60,,15938.22
2016-10-02,VENMO PAYMENT,65.34,,15872.88
2016-10-03,BILL PAY RENT LANDLORD,1349.15,,14523.73
2016-10-04,UBER EATS,84.24,,14439.49
2016-10-04,CHIPOTLE ONLINE,41.79,,14397.70
2016-10-05,CITY WATER BILL,156.66,,14241.04
2016-10-06,COSTCO WHSE,29.73,,14211.31
2016-10-06,HOME DEPOT,13.27,,14198.04
2016-10-07,PLANET FITNESS,29.32,,14168.72
2016-10-08,PARKING GARAGE,50.01,,14118.71
2016-10-09,COSTCO WHSE,110.84,,14007.87
2016-10-10,CHEVRON,4.70,,14003.17
2016-10-11,IKEA,247.96,,13755.21
2016-10-12,LOCAL BISTRO,25.07,,13730.14
2016-10-13,STARBUCKS STORE,8.83,,13721.31
2016-10-13,PARKING GARAGE,22.87,,13698.44
2016-10-14,VERIZON WIRELESS,176.26,,13522.18
2016-10-14,WALMART SUPERCENTER,25.77,,13496.41
2016-10-14,UBER EATS,47.12,,13449.29
2016-10-14,METRO TRANSIT,30.19,,13419.10
2016-10-15,ALDI 729,120.21,,13298.89
2016-10-16,WHOLE FOODS #4821,23.51,,13275.38
2016-10-16,PARKING GARAGE,29.69,,13245.69
2016-10-19,HOME DEPOT,149.72,,13095.97
2016-10-20,SUSHI HOUSE,54.86,,13041.11
2016-10-20,AMAZON.COM,162.82,,12878.29
2016-10-20,CVS/PHARMACY,58.70,,12819.59
2016-10-22,LYFT RIDE,8.20,,12811.39
2016-10-23,LOCAL BISTRO,73.90,,12737.49
2016-10-23,UBER TRIP,46.09,,12691.40
2016-10-24,DISNEYPLUS,43.24,,12648.16
2016-10-25,COMCAST CABLE,181.37,,12466.79
2016-10-25,COMCAST CABLE,184.80,,12281.99
2016-10-26,WHOLE FOODS #4821,123.08,,12158.91
2016-10-27,WHOLE FOODS #4821,113.57,,12045.34
2016-10-27,PARKING GARAGE,9.16,,12036.18
2016-10-28,SUSHI HOUSE,43.73,,11992.45
2016-10-28,CHEVRON,54.31,,11938.14
2016-10-28,SPOTIFY USA,37.15,,11900.99
2016-10-31,FRESH MARKET,94.32,,11806.67
2016-11-01,TRADER JOE'S,75.43,,11731.24
2016-11-01,ALDI 729,35.74,,11695.50
2016-11-02,EZ PASS TOLL,70.17,,11625.33
2016-11-02,HOME DEPOT,49.43,,11575.90
2016-11-03,ACH CREDIT EMPLOYER PAYROLL,,5160.92,16736.82
2016-11-03,BILL PAY RENT LANDLORD,1344.83,,15391.99
2016-11-03,COSTCO WHSE,43.80,,15348.19
2016-11-03,CHIPOTLE ONLINE,78.98,,15269.21
2016-11-03,METRO TRANSIT,34.77,,15234.44
2016-11-04,MCDONALD'S,34.78,,15199.66
2016-11-04,CHEVRON,52.30,,15147.36
2016-11-05,CVS/PHARMACY,106.07,,15041.29
2016-11-06,EZ PASS TOLL,25.22,,15016.07
2016-11-08,CHIPOTLE ONLINE,16.26,,14999.81
2016-11-08,LYFT RIDE,16.51,,14983.30
2016-11-08,SHELL OIL,36.99,,14946.31
2016-11-09,ELECTRIC COMPANY,58.81,,14887.50
2016-11-09,ALDI 729,79.99,,14807.51
2016-11-09,IKEA,276.51,,14531.00
2016-11-10,ETSY.COM,245.71,,14285.29
2016-11-11,PIZZA HUT,65.75,,14219.54
2016-11-11,ATM WITHDRAWAL,207.40,,14012.14
2016-11-12,PIZZA HUT,66.21,,13945.93
2016-11-12,TICKETMASTER,23.65,,13922.28
2016-11-13,FRESH MARKET,73.33,,13848.95
2016-11-13,CHEVRON,16.40,,13832.55
2016-11-14,CITY MEDICAL CLINIC,100.91,,13731.64
2016-11-15,VERIZON WIRELESS,123.02,,13608.62
2016-11-16,VENMO CASHOUT,,1079.31,14687.93
2016-11-16,PARKING GARAGE,47.84,,14640.09
2016-11-16,LYFT RIDE,8.92,,14631.17
2016-11-17,COSTCO WHSE,130.37,,14500.80
2016-11-17,BEST BUY,199.74,,14301.06
2016-11-18,WHOLE FOODS #4821,59.85,,14241.21
2016-11-20,PARKING GARAGE,22.65,,14218.56
2016-11-21,AMAZON MKTP,241.42,,13977.14
2016-11-21,STEAM GAMES,39.40,,13937.74
2016-11-22,ETSY.COM,173.47,,13764.27
2016-11-23,ELECTRIC COMPANY,88.14,,13676.13
2016-11-23,LYFT RIDE,25.10,,13651.03
2016-11-24,ETSY.COM,30.98,,13620.05
2016-11-25,TARGET.COM,33.83,,13586.22
2016-11-25,BEST BUY,203.98,,13382.24
2016-11-26,BEST BUY,90.38,,13291.86
2016-11-26,ETSY.COM,122.05,,13169.81
2016-11-27,AMAZON.COM,207.34,,12962.47
2016-11-28,COSTCO WHSE,60.41,,12902.06
2016-12-02,ACH CREDIT EMPLOYER PAYROLL,,5223.70,18125.76
2016-12-02,WALMART SUPERCENTER,131.89,,17993.87
2016-12-02,UBER TRIP,26.93,,17966.94
2016-12-03,BILL PAY RENT LANDLORD,1347.57,,16619.37
2016-12-03,KROGER #1190,69.80,,16549.57
2016-12-05,DOORDASH*RESTAURANT,8.37,,16541.20
2016-12-05,AMC THEATRES,15.99,,16525.21
2016-12-07,VERIZON WIRELESS,192.34,,16332.87
2016-12-08,CITY WATER BILL,111.81,,16221.06
2016-12-08,SUSHI HOUSE,53.95,,16167.11
2016-12-09,SPOTIFY USA,63.54,,16103.57
2016-12-10,COMCAST CABLE,105.93,,15997.64
2016-12-11,UBER TRIP,20.89,,15976.75
2016-12-13,DISNEYPLUS,9.36,,15967.39
2016-12-14,CHEVRON,30.50,,15936.89
2016-12-15,STARBUCKS STORE,64.19,,15872.70
2016-12-15,UBER TRIP,32.42,,15840.28
2016-12-15,BEST BUY,64.74,,15775.54
2016-12-16,VENMO CASHOUT,,532.39,16307.93
2016-12-16,MCDONALD'S,56.41,,16251.52
2016-12-16,DOORDASH*RESTAURANT,30.36,,16221.16
2016-12-16,EZ PASS TOLL,24.78,,16196.38
2016-12-18,TRADER JOE'S,77.42,,16118.96
2016-12-18,CHEVRON,30.80,,16088.16
2016-12-18,APPLE.COM/BILL,127.74,,15960.42
2016-12-19,VENMO PAYMENT,67.03,,15893.39
2016-12-21,ACH CREDIT YEAR END BONUS,,2064.20,17957.59
2016-12-21,COSTCO WHSE,100.81,,17856.78
2016-12-22,TRADER JOE'S,138.95,,17717.83
2016-12-22,UBER TRIP,41.22,,17676.61
2016-12-23,PARKING GARAGE,33.69,,17642.92
2016-12-24,PIZZA HUT,64.86,,17578.06
2016-12-26,APPLE.COM/BILL,239.61,,17338.45
2016-12-27,WALMART SUPERCENTER,117.70,,17220.75
2016-12-28,WALMART SUPERCENTER,111.65,,17109.10
2016-12-29,COSTCO WHSE,144.60,,16964.50
2016-12-29,PLANET FITNESS,72.74,,16891.76
2016-12-30,MCDONALD'S,32.36,,16859.40
2017-01-01,ACH CREDIT EMPLOYER PAYROLL,,5548.22,22407.62
2017-01-01,WHOLE FOODS #4821,153.91,,22253.71
2017-01-01,TRADER JOE'S,37.62,,22216.09
2017-01-02,PIZZA HUT,62.01,,22154.08
2017-01-02,IKEA,54.74,,22099.34
2017-01-03,BILL PAY RENT LANDLORD,1395.84,,20703.50
2017-01-04,KROGER #1190,109.61,,20593.89
2017-01-04,PIZZA HUT,76.20,,20517.69
2017-01-06,GAS UTILITY,84.48,,20433.21
2017-01-07,SPOTIFY USA,19.59,,20413.62
2017-01-07,STEAM GAMES,45.58,,20368.04
2017-01-10,SPOTIFY USA,18.06,,20349.98
2017-01-11,AMAZON.COM,194.67,,20155.31
2017-01-12,LOCAL BISTRO,52.19,,20103.12
2017-01-12,BEST BUY,85.18,,20017.94
2017-01-14,VERIZON WIRELESS,95.68,,19922.26
2017-01-14,FRESH MARKET,101.29,,19820.97
2017-01-14,EZ PASS TOLL,30.89,,19790.08
2017-01-15,ALDI 729,140.49,,19649.59
2017-01-15,INSURANCE ANNUAL PREMIUM,975.96,,18673.63
2017-01-16,UBER TRIP,49.18,,18624.45
2017-01-16,VENMO PAYMENT,131.27,,18493.18
2017-01-17,DENTAL CARE,138.59,,18354.59
2017-01-18,MCDONALD'S,54.14,,18300.45
2017-01-18,IKEA,149.28,,18151.17
2017-01-20,SHELL OIL,45.30,,18105.87
2017-01-20,LYFT RIDE,30.00,,18075.87
2017-01-21,EZ PASS TOLL,69.01,,18006.86
2017-01-21,SHELL OIL,38.08,,17968.78
2017-01-21,IKEA,264.66,,17704.12
2017-01-23,MCDONALD'S,61.97,,17642.15
2017-01-24,ALDI 729,48.16,,17593.99
2017-01-24,UBER EATS,8.69,,17585.30
2017-01-24,UBER EATS,10.29,,17575.01
2017-01-24,EZ PASS TOLL,6.66,,17568.35
2017-01-24,CHEVRON,23.87,,17544.48
2017-01-24,WALGREENS,9.43,,17535.05
2017-01-26,STARBUCKS STORE,72.83,,17462.22
2017-01-27,COSTCO WHSE,150.42,,17311.80
2017-01-28,EZ PASS TOLL,10.65,,17301.15
2017-01-29,AMC THEATRES,30.21,,17270.94
2017-01-30,UBER TRIP,60.39,,17210.55
2017-01-30,METRO TRANSIT,54.03,,17156.52
2017-01-31,SHELL OIL,33.38,,17123.14
2017-02-01,ACH CREDIT EMPLOYER PAYROLL,,5380.36,22503.50
2017-02-02,PIZZA HUT,81.48,,22422.02
2017-02-02,UBER EATS,12.85,,22409.17
2017-02-02,SHELL OIL,14.59,,22394.58
2017-02-02,EZ PASS TOLL,10.01,,22384.57
2017-02-02,METRO TRANSIT,13.81,,22370.76
2017-02-02,APPLE.COM/BILL,225.47,,22145.29
2017-02-02,TICKETMASTER,58.67,,22086.62
2017-02-03,BILL PAY RENT LANDLORD,1390.44,,20696.18
2017-02-04,VENMO PAYMENT,120.55,,20575.63
2017-02-05,SUSHI HOUSE,72.27,,20503.36
2017-02-05,PARKING GARAGE,56.41,,20446.95
2017-02-07,METRO TRANSIT,16.65,,20430.30
2017-02-07,AMAZON.COM,192.43,,20237.87
2017-02-07,AMC THEATRES,9.25,,20228.62
2017-02-09,TRADER JOE'S,29.13,,20199.49
2017-02-09,ALDI 729,25.13,,20174.36
2017-02-09,WHOLE FOODS #4821,22.07,,20152.29
2017-02-10,TRADER JOE'S,35.42,,20116.87
2017-02-10,WALMART SUPERCENTER,52.95,,20063.92
2017-02-10,MCDONALD'S,69.09,,19994.83
2017-02-11,DENTAL CARE,91.62,,19903.21
2017-02-12,CITY WATER BILL,83.21,,19820.00
2017-02-12,PIZZA HUT,31.12,,19788.88
2017-02-13,ELECTRIC COMPANY,131.46,,19657.42
2017-02-13,WHOLE FOODS #4821,91.36,,19566.06
2017-02-13,CHEVRON,19.46,,19546.60
2017-02-14,DOORDASH*RESTAURANT,19.82,,19526.78
2017-02-16,EZ PASS TOLL,45.26,,19481.52
2017-02-16,SHELL OIL,20.26,,19461.26
2017-02-17,DISNEYPLUS,38.44,,19422.82
2017-02-19,PIZZA HUT,77.13,,19345.69
2017-02-20,TRADER JOE'S,54.44,,19291.25
2017-02-21,AMAZON.COM,220.34,,19070.91
2017-02-22,CHEVRON,5.44,,19065.47
2017-02-24,AMAZON MKTP,207.67,,18857.80
2017-02-26,PLANET FITNESS,179.56,,18678.24
2017-02-27,METRO TRANSIT,7.03,,18671.21
2017-02-27,NETFLIX.COM,24.21,,18647.00
2017-02-28,ALDI 729,157.01,,18489.99
2017-03-01,ACH CREDIT EMPLOYER PAYROLL,,5466.06,23956.05
2017-03-03,BILL PAY RENT LANDLORD,1405.83,,22550.22
2017-03-04,UBER EATS,12.47,,22537.75
2017-03-05,ELECTRIC COMPANY,94.69,,22443.06
2017-03-05,DOORDASH*RESTAURANT,50.74,,22392.32
2017-03-05,TARGET.COM,61.68,,22330.64
2017-03-06,LOCAL BISTRO,19.32,,22311.32
2017-03-07,EZ PASS TOLL,64.54,,22246.78
2017-03-07,TARGET.COM,220.61,,22026.17
2017-03-09,UBER TRIP,25.37,,22000.80
2017-03-09,BEST BUY,140.69,,21860.11
2017-03-11,UBER TRIP,22.55,,21837.56
2017-03-12,PARKING GARAGE,27.38,,21810.18
2017-03-13,EZ PASS TOLL,65.95,,21744.23
2017-03-13,PARKING GARAGE,53.92,,21690.31
2017-03-14,DOORDASH*RESTAURANT,75.12,,21615.19
2017-03-15,CVS/PHARMACY,27.77,,21587.42
2017-03-15,NETFLIX.COM,29.53,,21557.89
2017-03-16,PARKING GARAGE,29.52,,21528.37
2017-03-16,METRO TRANSIT,54.89,,21473.48
2017-03-17,WHOLE FOODS #4821,142.44,,21331.04
2017-03-17,ALDI 729,67.07,,21263.97
2017-03-17,PIZZA HUT,41.38,,21222.59
2017-03-17,EZ PASS TOLL,46.59,,21176.00
2017-03-17,VENMO PAYMENT,88.42,,21087.58
2017-03-18,COSTCO WHSE,125.82,,20961.76
2017-03-20,LYFT RIDE,53.19,,20908.57
2017-03-21,DENTAL CARE,84.60,,20823.97
2017-03-21,AMC THEATRES,57.76,,20766.21
2017-03-22,VERIZON WIRELESS,192.59,,20573.62
2017-03-22,WHOLE FOODS #4821,95.93,,20477.69
2017-03-22,EZ PASS TOLL,26.94,,20450.75
2017-03-22,AMAZON.COM,176.37,,20274.38
2017-03-22,AMC THEATRES,31.26,,20243.12
2017-03-26,TRADER JOE'S,89.73,,20153.39
2017-03-26,HOME DEPOT,83.41,,20069.98
2017-03-27,WHOLE FOODS #4821,145.21,,19924.77
2017-03-28,TARGET.COM,78.93,,19845.84
2017-03-29,BEST BUY,106.85,,19738.99
2017-03-30,LYFT RIDE,42.94,,19696.05
2017-03-30,METRO TRANSIT,16.96,,19679.09
2017-03-31,STARBUCKS STORE,59.82,,19619.27
2017-04-01,WHOLE FOODS #4821,131.26,,19488.01
2017-04-01,PARKING GARAGE,60.84,,19427.17
2017-04-01,BEST BUY,134.63,,19292.54
2017-04-02,ACH CREDIT EMPLOYER PAYROLL,,5542.06,24834.60
2017-04-03,BILL PAY RENT LANDLORD,1395.10,,23439.50
2017-04-03,AMAZON MKTP,163.59,,23275.91
2017-04-03,NETFLIX.COM,50.54,,23225.37
2017-04-04,CHEVRON,47.71,,23177.66
2017-04-05,WHOLE FOODS #4821,100.18,,23077.48
2017-04-05,CHIPOTLE ONLINE,24.01,,23053.47
2017-04-05,SHELL OIL,51.51,,23001.96
2017-04-06,METRO TRANSIT,55.77,,22946.19
2017-04-07,METRO TRANSIT,16.72,,22929.47
2017-04-08,TRADER JOE'S,37.89,,22891.58
2017-04-08,DENTAL CARE,48.43,,22843.15
2017-04-09,LOCAL BISTRO,26.72,,22816.43
2017-04-09,UBER TRIP,45.64,,22770.79
2017-04-09,SPOTIFY USA,48.69,,22722.10
2017-04-10,STARBUCKS STORE,74.97,,22647.13
2017-04-10,IRS USATAXPYMT,1539.70,,21107.43
2017-04-11,VENMO CASHOUT,,1134.55,22241.98
2017-04-11,WHOLE FOODS #4821,48.47,,22193.51
2017-04-11,WALMART SUPERCENTER,103.24,,22090.27
2017-04-11,EZ PASS TOLL,47.85,,22042.42
2017-04-13,CHEVRON,20.63,,22021.79
2017-04-13,STEAM GAMES,13.94,,22007.85
2017-04-14,VERIZON WIRELESS,133.30,,21874.55
2017-04-14,WHOLE FOODS #4821,113.32,,21761.23
2017-04-15,MCDONALD'S,74.15,,21687.08
2017-04-16,SUSHI HOUSE,78.39,,21608.69
2017-04-16,CITY MEDICAL CLINIC,156.95,,21451.74
2017-04-16,VENMO PAYMENT,284.72,,21167.02
2017-04-18,BEST BUY,249.74,,20917.28
2017-04-19,METRO TRANSIT,60.00,,20857.28
2017-04-21,CHIPOTLE ONLINE,36.51,,20820.77
2017-04-21,LYFT RIDE,34.95,,20785.82
2017-04-22,CVS/PHARMACY,193.36,,20592.46
2017-04-24,CITY WATER BILL,76.02,,20516.44
2017-04-25,WALMART SUPERCENTER,134.38,,20382.06
2017-04-25,PARKING GARAGE,60.25,,20321.81
2017-04-26,COSTCO WHSE,46.77,,20275.04
2017-04-26,NIKE STORE,168.20,,20106.84
2017-04-27,FRESH MARKET,127.31,,19979.53
2017-04-29,STARBUCKS STORE,56.18,,19923.35
2017-04-29,DISNEYPLUS,63.27,,19860.08
2017-04-30,MCDONALD'S,38.10,,19821.98
2017-04-30,APPLE.COM/BILL,95.80,,19726.18
2017-05-02,ACH CREDIT EMPLOYER PAYROLL,,5483.40,25209.58
2017-05-02,SUSHI HOUSE,43.40,,25166.18
2017-05-02,APPLE.COM/BILL,139.40,,25026.78
2017-05-03,BILL PAY RENT LANDLORD,1388.28,,23638.50
2017-05-03,SHELL OIL,17.02,,23621.48
2017-05-04,KROGER #1190,74.99,,23546.49
2017-05-04,WALMART SUPERCENTER,155.30,,23391.19
2017-05-05,FRESH MARKET,48.17,,23343.02
2017-05-05,AMAZON.COM,146.04,,23196.98
2017-05-07,PLANET FITNESS,206.51,,22990.47
2017-05-08,ALDI 729,143.80,,22846.67
2017-05-09,SHELL OIL,28.01,,22818.66
2017-05-10,SHELL OIL,9.58,,22809.08
2017-05-10,CHEVRON,52.80,,22756.28
2017-05-12,ELECTRIC COMPANY,63.58,,22692.70
2017-05-14,LOCAL BISTRO,29.24,,22663.46
2017-05-14,AMAZON.COM,201.83,,22461.63
2017-05-15,COMCAST CABLE,176.55,,22285.08
2017-05-15,COMCAST CABLE,156.85,,22128.23
2017-05-15,AMC THEATRES,11.80,,22116.43
2017-05-16,SUSHI HOUSE,9.42,,22107.01
2017-05-16,DISNEYPLUS,48.85,,22058.16
2017-05-17,UBER EATS,6.87,,22051.29
2017-05-18,COSTCO WHSE,45.77,,22005.52
2017-05-19,CHEVRON,44.98,,21960.54
2017-05-20,LOCAL BISTRO,46.39,,21914.15
2017-05-20,CVS/PHARMACY,196.11,,21718.04
2017-05-21,TARGET.COM,236.00,,21482.04
2017-05-22,LOCAL BISTRO,43.41,,21438.63
2017-05-23,FRESH MARKET,79.19,,21359.44
2017-05-25,UBER TRIP,30.21,,21329.23
2017-05-26,LYFT RIDE,32.54,,21296.69
2017-05-26,AMC THEATRES,21.90,,21274.79
2017-05-27,PARKING GARAGE,7.95,,21266.84
2017-05-28,PIZZA HUT,12.25,,21254.59
2017-05-28,CHEVRON,6.76,,21247.83
2017-05-29,ZELLE TO FRIEND,290.60,,20957.23
2017-05-31,WALMART SUPERCENTER,33.16,,20924.07
2017-05-31,HOME DEPOT,271.53,,20652.54
2017-06-02,ACH CREDIT EMPLOYER PAYROLL,,5428.51,26081.05
2017-06-03,BILL PAY RENT LANDLORD,1385.49,,24695.56
2017-06-04,DOORDASH*RESTAURANT,61.02,,24634.54
2017-06-04,METRO TRANSIT,62.33,,24572.21
2017-06-04,NIKE STORE,85.86,,24486.35
2017-06-04,WALGREENS,122.21,,24364.14
2017-06-05,EZ PASS TOLL,16.43,,24347.71
2017-06-07,DOORDASH*RESTAURANT,9.17,,24338.54
2017-06-08,STARBUCKS STORE,26.62,,24311.92
2017-06-09,TARGET.COM,209.04,,24102.88
2017-06-10,KROGER #1190,129.30,,23973.58
2017-06-12,PAYPAL TRANSFER,,602.49,24576.07
2017-06-13,DENTAL CARE,185.38,,24390.69
2017-06-14,ALDI 729,20.56,,24370.13
2017-06-14,UBER TRIP,4.84,,24365.29
2017-06-14,LYFT RIDE,69.58,,24295.71
2017-06-14,TARGET.COM,202.07,,24093.64
2017-06-14,AMC THEATRES,47.30,,24046.34
2017-06-15,AMC THEATRES,26.28,,24020.06
2017-06-16,CHIPOTLE ONLINE,48.89,,23971.17
2017-06-17,COMCAST CABLE,140.64,,23830.53
2017-06-17,PARKING GARAGE,4.87,,23825.66
2017-06-18,SUSHI HOUSE,73.57,,23752.09
2017-06-19,TRADER JOE'S,116.21,,23635.88
2017-06-20,ELECTRIC COMPANY,52.07,,23583.81
2017-06-20,CITY WATER BILL,98.61,,23485.20
2017-06-20,PARKING GARAGE,32.02,,23453.18
2017-06-20,LYFT RIDE,70.97,,23382.21
2017-06-21,COSTCO WHSE,59.36,,23322.85
2017-06-21,PIZZA HUT,70.92,,23251.93
2017-06-22,COSTCO WHSE,62.50,,23189.43
2017-06-22,PARKING GARAGE,5.68,,23183.75
2017-06-22,SHELL OIL,47.60,,23136.15
2017-06-24,GAS UTILITY,194.41,,22941.74
2017-06-24,STEAM GAMES,38.28,,22903.46
2017-06-25,MCDONALD'S,68.68,,22834.78
2017-06-25,CVS/PHARMACY,112.12,,22722.66
2017-06-26,LOCAL BISTRO,8.34,,22714.32
2017-06-28,TRADER JOE'S,97.31,,22617.01
2017-06-30,ALDI 729,117.40,,22499.61
2017-06-30,CHIPOTLE ONLINE,46.49,,22453.12
2017-06-30,UBER TRIP,17.65,,22435.47
2017-07-02,ACH CREDIT EMPLOYER PAYROLL,,5644.79,28080.26
2017-07-02,MCDONALD'S,52.59,,28027.67
2017-07-02,EZ PASS TOLL,20.62,,28007.05
2017-07-03,BILL PAY RENT LANDLORD,1396.28,,26610.77
2017-07-03,PARKING GARAGE,40.22,,26570.55
2017-07-04,FRESH MARKET,84.96,,26485.59
2017-07-06,CHEVRON,47.46,,26438.13
2017-07-06,METRO TRANSIT,33.13,,26405.00
2017-07-06,ATM WITHDRAWAL,136.40,,26268.60
2017-07-07,FRESH MARKET,122.87,,26145.73
2017-07-07,LYFT RIDE,46.51,,26099.22
2017-07-07,SHELL OIL,21.76,,26077.46
2017-07-07,AMAZON.COM,143.40,,25934.06
2017-07-07,NETFLIX.COM,58.45,,25875.61
2017-07-07,SPOTIFY USA,26.55,,25849.06
2017-07-09,WALMART SUPERCENTER,111.50,,25737.56
2017-07-10,CVS/PHARMACY,182.59,,25554.97
2017-07-11,TRADER JOE'S,104.19,,25450.78
2017-07-14,UBER EATS,60.88,,25389.90
2017-07-14,DOORDASH*RESTAURANT,73.64,,25316.26
2017-07-15,DOORDASH*RESTAURANT,47.47,,25268.79
2017-07-18,KROGER #1190,104.56,,25164.23
2017-07-18,AIRLINE TICKET,1123.06,,24041.17
2017-07-19,ELECTRIC COMPANY,153.29,,23887.88
2017-07-19,UBER TRIP,42.70,,23845.18
2017-07-19,IKEA,116.44,,23728.74
2017-07-20,UBER EATS,44.56,,23684.18
2017-07-21,GAS UTILITY,186.45,,23497.73
2017-07-21,METRO TRANSIT,71.10,,23426.63
2017-07-23,METRO TRANSIT,32.22,,23394.41
2017-07-24,LYFT RIDE,44.02,,23350.39
2017-07-25,SUSHI HOUSE,50.59,,23299.80
2017-07-25,CHEVRON,24.15,,23275.65
2017-07-25,TARGET.COM,118.25,,23157.40
2017-07-25,NIKE STORE,116.45,,23040.95
2017-07-26,DENTAL CARE,187.83,,22853.12
2017-07-27,COSTCO WHSE,145.67,,22707.45
2017-07-29,COSTCO WHSE,67.00,,22640.45
2017-07-31,SPOTIFY USA,28.41,,22612.04
2017-08-01,METRO TRANSIT,57.42,,22554.62
2017-08-02,UBER EATS,35.72,,22518.90
2017-08-02,NETFLIX.COM,38.43,,22480.47
2017-08-03,ACH CREDIT EMPLOYER PAYROLL,,5525.29,28005.76
2017-08-03,BILL PAY RENT LANDLORD,1407.19,,26598.57
2017-08-03,APPLE.COM/BILL,15.70,,26582.87
2017-08-03,AMAZON.COM,106.99,,26475.88
2017-08-04,HOME DEPOT,27.81,,26448.07
2017-08-05,NETFLIX.COM,31.72,,26416.35
2017-08-06,UBER TRIP,23.89,,26392.46
2017-08-08,KROGER #1190,136.41,,26256.05
2017-08-09,STARBUCKS STORE,73.13,,26182.92
2017-08-10,SHELL OIL,51.15,,26131.77
2017-08-10,DENTAL CARE,127.56,,26004.21
2017-08-11,EZ PASS TOLL,25.29,,25978.92
2017-08-11,STEAM GAMES,54.69,,25924.23
2017-08-13,SUSHI HOUSE,56.49,,25867.74
2017-08-14,WALMART SUPERCENTER,131.04,,25736.70
2017-08-16,ACH CREDIT FREELANCE,,1014.90,26751.60
2017-08-16,AIRBNB *STAY,1030.88,,25720.72
2017-08-19,GAS UTILITY,193.22,,25527.50
2017-08-19,COSTCO WHSE,61.56,,25465.94
2017-08-19,DOORDASH*RESTAURANT,32.99,,25432.95
2017-08-19,METRO TRANSIT,20.68,,25412.27
2017-08-19,HOME DEPOT,104.97,,25307.30
2017-08-20,COSTCO WHSE,141.22,,25166.08
2017-08-20,CHIPOTLE ONLINE,80.14,,25085.94
2017-08-22,CITY WATER BILL,110.57,,24975.37
2017-08-22,LOCAL BISTRO,39.26,,24936.11
2017-08-22,PARKING GARAGE,59.64,,24876.47
2017-08-23,LYFT RIDE,20.18,,24856.29
2017-08-24,PIZZA HUT,84.37,,24771.92
2017-08-24,SUSHI HOUSE,79.73,,24692.19
2017-08-24,MCDONALD'S,9.99,,24682.20
2017-08-24,METRO TRANSIT,24.47,,24657.73
2017-08-27,APPLE.COM/BILL,103.01,,24554.72
2017-08-27,PLANET FITNESS,103.34,,24451.38
2017-08-28,SHELL OIL,23.64,,24427.74
2017-08-29,KROGER #1190,56.94,,24370.80
2017-08-30,ALDI 729,117.11,,24253.69
2017-08-31,TRADER JOE'S,119.59,,24134.10
2017-08-31,LOCAL BISTRO,12.06,,24122.04
2017-09-01,APPLE.COM/BILL,156.31,,23965.73
2017-09-03,ACH CREDIT EMPLOYER PAYROLL,,5466.56,29432.29
2017-09-03,BILL PAY RENT LANDLORD,1396.67,,28035.62
2017-09-03,DENTAL CARE,165.34,,27870.28
2017-09-04,KROGER #1190,75.50,,27794.78
2017-09-04,NETFLIX.COM,51.41,,27743.37
2017-09-05,ALDI 729,153.82,,27589.55
2017-09-05,CHEVRON,57.71,,27531.84
2017-09-06,ALDI 729,103.65,,27428.19
2017-09-06,CHIPOTLE ONLINE,15.43,,27412.76
2017-09-07,PARKING GARAGE,56.56,,27356.20
2017-09-07,CHEVRON,5.35,,27350.85
2017-09-08,ALDI 729,36.33,,27314.52
2017-09-09,MCDONALD'S,43.10,,27271.42
2017-09-09,AMAZON MKTP,49.21,,27222.21
2017-09-10,UBER EATS,65.85,,27156.36
2017-09-10,CITY MEDICAL CLINIC,102.64,,27053.72
2017-09-11,ELECTRIC COMPANY,84.56,,26969.16
2017-09-11,KROGER #1190,29.19,,26939.97
2017-09-11,CHIPOTLE ONLINE,14.46,,26925.51
2017-09-11,STARBUCKS STORE,42.55,,26882.96
2017-09-12,CITY WATER BILL,168.34,,26714.62
2017-09-14,AMC THEATRES,57.07,,26657.55
2017-09-16,ZELLE FROM CLIENT,,1130.16,27787.71
2017-09-17,COSTCO WHSE,135.81,,27651.90
2017-09-17,EZ PASS TOLL,14.29,,27637.61
2017-09-18,PIZZA HUT,81.32,,27556.29
2017-09-18,EZ PASS TOLL,39.54,,27516.75
2017-09-18,APPLE.COM/BILL,36.84,,27479.91
2017-09-19,STARBUCKS STORE,81.23,,27398.68
2017-09-20,CITY WATER BILL,80.97,,27317.71
2017-09-20,CVS/PHARMACY,53.17,,27264.54
2017-09-22,STARBUCKS STORE,43.17,,27221.37
2017-09-25,PIZZA HUT,17.59,,27203.78
2017-09-25,CHEVRON,62.15,,27141.63
2017-09-27,LYFT RIDE,67.94,,27073.69
2017-09-27,STEAM GAMES,55.48,,27018.21
2017-09-28,APPLE.COM/BILL,196.57,,26821.64
2017-09-29,DOORDASH*RESTAURANT,9.96,,26811.68
2017-09-30,METRO TRANSIT,63.68,,26748.00
2017-10-03,ACH CREDIT EMPLOYER PAYROLL,,5658.62,32406.62
2017-10-03,BILL PAY RENT LANDLORD,1395.74,,31010.88
2017-10-03,LOCAL BISTRO,39.54,,30971.34
2017-10-03,PARKING GARAGE,30.00,,30941.34
2017-10-08,DOORDASH*RESTAURANT,55.37,,30885.97
2017-10-08,CHEVRON,40.94,,30845.03
2017-10-08,AMAZON MKTP,196.95,,30648.08
2017-10-09,PARKING GARAGE,71.41,,30576.67
2017-10-10,ELECTRIC COMPANY,71.83,,30504.84
2017-10-10,KROGER #1190,129.61,,30375.23
2017-10-10,METRO TRANSIT,5.93,,30369.30
2017-10-10,CHEVRON,71.89,,30297.41
2017-10-10,AMC THEATRES,22.65,,30274.76
2017-10-11,WALMART SUPERCENTER,19.42,,30255.34
2017-10-11,LOCAL BISTRO,32.98,,30222.36
2017-10-13,NIKE STORE,115.46,,30106.90
2017-10-15,UBER EATS,29.89,,30077.01
2017-10-17,VERIZON WIRELESS,156.46,,29920.55
2017-10-17,HOME DEPOT,70.92,,29849.63
2017-10-18,WHOLE FOODS #4821,115.32,,29734.31
2017-10-21,MCDONALD'S,72.29,,29662.02
2017-10-22,LYFT RIDE,23.93,,29638.09
2017-10-23,AMAZON.COM,196.36,,29441.73
2017-10-24,SHELL OIL,50.86,,29390.87
2017-10-25,AMAZON MKTP,106.16,,29284.71
2017-10-25,PLANET FITNESS,47.95,,29236.76
2017-10-26,GAS UTILITY,110.92,,29125.84
2017-10-27,ALDI 729,37.25,,29088.59
2017-10-27,COSTCO WHSE,151.82,,28936.77
2017-10-27,SHELL OIL,66.85,,28869.92
2017-10-28,LYFT RIDE,9.53,,28860.39
2017-10-28,SHELL OIL,17.41,,28842.98
2017-10-29,FRESH MARKET,98.44,,28744.54
2017-10-29,NETFLIX.COM,58.80,,28685.74
2017-10-30,FRESH MARKET,87.77,,28597.97
2017-10-31,CHEVRON,46.37,,28551.60
2017-11-01,WALMART SUPERCENTER,29.49,,28522.11
2017-11-02,ACH CREDIT EMPLOYER PAYROLL,,5467.77,33989.88
2017-11-03,BILL PAY RENT LANDLORD,1402.29,,32587.59
2017-11-03,STARBUCKS STORE,8.39,,32579.20
2017-11-06,GAS UTILITY,105.14,,32474.06
2017-11-06,BEST BUY,196.57,,32277.49
2017-11-07,WALMART SUPERCENTER,128.93,,32148.56
2017-11-07,MCDONALD'S,67.24,,32081.32
2017-11-07,TARGET.COM,171.16,,31910.16
2017-11-08,CITY WATER BILL,62.64,,31847.52
2017-11-08,EZ PASS TOLL,32.79,,31814.73
2017-11-09,HOME DEPOT,276.16,,31538.57
2017-11-09,STEAM GAMES,29.42,,31509.15
2017-11-09,AMC THEATRES,27.26,,31481.89
2017-11-09,NETFLIX.COM,54.13,,31427.76
2017-11-10,CHIPOTLE ONLINE,38.37,,31389.39
2017-11-11,SHELL OIL,20.49,,31368.90
2017-11-12,VENMO CASHOUT,,981.42,32350.32
2017-11-12,TRADER JOE'S,126.14,,32224.18
2017-11-13,STARBUCKS STORE,30.14,,32194.04
2017-11-13,ETSY.COM,110.35,,32083.69
2017-11-14,EZ PASS TOLL,24.36,,32059.33
2017-11-14,TARGET.COM,117.54,,31941.79
2017-11-15,BEST BUY,158.15,,31783.64
2017-11-16,CHEVRON,5.74,,31777.90
2017-11-17,BEST BUY,231.06,,31546.84
2017-11-18,ALDI 729,58.22,,31488.62
2017-11-18,DOORDASH*RESTAURANT,75.71,,31412.91
2017-11-18,WALGREENS,204.51,,31208.40
2017-11-19,CHEVRON,33.38,,31175.02
2017-11-20,ALDI 729,82.79,,31092.23
2017-11-20,METRO TRANSIT,23.94,,31068.29
2017-11-21,SUSHI HOUSE,55.39,,31012.90
2017-11-21,METRO TRANSIT,49.79,,30963.11
2017-11-21,HOME DEPOT,218.69,,30744.42
2017-11-21,DISNEYPLUS,35.67,,30708.75
2017-11-22,CITY MEDICAL CLINIC,43.34,,30665.41
2017-11-22,ETSY.COM,74.36,,30591.05
2017-11-23,TRADER JOE'S,77.46,,30513.59
2017-11-23,TARGET.COM,147.99,,30365.60
2017-11-24,COSTCO WHSE,31.85,,30333.75
2017-11-24,SUSHI HOUSE,64.06,,30269.69
2017-11-24,CHEVRON,32.48,,30237.21
2017-11-24,HOME DEPOT,264.85,,29972.36
2017-11-24,DENTAL CARE,155.04,,29817.32
2017-11-26,SHELL OIL,41.77,,29775.55
2017-11-26,TARGET.COM,184.52,,29591.03
2017-11-29,SHELL OIL,30.23,,29560.80
2017-11-30,BEST BUY,67.05,,29493.75
2017-12-01,ACH CREDIT EMPLOYER PAYROLL,,5487.22,34980.97
2017-12-01,TRADER JOE'S,144.68,,34836.29
2017-12-02,CHIPOTLE ONLINE,22.13,,34814.16
2017-12-03,BILL PAY RENT LANDLORD,1414.25,,33399.91
2017-12-03,CHEVRON,38.14,,33361.77
2017-12-04,MCDONALD'S,74.05,,33287.72
2017-12-04,DENTAL CARE,183.18,,33104.54
2017-12-05,ALDI 729,137.42,,32967.12
2017-12-05,NETFLIX.COM,24.58,,32942.54
2017-12-06,SHELL OIL,4.42,,32938.12
2017-12-06,METRO TRANSIT,18.60,,32919.52
2017-12-06,AMAZON.COM,172.61,,32746.91
2017-12-07,SHELL OIL,37.55,,32709.36
2017-12-09,FRESH MARKET,30.90,,32678.46
2017-12-09,DOORDASH*RESTAURANT,73.76,,32604.70
2017-12-09,SUSHI HOUSE,13.87,,32590.83
2017-12-09,IKEA,33.06,,32557.77
2017-12-10,WHOLE FOODS #4821,128.72,,32429.05
2017-12-10,CHEVRON,63.62,,32365.43
2017-12-11,DISNEYPLUS,36.66,,32328.77
2017-12-12,WALGREENS,91.07,,32237.70
2017-12-13,ALDI 729,58.01,,32179.69
2017-12-13,IKEA,177.96,,32001.73
2017-12-14,DOORDASH*RESTAURANT,69.16,,31932.57
2017-12-16,SPOTIFY USA,59.64,,31872.93
2017-12-17,DOORDASH*RESTAURANT,61.85,,31811.08
2017-12-17,CHEVRON,18.46,,31792.62
2017-12-18,ACH CREDIT YEAR END BONUS,,2367.56,34160.18
2017-12-18,COSTCO WHSE,54.58,,34105.60
2017-12-18,ALDI 729,82.72,,34022.88
2017-12-19,CHEVRON,39.47,,33983.41
2017-12-19,STEAM GAMES,41.23,,33942.18
2017-12-20,METRO TRANSIT,69.55,,33872.63
2017-12-21,IKEA,126.61,,33746.02
2017-12-24,COMCAST CABLE,91.39,,33654.63
2017-12-24,GAS UTILITY,182.11,,33472.52
2017-12-24,STARBUCKS STORE,37.84,,33434.68
2017-12-27,TICKETMASTER,34.49,,33400.19
2017-12-28,TRADER JOE'S,112.84,,33287.35
2017-12-28,PARKING GARAGE,43.90,,33243.45
2017-12-30,SUSHI HOUSE,84.81,,33158.64
2017-12-31,MCDONALD'S,7.94,,33150.70
2018-01-01,PIZZA HUT,49.89,,33100.81
2018-01-02,DENTAL CARE,169.01,,32931.80
2018-01-03,ACH CREDIT EMPLOYER PAYROLL,,5763.50,38695.30
2018-01-03,BILL PAY RENT LANDLORD,1438.68,,37256.62
2018-01-03,PARKING GARAGE,62.54,,37194.08
2018-01-03,EZ PASS TOLL,33.04,,37161.04
2018-01-03,NIKE STORE,118.87,,37042.17
2018-01-04,MCDONALD'S,80.90,,36961.27
2018-01-05,GAS UTILITY,125.14,,36836.13
2018-01-05,LYFT RIDE,48.48,,36787.65
2018-01-06,UBER EATS,24.35,,36763.30
2018-01-06,STEAM GAMES,40.85,,36722.45
2018-01-07,DOORDASH*RESTAURANT,52.29,,36670.16
2018-01-08,KROGER #1190,86.21,,36583.95
2018-01-08,IKEA,135.23,,36448.72
2018-01-08,WALGREENS,32.10,,36416.62
2018-01-11,ALDI 729,80.79,,36335.83
2018-01-11,UBER TRIP,38.93,,36296.90
2018-01-12,SHELL OIL,57.16,,36239.74
2018-01-14,WALMART SUPERCENTER,140.31,,36099.43
2018-01-15,LOCAL BISTRO,18.44,,36080.99
2018-01-15,STEAM GAMES,60.79,,36020.20
2018-01-15,INSURANCE ANNUAL PREMIUM,950.77,,35069.43
2018-01-18,UBER TRIP,66.63,,35002.80
2018-01-18,SHELL OIL,63.30,,34939.50
2018-01-19,PLANET FITNESS,14.72,,34924.78
2018-01-20,NIKE STORE,197.32,,34727.46
2018-01-21,ELECTRIC COMPANY,128.85,,34598.61
2018-01-25,COSTCO WHSE,23.64,,34574.97
2018-01-25,AMC THEATRES,29.47,,34545.50
2018-01-26,KROGER #1190,126.96,,34418.54
2018-01-26,ATM WITHDRAWAL,47.91,,34370.63
2018-01-27,MCDONALD'S,54.45,,34316.18
2018-01-27,METRO TRANSIT,30.97,,34285.21
2018-01-27,UBER TRIP,19.33,,34265.88
2018-01-28,TRADER JOE'S,150.07,,34115.81
2018-01-28,SUSHI HOUSE,49.27,,34066.54
2018-01-28,EZ PASS TOLL,11.63,,34054.91
2018-01-29,NETFLIX.COM,42.30,,34012.61
2018-01-31,WALMART SUPERCENTER,114.36,,33898.25
2018-01-31,STARBUCKS STORE,51.77,,33846.48
2018-01-31,TICKETMASTER,29.94,,33816.54
2018-02-01,PLANET FITNESS,118.27,,33698.27
2018-02-02,UBER TRIP,19.73,,33678.54
2018-02-02,APPLE.COM/BILL,183.98,,33494.56
2018-02-03,ACH CREDIT EMPLOYER PAYROLL,,5686.76,39181.32
2018-02-03,BILL PAY RENT LANDLORD,1453.05,,37728.27
2018-02-03,DOORDASH*RESTAURANT,49.66,,37678.61
2018-02-03,EZ PASS TOLL,54.24,,37624.37
2018-02-03,CHEVRON,30.08,,37594.29
2018-02-04,TRADER JOE'S,22.41,,37571.88
2018-02-04,PARKING GARAGE,39.21,,37532.67
2018-02-04,STEAM GAMES,64.46,,37468.21
2018-02-05,SHELL OIL,58.46,,37409.75
2018-02-06,KROGER #1190,113.10,,37296.65
2018-02-06,MCDONALD'S,72.68,,37223.97
2018-02-07,WALMART SUPERCENTER,39.86,,37184.11
2018-02-07,LOCAL BISTRO,62.80,,37121.31
2018-02-08,MCDONALD'S,68.01,,37053.30
2018-02-08,SUSHI HOUSE,15.88,,37037.42
2018-02-10,SHELL OIL,52.07,,36985.35
2018-02-13,AMAZON MKTP,196.22,,36789.13
2018-02-15,MCDONALD'S,40.24,,36748.89
2018-02-16,WALMART SUPERCENTER,25.68,,36723.21
2018-02-18,DISNEYPLUS,61.17,,36662.04
2018-02-19,ELECTRIC COMPANY,169.94,,36492.10
2018-02-19,STARBUCKS STORE,44.62,,36447.48
2018-02-20,ELECTRIC COMPANY,119.31,,36328.17
2018-02-20,VERIZON WIRELESS,43.73,,36284.44
2018-02-20,TRADER JOE'S,159.77,,36124.67
2018-02-20,IKEA,40.59,,36084.08
2018-02-20,CVS/PHARMACY,30.00,,36054.08
2018-02-22,METRO TRANSIT,36.78,,36017.30
2018-02-23,KROGER #1190,159.82,,35857.48
2018-02-24,FRESH MARKET,55.22,,35802.26
2018-02-25,LYFT RIDE,47.11,,35755.15
2018-02-27,HOME DEPOT,138.48,,35616.67
2018-02-28,LYFT RIDE,30.86,,35585.81
2018-02-28,PARKING GARAGE,5.77,,35580.04
2018-03-01,LYFT RIDE,20.67,,35559.37
2018-03-01,SHELL OIL,16.35,,35543.02
2018-03-02,CVS/PHARMACY,112.64,,35430.38
2018-03-03,ACH CREDIT EMPLOYER PAYROLL,,5714.04,41144.42
2018-03-03,BILL PAY RENT LANDLORD,1443.93,,39700.49
2018-03-04,CITY MEDICAL CLINIC,139.59,,39560.90
2018-03-05,PARKING GARAGE,27.36,,39533.54
2018-03-07,WHOLE FOODS #4821,18.33,,39515.21
2018-03-07,DISNEYPLUS,18.40,,39496.81
2018-03-08,WALMART SUPERCENTER,70.09,,39426.72
2018-03-08,LYFT RIDE,10.75,,39415.97
2018-03-09,LOCAL BISTRO,6.14,,39409.83
2018-03-10,EZ PASS TOLL,59.39,,39350.44
2018-03-13,KROGER #1190,107.60,,39242.84
2018-03-13,LOCAL BISTRO,59.92,,39182.92
2018-03-14,PIZZA HUT,63.46,,39119.46
2018-03-14,EZ PASS TOLL,49.99,,39069.47
2018-03-15,ELECTRIC COMPANY,73.54,,38995.93
2018-03-15,EZ PASS TOLL,46.39,,38949.54
2018-03-16,IKEA,267.31,,38682.23
2018-03-16,ZELLE TO FRIEND,251.09,,38431.14
2018-03-17,COMCAST CABLE,90.15,,38340.99
2018-03-17,SUSHI HOUSE,71.18,,38269.81
2018-03-18,ALDI 729,26.87,,38242.94
2018-03-18,EZ PASS TOLL,53.75,,38189.19
2018-03-18,APPLE.COM/BILL,235.51,,37953.68
2018-03-19,WALMART SUPERCENTER,45.32,,37908.36
2018-03-20,LOCAL BISTRO,32.53,,37875.83
2018-03-20,METRO TRANSIT,16.33,,37859.50
2018-03-20,NETFLIX.COM,34.31,,37825.19
2018-03-21,LYFT RIDE,63.68,,37761.51
2018-03-22,DOORDASH*RESTAURANT,12.92,,37748.59
2018-03-23,EZ PASS TOLL,20.73,,37727.86
2018-03-24,UBER EATS,41.77,,37686.09
2018-03-29,PARKING GARAGE,11.31,,37674.78
2018-03-29,LYFT RIDE,61.14,,37613.64
2018-03-30,IKEA,119.77,,37493.87
2018-03-31,FRESH MARKET,71.74,,37422.13
2018-04-01,ACH CREDIT EMPLOYER PAYROLL,,5901.24,43323.37
2018-04-01,FRESH MARKET,120.92,,43202.45
2018-04-01,SHELL OIL,34.83,,43167.62
2018-04-01,EZ PASS TOLL,71.29,,43096.33
2018-04-03,BILL PAY RENT LANDLORD,1425.15,,41671.18
2018-04-03,EZ PASS TOLL,23.37,,41647.81
2018-04-05,GAS UTILITY,166.84,,41480.97
2018-04-05,MCDONALD'S,35.31,,41445.66
2018-04-05,SUSHI HOUSE,59.79,,41385.87
2018-04-07,FRESH MARKET,38.61,,41347.26
2018-04-08,WHOLE FOODS #4821,45.41,,41301.85
2018-04-08,DOORDASH*RESTAURANT,30.66,,41271.19
2018-04-08,PIZZA HUT,31.48,,41239.71
2018-04-10,TARGET.COM,33.20,,41206.51
2018-04-10,AMC THEATRES,25.62,,41180.89
2018-04-11,PAYPAL TRANSFER,,725.34,41906.23
2018-04-11,LYFT RIDE,20.03,,41886.20
2018-04-13,IRS USATAXPYMT,776.61,,41109.59
2018-04-14,EZ PASS TOLL,68.46,,41041.13
2018-04-16,SHELL OIL,67.20,,40973.93
2018-04-18,MCDONALD'S,36.60,,40937.33
2018-04-19,SHELL OIL,24.30,,40913.03
2018-04-21,PIZZA HUT,72.45,,40840.58
2018-04-21,AMAZON MKTP,143.17,,40697.41
2018-04-21,TARGET.COM,29.04,,40668.37
2018-04-22,PIZZA HUT,58.77,,40609.60
2018-04-22,SHELL OIL,18.33,,40591.27
2018-04-22,AMAZON.COM,130.31,,40460.96
2018-04-22,ZELLE TO FRIEND,130.41,,40330.55
2018-04-23,VERIZON WIRELESS,37.68,,40292.87
2018-04-23,WHOLE FOODS #4821,65.70,,40227.17
2018-04-23,AMAZON MKTP,173.79,,40053.38
2018-04-24,SHELL OIL,64.97,,39988.41
2018-04-25,LOCAL BISTRO,16.53,,39971.88
2018-04-27,TRADER JOE'S,79.03,,39892.85
2018-04-27,DENTAL CARE,20.73,,39872.12
2018-04-28,TRADER JOE'S,97.44,,39774.68
2018-04-28,SUSHI HOUSE,58.21,,39716.47
2018-04-29,COSTCO WHSE,47.10,,39669.37
2018-04-29,SHELL OIL,28.71,,39640.66
2018-04-29,CVS/PHARMACY,58.80,,39581.86
2018-04-29,TICKETMASTER,44.78,,39537.08
2018-04-30,WALMART SUPERCENTER,136.87,,39400.21
2018-04-30,PARKING GARAGE,20.11,,39380.10
2018-04-30,METRO TRANSIT,68.61,,39311.49
2018-05-01,CHEVRON,70.56,,39240.93
2018-05-02,ACH CREDIT EMPLOYER PAYROLL,,5600.15,44841.08
2018-05-02,TRADER JOE'S,118.39,,44722.69
2018-05-02,AMC THEATRES,56.76,,44665.93
2018-05-03,BILL PAY RENT LANDLORD,1426.54,,43239.39
2018-05-03,ALDI 729,88.55,,43150.84
2018-05-03,SHELL OIL,66.91,,43083.93
2018-05-03,NETFLIX.COM,46.80,,43037.13
2018-05-04,UBER EATS,17.17,,43019.96
2018-05-05,METRO TRANSIT,52.46,,42967.50
2018-05-06,GAS UTILITY,82.52,,42884.98
2018-05-06,VERIZON WIRELESS,79.31,,42805.67
2018-05-06,NIKE STORE,19.58,,42786.09
2018-05-07,CHEVRON,71.51,,42714.58
2018-05-07,SPOTIFY USA,36.14,,42678.44
2018-05-08,LOCAL BISTRO,21.59,,42656.85
2018-05-10,NIKE STORE,62.10,,42594.75
2018-05-13,IKEA,170.98,,42423.77
2018-05-14,MCDONALD'S,18.21,,42405.56
2018-05-15,ELECTRIC COMPANY,65.74,,42339.82
2018-05-16,AMAZON MKTP,261.50,,42078.32
2018-05-17,FRESH MARKET,143.65,,41934.67
2018-05-18,BEST BUY,68.12,,41866.55
2018-05-19,SHELL OIL,51.20,,41815.35
2018-05-21,KROGER #1190,151.57,,41663.78
2018-05-21,PARKING GARAGE,15.65,,41648.13
2018-05-21,EZ PASS TOLL,7.26,,41640.87
2018-05-21,BEST BUY,71.59,,41569.28
2018-05-21,AMAZON MKTP,250.78,,41318.50
2018-05-21,NETFLIX.COM,33.03,,41285.47
2018-05-22,WHOLE FOODS #4821,62.65,,41222.82
2018-05-23,KROGER #1190,55.94,,41166.88
2018-05-24,ALDI 729,102.03,,41064.85
2018-05-25,MCDONALD'S,54.58,,41010.27
2018-05-25,CHIPOTLE ONLINE,28.10,,40982.17
2018-05-25,METRO TRANSIT,43.79,,40938.38
2018-05-25,PLANET FITNESS,100.46,,40837.92
2018-05-26,METRO TRANSIT,21.23,,40816.69
2018-05-28,FRESH MARKET,45.10,,40771.59
2018-05-28,FRESH MARKET,144.70,,40626.89
2018-05-28,CHIPOTLE ONLINE,13.48,,40613.41
2018-05-29,CITY MEDICAL CLINIC,47.35,,40566.06
2018-05-30,WHOLE FOODS #4821,116.60,,40449.46
2018-05-31,SUSHI HOUSE,46.81,,40402.65
2018-05-31,PARKING GARAGE,58.66,,40343.99
2018-06-01,ACH CREDIT EMPLOYER PAYROLL,,5672.23,46016.22
2018-06-03,BILL PAY RENT LANDLORD,1434.71,,44581.51
2018-06-03,EZ PASS TOLL,39.77,,44541.74
2018-06-03,NETFLIX.COM,57.76,,44483.98
2018-06-05,VERIZON WIRELESS,170.50,,44313.48
2018-06-05,EZ PASS TOLL,37.25,,44276.23
2018-06-06,AMC THEATRES,58.34,,44217.89
2018-06-07,LOCAL BISTRO,63.52,,44154.37
2018-06-08,PARKING GARAGE,58.82,,44095.55
2018-06-09,WHOLE FOODS #4821,111.69,,43983.86
2018-06-10,EZ PASS TOLL,49.96,,43933.90
2018-06-10,METRO TRANSIT,22.30,,43911.60
2018-06-12,TRADER JOE'S,21.94,,43889.66
2018-06-12,TARGET.COM,84.25,,43805.41
2018-06-14,DOORDASH*RESTAURANT,73.87,,43731.54
2018-06-14,LOCAL BISTRO,51.14,,43680.40
2018-06-14,DISNEYPLUS,42.59,,43637.81
2018-06-16,COSTCO WHSE,140.85,,43496.96
2018-06-16,DOORDASH*RESTAURANT,34.27,,43462.69
2018-06-16,HOME DEPOT,183.48,,43279.21
2018-06-18,EZ PASS TOLL,11.56,,43267.65
2018-06-20,COSTCO WHSE,48.58,,43219.07
2018-06-20,LOCAL BISTRO,66.35,,43152.72
2018-06-21,TRADER JOE'S,155.21,,42997.51
2018-06-22,UBER TRIP,64.74,,42932.77
2018-06-22,AMAZON MKTP,62.33,,42870.44
2018-06-24,PARKING GARAGE,4.23,,42866.21
2018-06-24,NIKE STORE,71.44,,42794.77
2018-06-24,DENTAL CARE,29.75,,42765.02
2018-06-24,NETFLIX.COM,39.79,,42725.23
2018-06-25,KROGER #1190,36.79,,42688.44
2018-06-25,PARKING GARAGE,69.21,,42619.23
2018-06-25,PARKING GARAGE,16.85,,42602.38
2018-06-26,COMCAST CABLE,190.71,,42411.67
2018-06-26,SHELL OIL,20.25,,42391.42
2018-06-26,EZ PASS TOLL,48.81,,42342.61
2018-06-26,ATM WITHDRAWAL,118.81,,42223.80
2018-06-28,APPLE.COM/BILL,135.11,,42088.69
2018-07-01,ACH CREDIT EMPLOYER PAYROLL,,5854.74,47943.43
2018-07-02,DISNEYPLUS,51.64,,47891.79
2018-07-03,BILL PAY RENT LANDLORD,1427.92,,46463.87
2018-07-03,LYFT RIDE,20.37,,46443.50
2018-07-04,SUSHI HOUSE,79.92,,46363.58
2018-07-04,SPOTIFY USA,34.06,,46329.52
2018-07-05,VERIZON WIRELESS,79.23,,46250.29
2018-07-05,SHELL OIL,69.68,,46180.61
2018-07-05,ZELLE TO FRIEND,237.63,,45942.98
2018-07-06,ELECTRIC COMPANY,50.55,,45892.43
2018-07-06,UBER TRIP,22.17,,45870.26
2018-07-07,TRADER JOE'S,95.98,,45774.28
2018-07-08,SUSHI HOUSE,10.07,,45764.21
2018-07-09,PARKING GARAGE,10.74,,45753.47
2018-07-10,COMCAST CABLE,105.34,,45648.13
2018-07-10,ALDI 729,93.99,,45554.14
2018-07-10,STEAM GAMES,26.61,,45527.53
2018-07-12,PIZZA HUT,10.56,,45516.97
2018-07-13,WHOLE FOODS #4821,83.69,,45433.28
2018-07-15,TRADER JOE'S,48.45,,45384.83
2018-07-15,TRADER JOE'S,114.81,,45270.02
2018-07-15,MCDONALD'S,6.03,,45263.99
2018-07-15,UBER TRIP,47.93,,45216.06
2018-07-15,AIRLINE TICKET,284.07,,44931.99
2018-07-16,IKEA,25.07,,44906.92
2018-07-17,STARBUCKS STORE,8.85,,44898.07
2018-07-18,GAS UTILITY,39.36,,44858.71
2018-07-19,WALGREENS,195.16,,44663.55
2018-07-21,DOORDASH*RESTAURANT,50.36,,44613.19
2018-07-22,CHEVRON,61.79,,44551.40
2018-07-22,CITY MEDICAL CLINIC,115.44,,44435.96
2018-07-23,COSTCO WHSE,57.63,,44378.33
2018-07-23,NIKE STORE,255.30,,44123.03
2018-07-24,CHIPOTLE ONLINE,29.60,,44093.43
2018-07-25,PARKING GARAGE,20.94,,44072.49
2018-07-25,EZ PASS TOLL,16.61,,44055.88
2018-07-28,WALMART SUPERCENTER,92.63,,43963.25
2018-07-28,METRO TRANSIT,48.67,,43914.58
2018-07-28,DISNEYPLUS,48.76,,43865.82
2018-07-29,WALMART SUPERCENTER,84.46,,43781.36
2018-07-29,AMAZON MKTP,141.03,,43640.33
2018-07-30,WALGREENS,133.57,,43506.76
2018-07-31,SHELL OIL,48.23,,43458.53
2018-08-01,ACH CREDIT EMPLOYER PAYROLL,,5688.92,49147.45
2018-08-01,ALDI 729,60.00,,49087.45
2018-08-01,APPLE.COM/BILL,260.04,,48827.41
2018-08-03,BILL PAY RENT LANDLORD,1456.14,,47371.27
2018-08-03,TRADER JOE'S,33.08,,47338.19
2018-08-03,HOME DEPOT,86.46,,47251.73
2018-08-05,TRADER JOE'S,99.35,,47152.38
2018-08-06,ALDI 729,126.12,,47026.26
2018-08-06,EZ PASS TOLL,53.10,,46973.16
2018-08-06,DENTAL CARE,110.94,,46862.22
2018-08-08,DISNEYPLUS,47.52,,46814.70
2018-08-09,LYFT RIDE,10.36,,46804.34
2018-08-10,CITY WATER BILL,111.69,,46692.65
2018-08-10,AMC THEATRES,46.48,,46646.17
2018-08-11,ALDI 729,90.18,,46555.99
2018-08-12,DOORDASH*RESTAURANT,6.21,,46549.78
2018-08-13,EZ PASS TOLL,51.13,,46498.65
2018-08-13,EZ PASS TOLL,42.93,,46455.72
2018-08-13,DISNEYPLUS,59.70,,46396.02
2018-08-14,CITY WATER BILL,179.36,,46216.66
2018-08-14,LOCAL BISTRO,43.65,,46173.01
2018-08-14,UBER EATS,60.00,,46113.01
2018-08-14,AMAZON MKTP,79.55,,46033.46
2018-08-14,SPOTIFY USA,20.70,,46012.76
2018-08-15,AIRLINE TICKET,301.00,,45711.76
2018-08-18,ATM WITHDRAWAL,130.82,,45580.94
2018-08-20,PARKING GARAGE,12.43,,45568.51
2018-08-22,TRADER JOE'S,60.62,,45507.89
2018-08-25,TRADER JOE'S,144.39,,45363.50
2018-08-25,AMAZON MKTP,119.83,,45243.67
2018-08-26,VERIZON WIRELESS,47.26,,45196.41
2018-08-26,WALMART SUPERCENTER,47.23,,45149.18
2018-08-28,FRESH MARKET,55.63,,45093.55
2018-08-28,PIZZA HUT,57.32,,45036.23
2018-08-28,LYFT RIDE,70.14,,44966.09
2018-08-28,SHELL OIL,4.19,,44961.90
2018-08-28,EZ PASS TOLL,50.89,,44911.01
2018-08-28,METRO TRANSIT,27.16,,44883.85
2018-08-28,CVS/PHARMACY,154.65,,44729.20
2018-08-30,SUSHI HOUSE,66.07,,44663.13
2018-08-31,UBER EATS,34.13,,44629.00
2018-09-01,STARBUCKS STORE,52.54,,44576.46
2018-09-01,METRO TRANSIT,67.99,,44508.47
2018-09-01,AMAZON MKTP,147.95,,44360.52
2018-09-02,DISNEYPLUS,32.52,,44328.00
2018-09-03,ACH CREDIT EMPLOYER PAYROLL,,5757.95,50085.95
2018-09-03,BILL PAY RENT LANDLORD,1435.00,,48650.95
2018-09-03,FRESH MARKET,104.77,,48546.18
2018-09-03,APPLE.COM/BILL,135.77,,48410.41
2018-09-06,SUSHI HOUSE,31.43,,48378.98
2018-09-07,WALMART SUPERCENTER,75.36,,48303.62
2018-09-07,MCDONALD'S,19.13,,48284.49
2018-09-07,PARKING GARAGE,19.74,,48264.75
2018-09-07,ATM WITHDRAWAL,50.43,,48214.32
2018-09-09,VERIZON WIRELESS,48.30,,48166.02
2018-09-10,GAS UTILITY,57.85,,48108.17
2018-09-10,LYFT RIDE,49.40,,48058.77
2018-09-10,SPOTIFY USA,16.97,,48041.80
2018-09-11,ELECTRIC COMPANY,173.24,,47868.56
2018-09-11,TRADER JOE'S,133.30,,47735.26
2018-09-16,PIZZA HUT,47.08,,47688.18
2018-09-17,PLANET FITNESS,148.39,,47539.79
2018-09-17,TICKETMASTER,13.95,,47525.84
2018-09-18,WHOLE FOODS #4821,112.49,,47413.35
2018-09-19,FRESH MARKET,143.52,,47269.83
2018-09-19,CHEVRON,59.11,,47210.72
2018-09-20,UBER TRIP,50.63,,47160.09
2018-09-20,BEST BUY,57.81,,47102.28
2018-09-21,UBER TRIP,57.36,,47044.92
2018-09-22,PIZZA HUT,26.96,,47017.96
2018-09-22,TICKETMASTER,59.49,,46958.47
2018-09-23,COSTCO WHSE,102.11,,46856.36
2018-09-24,SHELL OIL,24.37,,46831.99
2018-09-24,CHEVRON,4.71,,46827.28
2018-09-25,STARBUCKS STORE,78.80,,46748.48
2018-09-27,COSTCO WHSE,84.34,,46664.14
2018-09-27,PLANET FITNESS,66.05,,46598.09
2018-09-30,SHELL OIL,33.00,,46565.09
2018-09-30,AMAZON.COM,251.64,,46313.45
2018-10-01,ACH CREDIT EMPLOYER PAYROLL,,5825.81,52139.26
2018-10-02,EZ PASS TOLL,4.76,,52134.50
2018-10-02,TICKETMASTER,64.51,,52069.99
2018-10-03,BILL PAY RENT LANDLORD,1440.75,,50629.24
2018-10-04,WALMART SUPERCENTER,157.54,,50471.70
2018-10-05,IKEA,222.67,,50249.03
2018-10-06,SUSHI HOUSE,42.83,,50206.20
2018-10-06,APPLE.COM/BILL,43.99,,50162.21
2018-10-07,CITY MEDICAL CLINIC,150.82,,50011.39
2018-10-08,SHELL OIL,54.02,,49957.37
2018-10-09,VERIZON WIRELESS,151.01,,49806.36
2018-10-09,EZ PASS TOLL,41.60,,49764.76
2018-10-09,PARKING GARAGE,35.68,,49729.08
2018-10-10,COSTCO WHSE,126.44,,49602.64
2018-10-12,COSTCO WHSE,81.80,,49520.84
2018-10-14,LOCAL BISTRO,17.36,,49503.48
2018-10-15,NETFLIX.COM,42.14,,49461.34
2018-10-16,SUSHI HOUSE,59.09,,49402.25
2018-10-16,PIZZA HUT,83.31,,49318.94
2018-10-16,SHELL OIL,61.58,,49257.36
2018-10-18,HOME DEPOT,160.80,,49096.56
2018-10-18,TARGET.COM,91.74,,49004.82
2018-10-19,CHIPOTLE ONLINE,32.85,,48971.97
2018-10-20,SUSHI HOUSE,49.86,,48922.11
2018-10-21,VERIZON WIRELESS,189.81,,48732.30
2018-10-21,CHIPOTLE ONLINE,50.11,,48682.19
2018-10-22,CHEVRON,30.33,,48651.86
2018-10-22,SHELL OIL,29.34,,48622.52
2018-10-22,CHEVRON,24.30,,48598.22
2018-10-23,LOCAL BISTRO,31.12,,48567.10
2018-10-23,EZ PASS TOLL,19.38,,48547.72
2018-10-24,TRADER JOE'S,20.64,,48527.08
2018-10-24,METRO TRANSIT,46.72,,48480.36
2018-10-25,PLANET FITNESS,65.22,,48415.14
2018-10-26,ELECTRIC COMPANY,100.41,,48314.73
2018-10-26,CITY MEDICAL CLINIC,69.85,,48244.88
2018-10-26,AMC THEATRES,39.39,,48205.49
2018-10-27,WALMART SUPERCENTER,96.50,,48108.99
2018-10-28,CHIPOTLE ONLINE,76.07,,48032.92
2018-10-29,METRO TRANSIT,19.26,,48013.66
2018-10-29,LYFT RIDE,68.47,,47945.19
2018-10-29,STEAM GAMES,29.02,,47916.17
2018-10-30,COSTCO WHSE,92.88,,47823.29
2018-10-30,LYFT RIDE,5.66,,47817.63
2018-10-31,STARBUCKS STORE,9.83,,47807.80
2018-10-31,METRO TRANSIT,42.32,,47765.48
2018-11-01,ACH CREDIT EMPLOYER PAYROLL,,5652.45,53417.93
2018-11-01,TARGET.COM,47.19,,53370.74
2018-11-02,UBER TRIP,64.89,,53305.85
2018-11-02,CITY MEDICAL CLINIC,118.68,,53187.17
2018-11-03,BILL PAY RENT LANDLORD,1451.27,,51735.90
2018-11-03,COSTCO WHSE,66.88,,51669.02
2018-11-04,SHELL OIL,28.59,,51640.43
2018-11-05,DOORDASH*RESTAURANT,36.18,,51604.25
2018-11-05,DENTAL CARE,118.24,,51486.01
2018-11-07,COSTCO WHSE,46.51,,51439.50
2018-11-07,LOCAL BISTRO,84.50,,51355.00
2018-11-07,TICKETMASTER,47.46,,51307.54
2018-11-08,PAYPAL TRANSFER,,860.36,52167.90
2018-11-09,CHEVRON,53.11,,52114.79
2018-11-09,BEST BUY,92.64,,52022.15
2018-11-10,WALMART SUPERCENTER,96.45,,51925.70
2018-11-10,TARGET.COM,83.37,,51842.33
2018-11-10,BEST BUY,206.68,,51635.65
2018-11-11,ZELLE TO FRIEND,180.80,,51454.85
2018-11-13,ALDI 729,88.03,,51366.82
2018-11-14,ELECTRIC COMPANY,120.43,,51246.39
2018-11-14,MCDONALD'S,33.90,,51212.49
2018-11-16,VERIZON WIRELESS,132.35,,51080.14
2018-11-16,LYFT RIDE,56.89,,51023.25
2018-11-17,CVS/PHARMACY,17.01,,51006.24
2018-11-18,COMCAST CABLE,155.36,,50850.88
2018-11-18,TRADER JOE'S,77.23,,50773.65
2018-11-18,HOME DEPOT,121.47,,50652.18
2018-11-20,WHOLE FOODS #4821,128.91,,50523.27
2018-11-20,DOORDASH*RESTAURANT,62.39,,50460.88
2018-11-23,HOME DEPOT,28.62,,50432.26
2018-11-23,ETSY.COM,66.41,,50365.85
2018-11-24,PARKING GARAGE,17.01,,50348.84
2018-11-25,CHEVRON,42.44,,50306.40
2018-11-26,AMAZON MKTP,144.61,,50161.79
2018-11-26,AMAZON.COM,150.06,,50011.73
2018-11-27,STARBUCKS STORE,62.77,,49948.96
2018-11-27,CHEVRON,55.79,,49893.17
2018-11-27,BEST BUY,41.37,,49851.80
2018-11-28,COSTCO WHSE,86.18,,49765.62
2018-11-28,EZ PASS TOLL,40.24,,49725.38
2018-11-29,TRADER JOE'S,69.94,,49655.44
2018-11-29,ALDI 729,115.11,,49540.33
2018-11-30,STARBUCKS STORE,10.23,,49530.10
2018-11-30,AMC THEATRES,21.37,,49508.73
2018-11-30,TICKETMASTER,43.72,,49465.01
2018-12-02,ACH CREDIT EMPLOYER PAYROLL,,5605.28,55070.29
2018-12-03,BILL PAY RENT LANDLORD,1449.54,,53620.75
2018-12-03,ATM WITHDRAWAL,235.80,,53384.95
2018-12-04,UBER TRIP,15.78,,53369.17
2018-12-05,CITY WATER BILL,167.88,,53201.29
2018-12-05,EZ PASS TOLL,34.09,,53167.20
2018-12-06,SHELL OIL,36.66,,53130.54
2018-12-07,ALDI 729,122.80,,53007.74
2018-12-07,SHELL OIL,59.14,,52948.60
2018-12-08,LOCAL BISTRO,68.16,,52880.44
2018-12-09,UBER TRIP,68.91,,52811.53
2018-12-10,VERIZON WIRELESS,127.93,,52683.60
2018-12-11,KROGER #1190,58.15,,52625.45
2018-12-11,METRO TRANSIT,70.50,,52554.95
2018-12-11,BEST BUY,38.42,,52516.53
2018-12-13,LOCAL BISTRO,82.59,,52433.94
2018-12-13,CHEVRON,36.45,,52397.49
2018-12-14,HOME DEPOT,159.40,,52238.09
2018-12-15,UBER TRIP,65.19,,52172.90
2018-12-15,DENTAL CARE,204.98,,51967.92
2018-12-16,LYFT RIDE,11.03,,51956.89
2018-12-18,METRO TRANSIT,38.53,,51918.36
2018-12-19,SPOTIFY USA,13.87,,51904.49
2018-12-20,ACH CREDIT YEAR END BONUS,,1254.78,53159.27
2018-12-20,BEST BUY,154.33,,53004.94
2018-12-21,KROGER #1190,66.32,,52938.62
2018-12-21,EZ PASS TOLL,52.62,,52886.00
2018-12-22,UBER EATS,71.29,,52814.71
2018-12-23,FRESH MARKET,50.92,,52763.79
2018-12-25,MCDONALD'S,27.88,,52735.91
2018-12-25,STARBUCKS STORE,23.33,,52712.58
2018-12-26,FRESH MARKET,128.76,,52583.82
2018-12-27,STARBUCKS STORE,48.07,,52535.75
2018-12-27,APPLE.COM/BILL,104.92,,52430.83
2018-12-27,WALGREENS,146.29,,52284.54
2018-12-28,CVS/PHARMACY,86.46,,52198.08
2018-12-29,SPOTIFY USA,57.49,,52140.59
2018-12-29,AMC THEATRES,62.69,,52077.90
2018-12-30,KROGER #1190,106.83,,51971.07
2018-12-30,WALMART SUPERCENTER,100.22,,51870.85
2018-12-31,SUSHI HOUSE,20.59,,51850.26
2019-01-02,ACH CREDIT EMPLOYER PAYROLL,,6091.90,57942.16
2019-01-02,SHELL OIL,70.39,,57871.77
2019-01-02,DENTAL CARE,188.57,,57683.20
2019-01-02,SPOTIFY USA,42.58,,57640.62
2019-01-02,TICKETMASTER,56.79,,57583.83
2019-01-03,BILL PAY RENT LANDLORD,1483.67,,56100.16
2019-01-03,EZ PASS TOLL,50.19,,56049.97
2019-01-04,WHOLE FOODS #4821,152.80,,55897.17
2019-01-04,WHOLE FOODS #4821,128.04,,55769.13
2019-01-04,NIKE STORE,194.99,,55574.14
2019-01-06,METRO TRANSIT,24.69,,55549.45
2019-01-09,STARBUCKS STORE,52.08,,55497.37
2019-01-10,SHELL OIL,41.73,,55455.64
2019-01-10,STEAM GAMES,40.98,,55414.66
2019-01-13,WHOLE FOODS #4821,25.53,,55389.13
2019-01-13,ALDI 729,21.91,,55367.22
2019-01-13,CHEVRON,8.62,,55358.60
2019-01-14,CHIPOTLE ONLINE,52.24,,55306.36
2019-01-15,ELECTRIC COMPANY,171.78,,55134.58
2019-01-15,TRADER JOE'S,56.70,,55077.88
2019-01-15,SHELL OIL,7.02,,55070.86
2019-01-15,INSURANCE ANNUAL PREMIUM,1048.36,,54022.50
2019-01-20,UBER EATS,51.53,,53970.97
2019-01-20,UBER TRIP,56.32,,53914.65
2019-01-20,IKEA,41.78,,53872.87
2019-01-21,LYFT RIDE,55.57,,53817.30
2019-01-21,EZ PASS TOLL,23.30,,53794.00
2019-01-23,GAS UTILITY,169.34,,53624.66
2019-01-23,COSTCO WHSE,57.29,,53567.37
2019-01-24,HOME DEPOT,93.76,,53473.61
2019-01-25,ALDI 729,64.82,,53408.79
2019-01-25,STARBUCKS STORE,39.67,,53369.12
2019-01-25,CHEVRON,60.30,,53308.82
2019-01-28,PARKING GARAGE,23.34,,53285.48
2019-01-28,CVS/PHARMACY,176.82,,53108.66
2019-01-29,MCDONALD'S,41.31,,53067.35
2019-01-29,HOME DEPOT,177.78,,52889.57
2019-01-31,FRESH MARKET,43.69,,52845.88
2019-01-31,IKEA,239.58,,52606.30
2019-02-02,ACH CREDIT EMPLOYER PAYROLL,,5953.31,58559.61
2019-02-02,ALDI 729,27.95,,58531.66
2019-02-02,STARBUCKS STORE,7.17,,58524.49
2019-02-02,UBER EATS,12.98,,58511.51
2019-02-03,BILL PAY RENT LANDLORD,1477.16,,57034.35
2019-02-03,SHELL OIL,64.03,,56970.32
2019-02-03,TARGET.COM,258.94,,56711.38
2019-02-04,WHOLE FOODS #4821,121.94,,56589.44
2019-02-07,WALMART SUPERCENTER,39.81,,56549.63
2019-02-08,HOME DEPOT,273.44,,56276.19
2019-02-09,LYFT RIDE,36.27,,56239.92
2019-02-09,AMAZON MKTP,245.05,,55994.87
2019-02-10,WALMART SUPERCENTER,102.04,,55892.83
2019-02-10,SUSHI HOUSE,42.19,,55850.64
2019-02-10,SPOTIFY USA,47.59,,55803.05
2019-02-11,ACH CREDIT FREELANCE,,1042.28,56845.33
2019-02-11,SUSHI HOUSE,19.21,,56826.12
2019-02-11,WALGREENS,129.81,,56696.31
2019-02-12,WHOLE FOODS #4821,128.45,,56567.86
2019-02-12,DENTAL CARE,167.78,,56400.08
2019-02-14,ZELLE TO FRIEND,55.50,,56344.58
2019-02-15,KROGER #1190,83.60,,56260.98
2019-02-15,KROGER #1190,63.64,,56197.34
2019-02-15,EZ PASS TOLL,30.34,,56167.00
2019-02-15,EZ PASS TOLL,4.64,,56162.36
2019-02-15,UBER TRIP,35.46,,56126.90
2019-02-16,PARKING GARAGE,49.21,,56077.69
2019-02-17,COMCAST CABLE,118.57,,55959.12
2019-02-17,CHEVRON,25.46,,55933.66
2019-02-17,LYFT RIDE,32.41,,55901.25
2019-02-17,BEST BUY,87.18,,55814.07
2019-02-18,PIZZA HUT,10.23,,55803.84
2019-02-18,IKEA,136.17,,55667.67
2019-02-18,NETFLIX.COM,12.28,,55655.39
2019-02-20,WALMART SUPERCENTER,100.76,,55554.63
2019-02-22,COMCAST CABLE,152.47,,55402.16
2019-02-22,CHEVRON,70.57,,55331.59
2019-02-23,METRO TRANSIT,55.86,,55275.73
2019-02-23,AMAZON MKTP,27.47,,55248.26
2019-02-26,CITY MEDICAL CLINIC,193.93,,55054.33
2019-02-27,WHOLE FOODS #4821,115.73,,54938.60
2019-02-28,CHEVRON,71.04,,54867.56
2019-02-28,NETFLIX.COM,45.86,,54821.70
2019-03-01,ACH CREDIT EMPLOYER PAYROLL,,5965.84,60787.54
2019-03-01,DISNEYPLUS,39.20,,60748.34
2019-03-02,METRO TRANSIT,65.86,,60682.48
2019-03-02,TICKETMASTER,45.93,,60636.55
2019-03-02,STEAM GAMES,49.11,,60587.44
2019-03-03,BILL PAY RENT LANDLORD,1502.56,,59084.88
2019-03-03,WHOLE FOODS #4821,135.98,,58948.90
2019-03-05,METRO TRANSIT,51.41,,58897.49
2019-03-06,WHOLE FOODS #4821,104.40,,58793.09
2019-03-06,LYFT RIDE,17.08,,58776.01
2019-03-06,TARGET.COM,100.24,,58675.77
2019-03-07,LYFT RIDE,32.43,,58643.34
2019-03-08,WHOLE FOODS #4821,31.52,,58611.82
2019-03-08,DOORDASH*RESTAURANT,16.97,,58594.85
2019-03-08,CHEVRON,64.14,,58530.71
2019-03-09,UBER TRIP,23.34,,58507.37
2019-03-10,APPLE.COM/BILL,263.22,,58244.15
2019-03-12,EZ PASS TOLL,38.40,,58205.75
2019-03-13,CITY WATER BILL,140.36,,58065.39
2019-03-13,IKEA,243.33,,57822.06
2019-03-13,DENTAL CARE,189.24,,57632.82
2019-03-14,KROGER #1190,119.72,,57513.10
2019-03-15,KROGER #1190,129.64,,57383.46
2019-03-15,LOCAL BISTRO,79.18,,57304.28
2019-03-15,NETFLIX.COM,35.89,,57268.39
2019-03-17,EZ PASS TOLL,45.71,,57222.68
2019-03-17,BEST BUY,244.65,,56978.03
2019-03-18,VERIZON WIRELESS,190.26,,56787.77
2019-03-19,CHIPOTLE ONLINE,15.77,,56772.00
2019-03-21,CHEVRON,40.99,,56731.01
2019-03-21,UBER TRIP,34.08,,56696.93
2019-03-22,ELECTRIC COMPANY,72.16,,56624.77
2019-03-23,GAS UTILITY,88.52,,56536.25
2019-03-23,MCDONALD'S,78.92,,56457.33
2019-03-23,BEST BUY,128.27,,56329.06
2019-03-23,NETFLIX.COM,43.92,,56285.14
2019-03-26,ALDI 729,149.08,,56136.06
2019-03-26,LOCAL BISTRO,57.72,,56078.34
2019-03-28,MCDONALD'S,34.66,,56043.68
2019-03-30,COSTCO WHSE,24.05,,56019.63
2019-03-30,TRADER JOE'S,39.75,,55979.88
2019-03-30,KROGER #1190,113.16,,55866.72
2019-03-30,DOORDASH*RESTAURANT,9.65,,55857.07
2019-03-30,CITY MEDICAL CLINIC,104.86,,55752.21
2019-04-01,ACH CREDIT EMPLOYER PAYROLL,,5972.32,61724.53
2019-04-01,CHEVRON,54.14,,61670.39
2019-04-02,TARGET.COM,245.40,,61424.99
2019-04-03,BILL PAY RENT LANDLORD,1471.91,,59953.08
2019-04-04,WALMART SUPERCENTER,141.27,,59811.81
2019-04-04,SHELL OIL,11.31,,59800.50
2019-04-05,COMCAST CABLE,125.44,,59675.06
2019-04-06,UBER TRIP,54.45,,59620.61
2019-04-08,MCDONALD'S,10.57,,59610.04
2019-04-08,TICKETMASTER,37.60,,59572.44
2019-04-10,UBER TRIP,48.30,,59524.14
2019-04-11,VERIZON WIRELESS,137.69,,59386.45
2019-04-11,METRO TRANSIT,60.71,,59325.74
2019-04-11,APPLE.COM/BILL,130.74,,59195.00
2019-04-12,IRS USATAXPYMT,231.77,,58963.23
2019-04-13,WHOLE FOODS #4821,136.74,,58826.49
2019-04-13,WALGREENS,39.38,,58787.11
2019-04-14,TRADER JOE'S,39.52,,58747.59
2019-04-14,MCDONALD'S,22.55,,58725.04
2019-04-15,FRESH MARKET,53.37,,58671.67
2019-04-17,SUSHI HOUSE,79.67,,58592.00
2019-04-17,NIKE STORE,36.62,,58555.38
2019-04-19,CITY WATER BILL,62.33,,58493.05
2019-04-19,LOCAL BISTRO,22.40,,58470.65
2019-04-19,STARBUCKS STORE,20.06,,58450.59
2019-04-21,EZ PASS TOLL,30.80,,58419.79
2019-04-21,SHELL OIL,14.27,,58405.52
2019-04-22,CITY MEDICAL CLINIC,132.02,,58273.50
2019-04-23,KROGER #1190,107.99,,58165.51
2019-04-23,EZ PASS TOLL,27.25,,58138.26
2019-04-23,CHEVRON,16.40,,58121.86
2019-04-23,STEAM GAMES,43.07,,58078.79
2019-04-24,FRESH MARKET,143.70,,57935.09
2019-04-25,PAYPAL TRANSFER,,662.71,58597.80
2019-04-25,GAS UTILITY,77.63,,58520.17
2019-04-25,KROGER #1190,147.95,,58372.22
2019-04-25,SPOTIFY USA,26.25,,58345.97
2019-04-26,CHEVRON,27.54,,58318.43
2019-04-27,FRESH MARKET,27.46,,58290.97
2019-04-27,CHIPOTLE ONLINE,29.32,,58261.65
2019-04-27,STEAM GAMES,11.73,,58249.92
2019-04-28,LOCAL BISTRO,44.02,,58205.90
2019-04-29,PARKING GARAGE,6.05,,58199.85
2019-04-30,ZELLE TO FRIEND,43.56,,58156.29
2019-05-01,ACH CREDIT EMPLOYER PAYROLL,,5863.31,64019.60
2019-05-01,SUSHI HOUSE,16.88,,64002.72
2019-05-01,STARBUCKS STORE,59.85,,63942.87
2019-05-01,PARKING GARAGE,71.68,,63871.19
2019-05-02,KROGER #1190,85.52,,63785.67
2019-05-03,BILL PAY RENT LANDLORD,1485.44,,62300.23
2019-05-03,PIZZA HUT,36.85,,62263.38
2019-05-05,GAS UTILITY,128.76,,62134.62
2019-05-06,ALDI 729,22.12,,62112.50
2019-05-07,METRO TRANSIT,27.47,,62085.03
2019-05-08,AMAZON MKTP,55.07,,62029.96
2019-05-10,UBER TRIP,66.83,,61963.13
2019-05-11,SPOTIFY USA,21.99,,61941.14
2019-05-12,MCDONALD'S,30.32,,61910.82
2019-05-14,METRO TRANSIT,19.58,,61891.24
2019-05-14,EZ PASS TOLL,25.74,,61865.50
2019-05-14,TICKETMASTER,63.73,,61801.77
2019-05-15,VERIZON WIRELESS,134.37,,61667.40
2019-05-15,STARBUCKS STORE,16.26,,61651.14
2019-05-15,NIKE STORE,236.79,,61414.35
2019-05-15,CVS/PHARMACY,214.84,,61199.51
2019-05-16,WHOLE FOODS #4821,31.97,,61167.54
2019-05-16,DOORDASH*RESTAURANT,34.74,,61132.80
2019-05-16,UBER TRIP,49.30,,61083.50
2019-05-17,CITY WATER BILL,191.66,,60891.84
2019-05-18,MCDONALD'S,8.82,,60883.02
2019-05-18,NETFLIX.COM,26.74,,60856.28
2019-05-19,ACH CREDIT FREELANCE,,1190.63,62046.91
2019-05-19,FRESH MARKET,150.70,,61896.21
2019-05-19,PIZZA HUT,58.21,,61838.00
2019-05-22,COSTCO WHSE,51.43,,61786.57
2019-05-22,NETFLIX.COM,19.14,,61767.43
2019-05-23,WALMART SUPERCENTER,112.98,,61654.45
2019-05-23,PARKING GARAGE,24.55,,61629.90
2019-05-24,SHELL OIL,17.35,,61612.55
2019-05-24,UBER TRIP,6.61,,61605.94
2019-05-25,UBER TRIP,70.88,,61535.06
2019-05-25,DENTAL CARE,10.21,,61524.85
2019-05-26,MCDONALD'S,41.23,,61483.62
2019-05-26,CHEVRON,14.80,,61468.82
2019-05-28,BEST BUY,86.51,,61382.31
2019-05-28,HOME DEPOT,57.09,,61325.22
2019-05-28,VENMO PAYMENT,70.04,,61255.18
2019-05-30,ALDI 729,119.46,,61135.72
2019-05-30,LYFT RIDE,34.33,,61101.39
2019-06-01,PIZZA HUT,23.96,,61077.43
2019-06-03,ACH CREDIT EMPLOYER PAYROLL,,5821.59,66899.02
2019-06-03,BILL PAY RENT LANDLORD,1492.72,,65406.30
2019-06-03,STARBUCKS STORE,23.37,,65382.93
2019-06-06,TRADER JOE'S,127.63,,65255.30
2019-06-06,CHIPOTLE ONLINE,75.89,,65179.41
2019-06-06,SPOTIFY USA,41.56,,65137.85
2019-06-07,WALMART SUPERCENTER,77.42,,65060.43
2019-06-07,TRADER JOE'S,115.10,,64945.33
2019-06-07,MCDONALD'S,66.46,,64878.87
2019-06-07,UBER TRIP,61.18,,64817.69
2019-06-08,UBER TRIP,54.43,,64763.26
2019-06-09,UBER EATS,10.73,,64752.53
2019-06-10,CHEVRON,36.15,,64716.38
2019-06-13,ALDI 729,30.17,,64686.21
2019-06-15,FRESH MARKET,44.36,,64641.85
2019-06-16,DISNEYPLUS,47.94,,64593.91
2019-06-18,LYFT RIDE,10.16,,64583.75
2019-06-18,METRO TRANSIT,8.17,,64575.58
2019-06-19,COMCAST CABLE,121.28,,64454.30
2019-06-20,UBER TRIP,58.26,,64396.04
2019-06-21,DISNEYPLUS,55.23,,64340.81
2019-06-22,VERIZON WIRELESS,166.50,,64174.31
2019-06-22,UBER TRIP,11.53,,64162.78
2019-06-22,UBER TRIP,16.95,,64145.83
2019-06-23,TRADER JOE'S,137.59,,64008.24
2019-06-23,NIKE STORE,268.61,,63739.63
2019-06-23,AMAZON MKTP,64.05,,63675.58
2019-06-23,CVS/PHARMACY,91.04,,63584.54
2019-06-24,ELECTRIC COMPANY,121.10,,63463.44
2019-06-25,TARGET.COM,260.89,,63202.55
2019-06-27,METRO TRANSIT,13.00,,63189.55
2019-06-28,WHOLE FOODS #4821,31.51,,63158.04
2019-06-29,BEST BUY,92.16,,63065.88
2019-06-29,PLANET FITNESS,97.31,,62968.57
2019-07-01,ACH CREDIT EMPLOYER PAYROLL,,6028.73,68997.30
2019-07-01,LOCAL BISTRO,34.44,,68962.86
2019-07-02,STEAM GAMES,64.11,,68898.75
2019-07-03,BILL PAY RENT LANDLORD,1496.74,,67402.01
2019-07-03,FRESH MARKET,54.96,,67347.05
2019-07-03,PIZZA HUT,16.43,,67330.62
2019-07-04,LYFT RIDE,37.94,,67292.68
2019-07-04,PLANET FITNESS,114.79,,67177.89
2019-07-05,CITY WATER BILL,71.58,,67106.31
2019-07-07,DOORDASH*RESTAURANT,75.71,,67030.60
2019-07-07,CHEVRON,9.89,,67020.71
2019-07-10,ALDI 729,112.32,,66908.39
2019-07-10,KROGER #1190,90.89,,66817.50
2019-07-10,SHELL OIL,50.68,,66766.82
2019-07-11,ALDI 729,133.37,,66633.45
2019-07-13,CITY WATER BILL,71.81,,66561.64
2019-07-13,COMCAST CABLE,110.17,,66451.47
2019-07-13,PARKING GARAGE,67.67,,66383.80
2019-07-14,STARBUCKS STORE,52.68,,66331.12
2019-07-14,UBER TRIP,47.56,,66283.56
2019-07-14,PARKING GARAGE,33.56,,66250.00
2019-07-15,BEST BUY,215.89,,66034.11
2019-07-16,MCDONALD'S,15.11,,66019.00
2019-07-17,DOORDASH*RESTAURANT,47.45,,65971.55
2019-07-17,UBER EATS,64.96,,65906.59
2019-07-17,HOTEL BOOKING,754.19,,65152.40
2019-07-20,COSTCO WHSE,54.73,,65097.67
2019-07-20,TRADER JOE'S,40.24,,65057.43
2019-07-21,NIKE STORE,273.97,,64783.46
2019-07-22,ALDI 729,157.92,,64625.54
2019-07-22,SPOTIFY USA,64.63,,64560.91
2019-07-23,EZ PASS TOLL,42.00,,64518.91
2019-07-24,SHELL OIL,68.70,,64450.21
2019-07-24,HOME DEPOT,255.77,,64194.44
2019-07-27,COSTCO WHSE,60.04,,64134.40
2019-07-27,LOCAL BISTRO,56.75,,64077.65
2019-07-29,EZ PASS TOLL,65.71,,64011.94
2019-07-30,ALDI 729,37.06,,63974.88
2019-07-30,METRO TRANSIT,28.44,,63946.44
2019-07-31,UBER TRIP,10.60,,63935.84
2019-07-31,UBER TRIP,35.73,,63900.11
2019-07-31,TARGET.COM,227.95,,63672.16
2019-07-31,ZELLE TO FRIEND,216.25,,63455.91
2019-08-02,ACH CREDIT EMPLOYER PAYROLL,,5969.76,69425.67
2019-08-03,BILL PAY RENT LANDLORD,1467.08,,67958.59
2019-08-03,LOCAL BISTRO,55.61,,67902.98
2019-08-04,LOCAL BISTRO,52.60,,67850.38
2019-08-06,MCDONALD'S,67.51,,67782.87
2019-08-07,AMAZON.COM,125.10,,67657.77
2019-08-08,CITY WATER BILL,166.67,,67491.10
2019-08-08,KROGER #1190,43.32,,67447.78
2019-08-08,KROGER #1190,50.89,,67396.89
2019-08-10,TRADER JOE'S,129.14,,67267.75
2019-08-11,SUSHI HOUSE,47.51,,67220.24
2019-08-11,PARKING GARAGE,38.02,,67182.22
2019-08-11,NETFLIX.COM,55.94,,67126.28
2019-08-12,VERIZON WIRELESS,97.82,,67028.46
2019-08-12,UBER TRIP,8.02,,67020.44
2019-08-12,NETFLIX.COM,25.37,,66995.07
2019-08-13,SHELL OIL,47.07,,66948.00
2019-08-13,HOME DEPOT,67.80,,66880.20
2019-08-13,BEST BUY,130.26,,66749.94
2019-08-14,TRADER JOE'S,37.80,,66712.14
2019-08-14,AMAZON.COM,272.99,,66439.15
2019-08-15,FRESH MARKET,124.66,,66314.49
2019-08-15,METRO TRANSIT,27.15,,66287.34
2019-08-15,AMC THEATRES,41.77,,66245.57
2019-08-19,MCDONALD'S,82.90,,66162.67
2019-08-21,VENMO CASHOUT,,600.07,66762.74
2019-08-22,FRESH MARKET,73.07,,66689.67
2019-08-22,EZ PASS TOLL,11.42,,66678.25
2019-08-23,CHEVRON,44.11,,66634.14
2019-08-23,LYFT RIDE,50.68,,66583.46
2019-08-23,VENMO PAYMENT,111.53,,66471.93
2019-08-24,VERIZON WIRELESS,174.22,,66297.71
2019-08-24,UBER TRIP,55.79,,66241.92
2019-08-25,LOCAL BISTRO,6.45,,66235.47
2019-08-25,TARGET.COM,100.92,,66134.55
2019-08-26,WHOLE FOODS #4821,28.67,,66105.88
2019-08-26,WALMART SUPERCENTER,109.08,,65996.80
2019-08-26,STARBUCKS STORE,82.20,,65914.60
2019-08-26,CHIPOTLE ONLINE,67.38,,65847.22
2019-08-28,PIZZA HUT,35.24,,65811.98
2019-08-28,UBER TRIP,9.62,,65802.36
2019-08-29,TRADER JOE'S,77.80,,65724.56
2019-08-29,DENTAL CARE,214.16,,65510.40
2019-08-31,LYFT RIDE,69.79,,65440.61
2019-09-02,ACH CREDIT EMPLOYER PAYROLL,,5867.49,71308.10
2019-09-02,PARKING GARAGE,32.27,,71275.83
2019-09-03,BILL PAY RENT LANDLORD,1501.79,,69774.04
2019-09-04,ALDI 729,98.81,,69675.23
2019-09-04,UBER TRIP,71.87,,69603.36
2019-09-06,AMAZON.COM,92.36,,69511.00
2019-09-07,WALMART SUPERCENTER,119.72,,69391.28
2019-09-07,COSTCO WHSE,85.46,,69305.82
2019-09-07,PARKING GARAGE,14.42,,69291.40
2019-09-08,ZELLE FROM CLIENT,,211.50,69502.90
2019-09-09,ELECTRIC COMPANY,80.23,,69422.67
2019-09-09,UBER EATS,30.91,,69391.76
2019-09-09,EZ PASS TOLL,43.06,,69348.70
2019-09-09,LYFT RIDE,36.66,,69312.04
2019-09-09,AMAZON MKTP,18.39,,69293.65
2019-09-10,SUSHI HOUSE,12.67,,69280.98
2019-09-10,EZ PASS TOLL,20.35,,69260.63
2019-09-10,AMAZON.COM,186.37,,69074.26
2019-09-12,COSTCO WHSE,41.05,,69033.21
2019-09-12,UBER EATS,21.38,,69011.83
2019-09-12,STARBUCKS STORE,52.05,,68959.78
2019-09-12,DENTAL CARE,14.42,,68945.36
2019-09-13,ALDI 729,159.82,,68785.54
2019-09-13,CHEVRON,64.69,,68720.85
2019-09-14,HOME DEPOT,263.11,,68457.74
2019-09-14,SPOTIFY USA,52.72,,68405.02
2019-09-15,COSTCO WHSE,52.70,,68352.32
2019-09-16,FRESH MARKET,147.07,,68205.25
2019-09-16,CHEVRON,16.92,,68188.33
2019-09-17,PARKING GARAGE,34.27,,68154.06
2019-09-17,CITY MEDICAL CLINIC,132.58,,68021.48
2019-09-18,ZELLE TO FRIEND,242.31,,67779.17
2019-09-19,ELECTRIC COMPANY,180.99,,67598.18
2019-09-19,STARBUCKS STORE,83.60,,67514.58
2019-09-19,AMC THEATRES,45.10,,67469.48
2019-09-20,UBER TRIP,49.78,,67419.70
2019-09-22,FRESH MARKET,29.29,,67390.41
2019-09-23,CITY WATER BILL,166.39,,67224.02
2019-09-25,UBER EATS,33.98,,67190.04
2019-09-25,UBER TRIP,35.18,,67154.86
2019-09-26,HOME DEPOT,155.39,,66999.47
2019-09-27,DOORDASH*RESTAURANT,20.15,,66979.32
2019-10-01,ACH CREDIT EMPLOYER PAYROLL,,6086.80,73066.12
2019-10-02,COSTCO WHSE,69.50,,72996.62
2019-10-03,BILL PAY RENT LANDLORD,1471.00,,71525.62
2019-10-04,PIZZA HUT,48.15,,71477.47
2019-10-04,PARKING GARAGE,10.10,,71467.37
2019-10-05,UBER TRIP,60.27,,71407.10
2019-10-06,COMCAST CABLE,82.37,,71324.73
2019-10-06,BEST BUY,209.55,,71115.18
2019-10-07,DOORDASH*RESTAURANT,71.81,,71043.37
2019-10-07,PLANET FITNESS,18.93,,71024.44
2019-10-08,DOORDASH*RESTAURANT,25.29,,70999.15
2019-10-09,DOORDASH*RESTAURANT,53.52,,70945.63
2019-10-10,CHIPOTLE ONLINE,44.55,,70901.08
2019-10-10,EZ PASS TOLL,67.19,,70833.89
2019-10-10,AMC THEATRES,11.11,,70822.78
2019-10-11,WHOLE FOODS #4821,84.90,,70737.88
2019-10-12,ELECTRIC COMPANY,83.03,,70654.85
2019-10-13,METRO TRANSIT,60.56,,70594.29
2019-10-13,SHELL OIL,63.66,,70530.63
2019-10-14,VENMO CASHOUT,,500.30,71030.93
2019-10-14,AMAZON MKTP,279.24,,70751.69
2019-10-15,TICKETMASTER,53.10,,70698.59
2019-10-15,SPOTIFY USA,48.21,,70650.38
2019-10-19,CITY WATER BILL,175.44,,70474.94
2019-10-20,FRESH MARKET,114.89,,70360.05
2019-10-20,CHEVRON,4.74,,70355.31
2019-10-21,DOORDASH*RESTAURANT,62.64,,70292.67
2019-10-21,LYFT RIDE,26.22,,70266.45
2019-10-22,KROGER #1190,129.14,,70137.31
2019-10-22,LOCAL BISTRO,51.77,,70085.54
2019-10-23,TARGET.COM,154.40,,69931.14
2019-10-24,SUSHI HOUSE,78.17,,69852.97
2019-10-24,EZ PASS TOLL,11.36,,69841.61
2019-10-24,EZ PASS TOLL,49.64,,69791.97
2019-10-26,SUSHI HOUSE,48.59,,69743.38
2019-10-26,IKEA,104.11,,69639.27
2019-10-26,AMC THEATRES,18.54,,69620.73
2019-10-26,VENMO PAYMENT,236.02,,69384.71
2019-10-27,EZ PASS TOLL,46.23,,69338.48
2019-10-28,KROGER #1190,150.90,,69187.58
2019-10-29,PLANET FITNESS,208.99,,68978.59
2019-10-31,COSTCO WHSE,114.47,,68864.12
2019-10-31,LYFT RIDE,45.00,,68819.12
2019-11-01,WALGREENS,68.01,,68751.11
2019-11-02,ACH CREDIT EMPLOYER PAYROLL,,5835.38,74586.49
2019-11-02,AMAZON MKTP,243.66,,74342.83
2019-11-03,BILL PAY RENT LANDLORD,1472.03,,72870.80
2019-11-03,IKEA,105.69,,72765.11
2019-11-04,FRESH MARKET,67.49,,72697.62
2019-11-04,SUSHI HOUSE,50.82,,72646.80
2019-11-04,LOCAL BISTRO,32.38,,72614.42
2019-11-04,EZ PASS TOLL,42.00,,72572.42
2019-11-05,SPOTIFY USA,44.46,,72527.96
2019-11-06,TARGET.COM,66.09,,72461.87
2019-11-06,SPOTIFY USA,59.88,,72401.99
2019-11-07,DOORDASH*RESTAURANT,83.28,,72318.71
2019-11-07,HOME DEPOT,233.67,,72085.04
2019-11-07,AMC THEATRES,35.23,,72049.81
2019-11-08,GAS UTILITY,139.51,,71910.30
2019-11-09,ALDI 729,33.41,,71876.89
2019-11-09,DOORDASH*RESTAURANT,33.21,,71843.68
2019-11-09,BEST BUY,43.92,,71799.76
2019-11-10,ACH CREDIT FREELANCE,,769.62,72569.38
2019-11-10,METRO TRANSIT,41.27,,72528.11
2019-11-10,ETSY.COM,118.70,,72409.41
2019-11-11,COSTCO WHSE,94.18,,72315.23
2019-11-11,CHEVRON,36.63,,72278.60
2019-11-11,ETSY.COM,59.92,,72218.68
2019-11-11,TARGET.COM,166.18,,72052.50
2019-11-12,LOCAL BISTRO,64.80,,71987.70
2019-11-12,ATM WITHDRAWAL,132.98,,71854.72
2019-11-13,PARKING GARAGE,27.39,,71827.33
2019-11-14,AMAZON.COM,66.16,,71761.17
2019-11-15,WHOLE FOODS #4821,47.83,,71713.34
2019-11-16,ELECTRIC COMPANY,53.26,,71660.08
2019-11-17,CHEVRON,50.17,,71609.91
2019-11-17,SHELL OIL,66.14,,71543.77
2019-11-17,NETFLIX.COM,60.39,,71483.38
2019-11-18,MCDONALD'S,60.03,,71423.35
2019-11-19,APPLE.COM/BILL,223.97,,71199.38
2019-11-20,UBER TRIP,33.31,,71166.07
2019-11-22,ALDI 729,30.51,,71135.56
2019-11-22,AMAZON.COM,37.83,,71097.73
2019-11-24,METRO TRANSIT,47.36,,71050.37
2019-11-24,APPLE.COM/BILL,113.75,,70936.62
2019-11-25,EZ PASS TOLL,32.40,,70904.22
2019-11-25,METRO TRANSIT,48.92,,70855.30
2019-11-29,UBER EATS,8.98,,70846.32
2019-11-30,COSTCO WHSE,60.64,,70785.68
2019-11-30,FRESH MARKET,93.46,,70692.22
2019-11-30,PIZZA HUT,50.66,,70641.56
2019-11-30,CHEVRON,53.23,,70588.33
2019-12-01,ACH CREDIT EMPLOYER PAYROLL,,5896.36,76484.69
2019-12-02,AMAZON.COM,253.57,,76231.12
2019-12-02,HOME DEPOT,186.81,,76044.31
2019-12-03,BILL PAY RENT LANDLORD,1489.43,,74554.88
2019-12-03,KROGER #1190,21.29,,74533.59
2019-12-03,DOORDASH*RESTAURANT,22.44,,74511.15
2019-12-04,FRESH MARKET,94.85,,74416.30
2019-12-04,LOCAL BISTRO,27.37,,74388.93
2019-12-04,HOME DEPOT,78.11,,74310.82
2019-12-05,ALDI 729,80.88,,74229.94
2019-12-05,PARKING GARAGE,14.96,,74214.98
2019-12-06,APPLE.COM/BILL,180.69,,74034.29
2019-12-07,CHIPOTLE ONLINE,12.58,,74021.71
2019-12-07,SPOTIFY USA,29.56,,73992.15
2019-12-07,DISNEYPLUS,20.67,,73971.48
2019-12-08,EZ PASS TOLL,57.04,,73914.44
2019-12-08,DISNEYPLUS,54.47,,73859.97
2019-12-09,STARBUCKS STORE,69.49,,73790.48
2019-12-10,UBER TRIP,68.92,,73721.56
2019-12-10,PARKING GARAGE,41.29,,73680.27
2019-12-11,ELECTRIC COMPANY,189.26,,73491.01
2019-12-11,ELECTRIC COMPANY,81.82,,73409.19
2019-12-11,TRADER JOE'S,76.66,,73332.53
2019-12-12,LOCAL BISTRO,27.84,,73304.69
2019-12-12,EZ PASS TOLL,13.63,,73291.06
2019-12-13,NIKE STORE,169.67,,73121.39
2019-12-14,PARKING GARAGE,44.09,,73077.30
2019-12-14,DENTAL CARE,93.66,,72983.64
2019-12-15,UBER TRIP,48.51,,72935.13
2019-12-16,HOME DEPOT,105.91,,72829.22
2019-12-18,ELECTRIC COMPANY,155.47,,72673.75
2019-12-18,DISNEYPLUS,63.60,,72610.15
2019-12-19,STARBUCKS STORE,78.73,,72531.42
2019-12-20,FRESH MARKET,104.29,,72427.13
2019-12-20,SPOTIFY USA,25.32,,72401.81
2019-12-21,WHOLE FOODS #4821,44.36,,72357.45
2019-12-21,UBER EATS,32.48,,72324.97
2019-12-21,MCDONALD'S,40.71,,72284.26
2019-12-21,CITY MEDICAL CLINIC,170.67,,72113.59
2019-12-22,DOORDASH*RESTAURANT,23.77,,72089.82
2019-12-22,BEST BUY,221.67,,71868.15
2019-12-23,ACH CREDIT YEAR END BONUS,,998.96,72867.11
2019-12-24,METRO TRANSIT,45.40,,72821.71
2019-12-27,WALMART SUPERCENTER,77.04,,72744.67
2019-12-29,PIZZA HUT,43.70,,72700.97
2019-12-29,SHELL OIL,41.28,,72659.69
2019-12-30,CHEVRON,52.27,,72607.42
2019-12-31,PARKING GARAGE,57.80,,72549.62
2020-01-01,IKEA,67.63,,72481.99
2020-01-02,EZ PASS TOLL,70.84,,72411.15
2020-01-02,AMAZON.COM,72.58,,72338.57
2020-01-02,AMAZON MKTP,260.21,,72078.36
2020-01-03,ACH CREDIT EMPLOYER PAYROLL,,6208.35,78286.71
2020-01-03,BILL PAY RENT LANDLORD,1542.04,,76744.67
2020-01-03,TICKETMASTER,54.36,,76690.31
2020-01-06,WHOLE FOODS #4821,155.74,,76534.57
2020-01-06,LOCAL BISTRO,36.35,,76498.22
2020-01-06,STEAM GAMES,29.44,,76468.78
2020-01-06,DISNEYPLUS,31.03,,76437.75
2020-01-07,COSTCO WHSE,31.98,,76405.77
2020-01-07,MCDONALD'S,55.38,,76350.39
2020-01-08,SHELL OIL,42.70,,76307.69
2020-01-09,CHIPOTLE ONLINE,33.73,,76273.96
2020-01-09,SUSHI HOUSE,79.38,,76194.58
2020-01-09,LYFT RIDE,16.51,,76178.07
2020-01-09,CHEVRON,42.18,,76135.89
2020-01-09,EZ PASS TOLL,9.57,,76126.32
2020-01-11,TRADER JOE'S,126.66,,75999.66
2020-01-12,VERIZON WIRELESS,147.26,,75852.40
2020-01-13,METRO TRANSIT,20.00,,75832.40
2020-01-14,SHELL OIL,52.62,,75779.78
2020-01-15,CITY MEDICAL CLINIC,175.92,,75603.86
2020-01-15,INSURANCE ANNUAL PREMIUM,1364.30,,74239.56
2020-01-17,MCDONALD'S,26.39,,74213.17
2020-01-18,PAYPAL TRANSFER,,252.64,74465.81
2020-01-18,KROGER #1190,78.02,,74387.79
2020-01-20,WHOLE FOODS #4821,84.11,,74303.68
2020-01-21,EZ PASS TOLL,6.26,,74297.42
2020-01-22,VERIZON WIRELESS,91.29,,74206.13
2020-01-23,MCDONALD'S,82.81,,74123.32
2020-01-24,COSTCO WHSE,48.25,,74075.07
2020-01-24,PARKING GARAGE,4.87,,74070.20
2020-01-25,UBER TRIP,11.48,,74058.72
2020-01-25,EZ PASS TOLL,29.68,,74029.04
2020-01-25,DENTAL CARE,147.77,,73881.27
2020-01-28,UBER EATS,72.76,,73808.51
2020-01-29,WALMART SUPERCENTER,119.32,,73689.19
2020-01-29,METRO TRANSIT,54.42,,73634.77
2020-02-01,WALMART SUPERCENTER,26.51,,73608.26
2020-02-02,METRO TRANSIT,40.58,,73567.68
2020-02-02,CHEVRON,49.92,,73517.76
2020-02-03,ACH CREDIT EMPLOYER PAYROLL,,6044.95,79562.71
2020-02-03,BILL PAY RENT LANDLORD,1514.52,,78048.19
2020-02-03,UBER EATS,24.59,,78023.60
2020-02-03,DISNEYPLUS,34.87,,77988.73
2020-02-05,WALMART SUPERCENTER,127.97,,77860.76
2020-02-07,TRADER JOE'S,29.52,,77831.24
2020-02-08,KROGER #1190,91.43,,77739.81
2020-02-08,LYFT RIDE,59.70,,77680.11
2020-02-08,STEAM GAMES,50.50,,77629.61
2020-02-10,CHIPOTLE ONLINE,8.03,,77621.58
2020-02-10,HOME DEPOT,155.19,,77466.39
2020-02-11,VENMO CASHOUT,,1050.94,78517.33
2020-02-11,EZ PASS TOLL,68.66,,78448.67
2020-02-11,AMAZON.COM,157.09,,78291.58
2020-02-12,MCDONALD'S,32.30,,78259.28
2020-02-13,PLANET FITNESS,73.10,,78186.18
2020-02-14,ELECTRIC COMPANY,76.78,,78109.40
2020-02-15,LOCAL BISTRO,48.73,,78060.67
2020-02-15,PARKING GARAGE,23.42,,78037.25
2020-02-15,UBER TRIP,38.01,,77999.24
2020-02-16,COMCAST CABLE,87.75,,77911.49
2020-02-18,DOORDASH*RESTAURANT,75.75,,77835.74
2020-02-18,BEST BUY,119.49,,77716.25
2020-02-21,IKEA,220.97,,77495.28
2020-02-22,STARBUCKS STORE,59.83,,77435.45
2020-02-22,EZ PASS TOLL,35.50,,77399.95
2020-02-24,KROGER #1190,115.24,,77284.71
2020-02-26,ELECTRIC COMPANY,138.72,,77145.99
2020-02-26,VERIZON WIRELESS,141.72,,77004.27
2020-02-26,WHOLE FOODS #4821,57.96,,76946.31
2020-02-27,CHEVRON,66.34,,76879.97
2020-02-27,NIKE STORE,203.12,,76676.85
2020-02-28,STEAM GAMES,19.89,,76656.96
2020-02-29,NETFLIX.COM,14.47,,76642.49
2020-03-01,STARBUCKS STORE,69.76,,76572.73
2020-03-01,LYFT RIDE,49.94,,76522.79
2020-03-01,CHEVRON,18.30,,76504.49
2020-03-02,ACH CREDIT EMPLOYER PAYROLL,,6061.51,82566.00
2020-03-02,SHELL OIL,39.07,,82526.93
2020-03-02,EZ PASS TOLL,51.19,,82475.74
2020-03-03,BILL PAY RENT LANDLORD,1519.99,,80955.75
2020-03-04,FRESH MARKET,73.56,,80882.19
2020-03-05,WHOLE FOODS #4821,85.05,,80797.14
2020-03-05,MCDONALD'S,20.37,,80776.77
2020-03-05,DOORDASH*RESTAURANT,44.62,,80732.15
2020-03-06,AMAZON MKTP,191.54,,80540.61
2020-03-07,METRO TRANSIT,11.76,,80528.85
2020-03-07,AMAZON MKTP,25.99,,80502.86
2020-03-08,CITY WATER BILL,115.52,,80387.34
2020-03-08,NIKE STORE,137.30,,80250.04
2020-03-08,CITY MEDICAL CLINIC,60.78,,80189.26
2020-03-08,TICKETMASTER,17.69,,80171.57
2020-03-09,CHIPOTLE ONLINE,10.46,,80161.11
2020-03-09,CHIPOTLE ONLINE,72.46,,80088.65
2020-03-09,CHIPOTLE ONLINE,74.56,,80014.09
2020-03-10,VENMO CASHOUT,,904.28,80918.37
2020-03-12,LYFT RIDE,15.29,,80903.08
2020-03-14,ELECTRIC COMPANY,92.46,,80810.62
2020-03-15,VERIZON WIRELESS,161.60,,80649.02
2020-03-16,FRESH MARKET,148.88,,80500.14
2020-03-16,TICKETMASTER,57.15,,80442.99
2020-03-17,VERIZON WIRELESS,71.59,,80371.40
2020-03-17,KROGER #1190,58.77,,80312.63
2020-03-17,EZ PASS TOLL,14.78,,80297.85
2020-03-18,PARKING GARAGE,56.01,,80241.84
2020-03-20,KROGER #1190,107.24,,80134.60
2020-03-22,CVS/PHARMACY,185.02,,79949.58
2020-03-24,CHIPOTLE ONLINE,80.24,,79869.34
2020-03-24,EZ PASS TOLL,7.56,,79861.78
2020-03-25,UBER TRIP,22.66,,79839.12
2020-03-26,TRADER JOE'S,140.84,,79698.28
2020-03-27,UBER TRIP,63.14,,79635.14
2020-03-28,WHOLE FOODS #4821,118.95,,79516.19
2020-03-28,EZ PASS TOLL,66.36,,79449.83
2020-04-02,ACH CREDIT EMPLOYER PAYROLL,,6197.80,85647.63
2020-04-02,BEST BUY,267.28,,85380.35
2020-04-03,BILL PAY RENT LANDLORD,1521.01,,83859.34
2020-04-03,ALDI 729,91.07,,83768.27
2020-04-03,METRO TRANSIT,22.38,,83745.89
2020-04-03,AMC THEATRES,15.03,,83730.86
2020-04-04,EZ PASS TOLL,34.94,,83695.92
2020-04-04,SHELL OIL,68.84,,83627.08
2020-04-05,GAS UTILITY,183.69,,83443.39
2020-04-05,ALDI 729,57.79,,83385.60
2020-04-05,BEST BUY,158.83,,83226.77
2020-04-05,ATM WITHDRAWAL,165.01,,83061.76
2020-04-07,HOME DEPOT,242.44,,82819.32
2020-04-09,CHEVRON,68.94,,82750.38
2020-04-09,LYFT RIDE,59.49,,82690.89
2020-04-12,COSTCO WHSE,155.66,,82535.23
2020-04-12,PIZZA HUT,55.22,,82480.01
2020-04-12,DENTAL CARE,71.96,,82408.05
2020-04-12,AMC THEATRES,50.29,,82357.76
2020-04-13,GAS UTILITY,178.25,,82179.51
2020-04-13,CITY MEDICAL CLINIC,172.30,,82007.21
2020-04-14,PARKING GARAGE,52.65,,81954.56
2020-04-14,IRS USATAXPYMT,1345.73,,80608.83
2020-04-15,SUSHI HOUSE,16.91,,80591.92
2020-04-15,LYFT RIDE,36.64,,80555.28
2020-04-16,UBER EATS,62.81,,80492.47
2020-04-17,COSTCO WHSE,51.18,,80441.29
2020-04-17,PIZZA HUT,75.76,,80365.53
2020-04-18,APPLE.COM/BILL,120.36,,80245.17
2020-04-18,HOME DEPOT,249.46,,79995.71
2020-04-19,SUSHI HOUSE,18.92,,79976.79
2020-04-20,CHEVRON,56.04,,79920.75
2020-04-21,LYFT RIDE,51.91,,79868.84
2020-04-22,WALMART SUPERCENTER,108.80,,79760.04
2020-04-22,COSTCO WHSE,127.62,,79632.42
2020-04-22,CHIPOTLE ONLINE,79.10,,79553.32
2020-04-22,CHIPOTLE ONLINE,53.95,,79499.37
2020-04-23,COMCAST CABLE,105.11,,79394.26
2020-04-24,MCDONALD'S,15.91,,79378.35
2020-04-25,LOCAL BISTRO,48.58,,79329.77
2020-04-26,WALMART SUPERCENTER,90.52,,79239.25
2020-04-27,TICKETMASTER,48.16,,79191.09
2020-04-30,TRADER JOE'S,55.37,,79135.72
2020-04-30,TRADER JOE'S,38.74,,79096.98
2020-04-30,SUSHI HOUSE,15.92,,79081.06
2020-04-30,LYFT RIDE,36.12,,79044.94
2020-04-30,LYFT RIDE,27.04,,79017.90
2020-05-01,SUSHI HOUSE,54.10,,78963.80
2020-05-01,METRO TRANSIT,11.56,,78952.24
2020-05-02,LOCAL BISTRO,22.41,,78929.83
2020-05-03,ACH CREDIT EMPLOYER PAYROLL,,6176.10,85105.93
2020-05-03,BILL PAY RENT LANDLORD,1518.96,,83586.97
2020-05-04,ALDI 729,79.98,,83506.99
2020-05-04,FRESH MARKET,137.40,,83369.59
2020-05-04,DISNEYPLUS,11.53,,83358.06
2020-05-05,TRADER JOE'S,90.60,,83267.46
2020-05-06,COSTCO WHSE,91.38,,83176.08
2020-05-06,FRESH MARKET,153.52,,83022.56
2020-05-06,UBER TRIP,12.93,,83009.63
2020-05-06,BEST BUY,38.34,,82971.29
2020-05-08,LYFT RIDE,29.76,,82941.53
2020-05-12,CHEVRON,10.44,,82931.09
2020-05-13,KROGER #1190,90.02,,82841.07
2020-05-14,CITY WATER BILL,74.55,,82766.52
2020-05-14,FRESH MARKET,99.99,,82666.53
2020-05-14,UBER EATS,36.94,,82629.59
2020-05-15,PAYPAL TRANSFER,,433.20,83062.79
2020-05-15,LYFT RIDE,54.26,,83008.53
2020-05-16,STARBUCKS STORE,66.82,,82941.71
2020-05-16,APPLE.COM/BILL,24.38,,82917.33
2020-05-17,KROGER #1190,51.52,,82865.81
2020-05-17,MCDONALD'S,78.96,,82786.85
2020-05-18,CITY WATER BILL,182.96,,82603.89
2020-05-19,COMCAST CABLE,160.66,,82443.23
2020-05-20,COMCAST CABLE,43.01,,82400.22
2020-05-20,SUSHI HOUSE,46.95,,82353.27
2020-05-22,PARKING GARAGE,32.26,,82321.01
2020-05-22,LYFT RIDE,37.06,,82283.95
2020-05-25,UBER TRIP,6.40,,82277.55
2020-05-25,LYFT RIDE,49.58,,82227.97
2020-05-25,IKEA,64.79,,82163.18
2020-05-25,CVS/PHARMACY,195.07,,81968.11
2020-05-26,WALGREENS,209.15,,81758.96
2020-05-26,NETFLIX.COM,15.84,,81743.12
2020-05-27,TARGET.COM,174.12,,81569.00
2020-05-30,STARBUCKS STORE,65.26,,81503.74
2020-05-30,NIKE STORE,257.27,,81246.47
2020-06-01,BEST BUY,154.68,,81091.79
2020-06-03,ACH CREDIT EMPLOYER PAYROLL,,6168.70,87260.49
2020-06-03,BILL PAY RENT LANDLORD,1545.01,,85715.48
2020-06-03,KROGER #1190,37.92,,85677.56
2020-06-05,MCDONALD'S,78.47,,85599.09
2020-06-05,CITY MEDICAL CLINIC,86.04,,85513.05
2020-06-06,EZ PASS TOLL,67.37,,85445.68
2020-06-07,APPLE.COM/BILL,60.45,,85385.23
2020-06-07,NETFLIX.COM,45.26,,85339.97
2020-06-09,COSTCO WHSE,50.83,,85289.14
2020-06-10,MCDONALD'S,63.06,,85226.08
2020-06-12,WALMART SUPERCENTER,159.98,,85066.10
2020-06-12,SHELL OIL,40.51,,85025.59
2020-06-12,IKEA,235.46,,84790.13
2020-06-13,AMC THEATRES,61.94,,84728.19
2020-06-15,CHEVRON,54.12,,84674.07
2020-06-18,UBER EATS,13.61,,84660.46
2020-06-18,PARKING GARAGE,14.08,,84646.38
2020-06-19,LYFT RIDE,63.33,,84583.05
2020-06-19,CHEVRON,68.24,,84514.81
2020-06-19,PARKING GARAGE,56.68,,84458.13
2020-06-20,UBER TRIP,37.17,,84420.96
2020-06-21,VENMO CASHOUT,,397.25,84818.21
2020-06-21,VENMO PAYMENT,77.10,,84741.11
2020-06-22,TRADER JOE'S,98.73,,84642.38
2020-06-22,STEAM GAMES,55.39,,84586.99
2020-06-23,METRO TRANSIT,60.85,,84526.14
2020-06-24,VERIZON WIRELESS,193.68,,84332.46
2020-06-24,COMCAST CABLE,153.35,,84179.11
2020-06-24,COSTCO WHSE,27.96,,84151.15
2020-06-24,LYFT RIDE,8.64,,84142.51
2020-06-25,WHOLE FOODS #4821,61.74,,84080.77
2020-06-25,STARBUCKS STORE,41.87,,84038.90
2020-06-25,AMAZON.COM,241.05,,83797.85
2020-06-26,SUSHI HOUSE,58.05,,83739.80
2020-06-27,WHOLE FOODS #4821,130.34,,83609.46
2020-06-27,SUSHI HOUSE,43.56,,83565.90
2020-06-27,SHELL OIL,69.25,,83496.65
2020-06-28,LYFT RIDE,32.30,,83464.35
2020-06-28,EZ PASS TOLL,56.65,,83407.70
2020-06-29,CHEVRON,62.01,,83345.69
2020-06-29,DENTAL CARE,193.74,,83151.95
2020-06-30,IKEA,241.81,,82910.14
2020-07-01,CHEVRON,67.95,,82842.19
2020-07-03,ACH CREDIT EMPLOYER PAYROLL,,6207.94,89050.13
2020-07-03,BILL PAY RENT LANDLORD,1514.85,,87535.28
2020-07-03,CHIPOTLE ONLINE,69.22,,87466.06
2020-07-03,DOORDASH*RESTAURANT,32.22,,87433.84
2020-07-03,CHEVRON,37.23,,87396.61
2020-07-05,TICKETMASTER,23.65,,87372.96
2020-07-07,WHOLE FOODS #4821,45.45,,87327.51
2020-07-08,VERIZON WIRELESS,63.13,,87264.38
2020-07-08,STEAM GAMES,22.55,,87241.83
2020-07-09,TRADER JOE'S,67.66,,87174.17
2020-07-10,CITY WATER BILL,186.72,,86987.45
2020-07-10,IKEA,83.92,,86903.53
2020-07-10,DISNEYPLUS,12.33,,86891.20
2020-07-11,VENMO CASHOUT,,1193.45,88084.65
2020-07-12,KROGER #1190,62.99,,88021.66
2020-07-13,KROGER #1190,86.23,,87935.43
2020-07-13,PIZZA HUT,82.90,,87852.53
2020-07-13,SUSHI HOUSE,16.02,,87836.51
2020-07-13,METRO TRANSIT,9.31,,87827.20
2020-07-13,CVS/PHARMACY,201.49,,87625.71
2020-07-14,SHELL OIL,9.52,,87616.19
2020-07-14,UBER TRIP,68.86,,87547.33
2020-07-17,WALMART SUPERCENTER,139.07,,87408.26
2020-07-18,SHELL OIL,29.78,,87378.48
2020-07-18,BEST BUY,236.72,,87141.76
2020-07-18,PLANET FITNESS,129.33,,87012.43
2020-07-19,WALMART SUPERCENTER,104.68,,86907.75
2020-07-20,DOORDASH*RESTAURANT,60.53,,86847.22
2020-07-21,IKEA,220.10,,86627.12
2020-07-21,AIRLINE TICKET,953.05,,85674.07
2020-07-22,PIZZA HUT,57.85,,85616.22
2020-07-22,IKEA,32.55,,85583.67
2020-07-23,TRADER JOE'S,105.75,,85477.92
2020-07-23,ALDI 729,76.31,,85401.61
2020-07-23,LOCAL BISTRO,59.83,,85341.78
2020-07-23,CHEVRON,49.01,,85292.77
2020-07-24,METRO TRANSIT,8.89,,85283.88
2020-07-24,CITY MEDICAL CLINIC,148.95,,85134.93
2020-07-25,DOORDASH*RESTAURANT,9.56,,85125.37
2020-07-25,EZ PASS TOLL,63.63,,85061.74
2020-07-25,AMAZON.COM,137.22,,84924.52
2020-07-26,KROGER #1190,76.01,,84848.51
2020-07-26,CHIPOTLE ONLINE,55.38,,84793.13
2020-07-27,METRO TRANSIT,40.16,,84752.97
2020-07-29,SPOTIFY USA,10.16,,84742.81
2020-07-30,SHELL OIL,71.82,,84670.99
2020-08-01,DISNEYPLUS,59.89,,84611.10
2020-08-03,ACH CREDIT EMPLOYER PAYROLL,,6095.84,90706.94
2020-08-03,BILL PAY RENT LANDLORD,1541.29,,89165.65
2020-08-03,CHIPOTLE ONLINE,44.89,,89120.76
2020-08-05,SUSHI HOUSE,22.08,,89098.68
2020-08-05,CHEVRON,29.68,,89069.00
2020-08-06,APPLE.COM/BILL,63.72,,89005.28
2020-08-07,COMCAST CABLE,38.40,,88966.88
2020-08-08,CITY WATER BILL,53.12,,88913.76
2020-08-08,METRO TRANSIT,58.06,,88855.70
2020-08-09,CITY WATER BILL,41.16,,88814.54
2020-08-09,APPLE.COM/BILL,222.99,,88591.55
2020-08-10,TRADER JOE'S,21.56,,88569.99
2020-08-10,UBER TRIP,15.26,,88554.73
2020-08-10,CITY MEDICAL CLINIC,204.66,,88350.07
2020-08-13,STARBUCKS STORE,44.61,,88305.46
2020-08-13,AMAZON.COM,34.13,,88271.33
2020-08-14,UBER EATS,19.95,,88251.38
2020-08-14,IKEA,177.32,,88074.06
2020-08-16,CITY WATER BILL,71.39,,88002.67
2020-08-16,AIRBNB *STAY,780.48,,87222.19
2020-08-17,ATM WITHDRAWAL,50.33,,87171.86
2020-08-18,PARKING GARAGE,11.48,,87160.38
2020-08-19,ALDI 729,81.84,,87078.54
2020-08-19,CITY MEDICAL CLINIC,129.14,,86949.40
2020-08-19,DISNEYPLUS,13.89,,86935.51
2020-08-20,PARKING GARAGE,45.62,,86889.89
2020-08-20,NETFLIX.COM,32.11,,86857.78
2020-08-21,EZ PASS TOLL,57.69,,86800.09
2020-08-21,EZ PASS TOLL,58.56,,86741.53
2020-08-22,WHOLE FOODS #4821,104.46,,86637.07
2020-08-22,LYFT RIDE,32.26,,86604.81
2020-08-22,UBER TRIP,19.99,,86584.82
2020-08-24,FRESH MARKET,110.75,,86474.07
2020-08-24,WALMART SUPERCENTER,51.46,,86422.61
2020-08-24,LYFT RIDE,8.36,,86414.25
2020-08-26,COSTCO WHSE,110.18,,86304.07
2020-08-26,MCDONALD'S,53.28,,86250.79
2020-08-26,CHEVRON,19.13,,86231.66
2020-08-27,WHOLE FOODS #4821,65.21,,86166.45
2020-08-27,CITY MEDICAL CLINIC,183.07,,85983.38
2020-08-29,PIZZA HUT,31.07,,85952.31
2020-08-29,METRO TRANSIT,21.11,,85931.20
2020-08-31,KROGER #1190,141.82,,85789.38
2020-09-01,ACH CREDIT EMPLOYER PAYROLL,,6082.71,91872.09
2020-09-01,IKEA,268.96,,91603.13
2020-09-02,METRO TRANSIT,37.77,,91565.36
2020-09-02,PARKING GARAGE,44.76,,91520.60
2020-09-03,BILL PAY RENT LANDLORD,1534.14,,89986.46
2020-09-04,METRO TRANSIT,41.34,,89945.12
2020-09-06,AMAZON MKTP,31.52,,89913.60
2020-09-06,DENTAL CARE,58.12,,89855.48
2020-09-07,IKEA,91.55,,89763.93
2020-09-08,NETFLIX.COM,47.77,,89716.16
2020-09-09,UBER EATS,6.34,,89709.82
2020-09-10,METRO TRANSIT,4.69,,89705.13
2020-09-10,LYFT RIDE,14.83,,89690.30
2020-09-12,ZELLE FROM CLIENT,,812.29,90502.59
2020-09-12,CHIPOTLE ONLINE,81.12,,90421.47
2020-09-13,WALMART SUPERCENTER,104.95,,90316.52
2020-09-13,BEST BUY,190.95,,90125.57
2020-09-14,CITY WATER BILL,40.38,,90085.19
2020-09-14,MCDONALD'S,49.59,,90035.60
2020-09-14,UBER EATS,6.74,,90028.86
2020-09-15,MCDONALD'S,19.69,,90009.17
2020-09-15,STARBUCKS STORE,70.05,,89939.12
2020-09-16,AMC THEATRES,9.35,,89929.77
2020-09-17,WHOLE FOODS #4821,19.26,,89910.51
2020-09-18,PARKING GARAGE,38.39,,89872.12
2020-09-18,IKEA,131.91,,89740.21
2020-09-19,FRESH MARKET,130.71,,89609.50
2020-09-19,MCDONALD'S,14.65,,89594.85
2020-09-20,PIZZA HUT,6.57,,89588.28
2020-09-23,ALDI 729,90.52,,89497.76
2020-09-24,SHELL OIL,9.35,,89488.41
2020-09-25,GAS UTILITY,79.60,,89408.81
2020-09-25,FRESH MARKET,78.91,,89329.90
2020-09-25,COSTCO WHSE,61.14,,89268.76
2020-09-25,KROGER #1190,143.17,,89125.59
2020-09-25,EZ PASS TOLL,16.28,,89109.31
2020-09-26,COSTCO WHSE,61.28,,89048.03
2020-09-26,LOCAL BISTRO,56.41,,88991.62
2020-09-27,PARKING GARAGE,64.28,,88927.34
2020-09-30,PARKING GARAGE,65.28,,88862.06
2020-10-01,WHOLE FOODS #4821,81.44,,88780.62
2020-10-01,HOME DEPOT,34.92,,88745.70
2020-10-01,VENMO PAYMENT,240.06,,88505.64
2020-10-02,TRADER JOE'S,115.74,,88389.90
2020-10-02,COSTCO WHSE,37.07,,88352.83
2020-10-03,ACH CREDIT EMPLOYER PAYROLL,,6279.02,94631.85
2020-10-03,BILL PAY RENT LANDLORD,1528.38,,93103.47
2020-10-03,UBER EATS,63.63,,93039.84
2020-10-05,ELECTRIC COMPANY,174.75,,92865.09
2020-10-05,FRESH MARKET,134.82,,92730.27
2020-10-07,SPOTIFY USA,63.84,,92666.43
2020-10-09,GAS UTILITY,131.60,,92534.83
2020-10-09,WALMART SUPERCENTER,103.78,,92431.05
2020-10-09,WHOLE FOODS #4821,42.88,,92388.17
2020-10-09,PARKING GARAGE,17.09,,92371.08
2020-10-09,NETFLIX.COM,44.72,,92326.36
2020-10-10,PAYPAL TRANSFER,,511.93,92838.29
2020-10-11,MCDONALD'S,46.75,,92791.54
2020-10-11,CHEVRON,65.82,,92725.72
2020-10-11,METRO TRANSIT,64.33,,92661.39
2020-10-12,AMAZON.COM,40.86,,92620.53
2020-10-13,LYFT RIDE,34.82,,92585.71
2020-10-13,AMAZON.COM,220.34,,92365.37
2020-10-13,DENTAL CARE,161.49,,92203.88
2020-10-14,ELECTRIC COMPANY,81.16,,92122.72
2020-10-14,PIZZA HUT,20.63,,92102.09
2020-10-15,ALDI 729,45.62,,92056.47
2020-10-15,CHIPOTLE ONLINE,8.61,,92047.86
2020-10-16,DOORDASH*RESTAURANT,15.94,,92031.92
2020-10-16,DISNEYPLUS,49.53,,91982.39
2020-10-17,LYFT RIDE,64.53,,91917.86
2020-10-17,APPLE.COM/BILL,25.66,,91892.20
2020-10-18,CHEVRON,56.74,,91835.46
2020-10-21,CITY MEDICAL CLINIC,81.35,,91754.11
2020-10-22,METRO TRANSIT,23.25,,91730.86
2020-10-24,LOCAL BISTRO,11.68,,91719.18
2020-10-24,STARBUCKS STORE,23.33,,91695.85
2020-10-24,TICKETMASTER,56.84,,91639.01
2020-10-25,SUSHI HOUSE,22.25,,91616.76
2020-10-27,WHOLE FOODS #4821,131.37,,91485.39
2020-10-27,CHIPOTLE ONLINE,43.45,,91441.94
2020-10-29,EZ PASS TOLL,41.31,,91400.63
2020-10-31,WHOLE FOODS #4821,143.50,,91257.13
2020-10-31,CHEVRON,62.79,,91194.34
2020-10-31,DISNEYPLUS,27.37,,91166.97
2020-11-02,ACH CREDIT EMPLOYER PAYROLL,,6138.39,97305.36
2020-11-02,FRESH MARKET,142.42,,97162.94
2020-11-02,WALMART SUPERCENTER,76.24,,97086.70
2020-11-02,METRO TRANSIT,26.29,,97060.41
2020-11-03,BILL PAY RENT LANDLORD,1527.14,,95533.27
2020-11-03,SHELL OIL,20.57,,95512.70
2020-11-04,DOORDASH*RESTAURANT,16.78,,95495.92
2020-11-04,NETFLIX.COM,43.67,,95452.25
2020-11-05,COMCAST CABLE,95.27,,95356.98
2020-11-05,ALDI 729,89.94,,95267.04
2020-11-06,SHELL OIL,29.13,,95237.91
2020-11-07,CHEVRON,6.79,,95231.12
2020-11-07,BEST BUY,66.80,,95164.32
2020-11-07,AMAZON.COM,97.75,,95066.57
2020-11-08,WALMART SUPERCENTER,129.81,,94936.76
2020-11-08,SUSHI HOUSE,27.19,,94909.57
2020-11-08,UBER TRIP,60.41,,94849.16
2020-11-08,APPLE.COM/BILL,20.76,,94828.40
2020-11-08,VENMO PAYMENT,202.62,,94625.78
2020-11-09,EZ PASS TOLL,16.95,,94608.83
2020-11-10,TRADER JOE'S,115.92,,94492.91
2020-11-10,STARBUCKS STORE,52.57,,94440.34
2020-11-10,SHELL OIL,43.03,,94397.31
2020-11-11,EZ PASS TOLL,31.17,,94366.14
2020-11-11,NIKE STORE,164.13,,94202.01
2020-11-11,TARGET.COM,180.72,,94021.29
2020-11-12,TRADER JOE'S,90.04,,93931.25
2020-11-12,UBER EATS,32.77,,93898.48
2020-11-13,GAS UTILITY,94.96,,93803.52
2020-11-13,SUSHI HOUSE,78.89,,93724.63
2020-11-13,UBER TRIP,9.73,,93714.90
2020-11-14,STEAM GAMES,35.27,,93679.63
2020-11-15,DISNEYPLUS,21.16,,93658.47
2020-11-16,FRESH MARKET,115.90,,93542.57
2020-11-16,METRO TRANSIT,23.64,,93518.93
2020-11-17,TARGET.COM,245.66,,93273.27
2020-11-18,ALDI 729,86.51,,93186.76
2020-11-18,UBER TRIP,38.83,,93147.93
2020-11-23,AMAZON.COM,235.09,,92912.84
2020-11-24,BEST BUY,135.92,,92776.92
2020-11-25,TARGET.COM,31.08,,92745.84
2020-11-26,VERIZON WIRELESS,142.77,,92603.07
2020-11-28,COSTCO WHSE,38.86,,92564.21
2020-11-28,CITY MEDICAL CLINIC,115.42,,92448.79
2020-11-30,MCDONALD'S,10.21,,92438.58
2020-12-01,FRESH MARKET,46.84,,92391.74
2020-12-01,PARKING GARAGE,6.65,,92385.09
2020-12-01,METRO TRANSIT,12.62,,92372.47
2020-12-02,ACH CREDIT EMPLOYER PAYROLL,,6184.85,98557.32
2020-12-02,FRESH MARKET,45.93,,98511.39
2020-12-02,DOORDASH*RESTAURANT,83.40,,98427.99
2020-12-03,BILL PAY RENT LANDLORD,1528.04,,96899.95
2020-12-03,TARGET.COM,81.27,,96818.68
2020-12-04,CHEVRON,70.33,,96748.35
2020-12-06,MCDONALD'S,39.06,,96709.29
2020-12-06,UBER EATS,80.65,,96628.64
2020-12-07,DISNEYPLUS,43.64,,96585.00
2020-12-10,NIKE STORE,53.99,,96531.01
2020-12-11,ALDI 729,65.25,,96465.76
2020-12-11,PARKING GARAGE,67.08,,96398.68
2020-12-11,LYFT RIDE,10.31,,96388.37
2020-12-12,GAS UTILITY,64.10,,96324.27
2020-12-12,STEAM GAMES,45.44,,96278.83
2020-12-14,PARKING GARAGE,13.59,,96265.24
2020-12-14,CITY MEDICAL CLINIC,203.17,,96062.07
2020-12-15,EZ PASS TOLL,30.96,,96031.11
2020-12-16,VERIZON WIRELESS,137.04,,95894.07
2020-12-16,KROGER #1190,78.43,,95815.64
2020-12-17,ELECTRIC COMPANY,164.14,,95651.50
2020-12-17,TICKETMASTER,28.33,,95623.17
2020-12-18,DOORDASH*RESTAURANT,48.69,,95574.48
2020-12-19,KROGER #1190,51.07,,95523.41
2020-12-19,IKEA,42.69,,95480.72
2020-12-22,ACH CREDIT YEAR END BONUS,,1008.12,96488.84
2020-12-23,MCDONALD'S,67.04,,96421.80
2020-12-23,TARGET.COM,52.93,,96368.87
2020-12-23,WALGREENS,203.53,,96165.34
2020-12-23,ATM WITHDRAWAL,60.05,,96105.29
2020-12-24,VERIZON WIRELESS,97.10,,96008.19
2020-12-25,LOCAL BISTRO,54.44,,95953.75
2020-12-25,CHEVRON,10.18,,95943.57
2020-12-25,SHELL OIL,35.58,,95907.99
2020-12-26,CHIPOTLE ONLINE,67.43,,95840.56
2020-12-27,UBER TRIP,61.16,,95779.40
2020-12-27,SHELL OIL,62.10,,95717.30
2020-12-28,SPOTIFY USA,23.90,,95693.40
2020-12-30,TRADER JOE'S,67.75,,95625.65
2020-12-30,WALMART SUPERCENTER,95.97,,95529.68
2021-01-01,MCDONALD'S,20.67,,95509.01
2021-01-01,PARKING GARAGE,46.20,,95462.81
2021-01-02,ACH CREDIT EMPLOYER PAYROLL,,6426.39,101889.20
2021-01-03,BILL PAY RENT LANDLORD,1569.88,,100319.32
2021-01-04,WALMART SUPERCENTER,125.83,,100193.49
2021-01-05,METRO TRANSIT,30.48,,100163.01
2021-01-05,DISNEYPLUS,21.49,,100141.52
2021-01-07,CHIPOTLE ONLINE,64.06,,100077.46
2021-01-07,EZ PASS TOLL,28.77,,100048.69
2021-01-08,PAYPAL TRANSFER,,584.27,100632.96
2021-01-08,METRO TRANSIT,12.62,,100620.34
2021-01-09,AMAZON.COM,196.86,,100423.48
2021-01-10,WHOLE FOODS #4821,64.32,,100359.16
2021-01-10,PIZZA HUT,78.38,,100280.78
2021-01-10,METRO TRANSIT,28.93,,100251.85
2021-01-11,TRADER JOE'S,76.26,,100175.59
2021-01-12,TICKETMASTER,39.24,,100136.35
2021-01-13,CITY WATER BILL,91.55,,100044.80
2021-01-14,LOCAL BISTRO,80.88,,99963.92
2021-01-15,GAS UTILITY,192.70,,99771.22
2021-01-15,WHOLE FOODS #4821,149.99,,99621.23
2021-01-15,EZ PASS TOLL,69.79,,99551.44
2021-01-15,INSURANCE ANNUAL PREMIUM,1163.70,,98387.74
2021-01-16,PIZZA HUT,48.63,,98339.11
2021-01-16,AMAZON MKTP,51.49,,98287.62
2021-01-18,METRO TRANSIT,29.86,,98257.76
2021-01-22,FRESH MARKET,103.67,,98154.09
2021-01-22,CHEVRON,5.67,,98148.42
2021-01-23,DENTAL CARE,212.61,,97935.81
2021-01-25,IKEA,132.43,,97803.38
2021-01-26,SHELL OIL,38.25,,97765.13
2021-01-26,METRO TRANSIT,35.82,,97729.31
2021-01-27,ALDI 729,45.65,,97683.66
2021-01-27,DISNEYPLUS,15.29,,97668.37
2021-01-29,CHIPOTLE ONLINE,64.14,,97604.23
2021-01-29,SHELL OIL,20.78,,97583.45
2021-01-29,AMAZON MKTP,113.72,,97469.73
2021-01-31,BEST BUY,124.90,,97344.83
2021-01-31,STEAM GAMES,43.82,,97301.01
2021-02-01,DENTAL CARE,182.57,,97118.44
2021-02-02,ACH CREDIT EMPLOYER PAYROLL,,6380.53,103498.97
2021-02-02,TRADER JOE'S,26.08,,103472.89
2021-02-02,SUSHI HOUSE,6.52,,103466.37
2021-02-03,BILL PAY RENT LANDLORD,1555.24,,101911.13
2021-02-03,SHELL OIL,27.98,,101883.15
2021-02-04,METRO TRANSIT,61.19,,101821.96
2021-02-05,MCDONALD'S,72.71,,101749.25
2021-02-06,GAS UTILITY,101.18,,101648.07
2021-02-07,TRADER JOE'S,55.18,,101592.89
2021-02-07,METRO TRANSIT,56.88,,101536.01
2021-02-07,METRO TRANSIT,69.56,,101466.45
2021-02-09,IKEA,133.49,,101332.96
2021-02-10,TRADER JOE'S,39.14,,101293.82
2021-02-10,UBER EATS,30.23,,101263.59
2021-02-10,STEAM GAMES,61.94,,101201.65
2021-02-11,ZELLE FROM CLIENT,,1041.13,102242.78
2021-02-11,SHELL OIL,14.13,,102228.65
2021-02-11,AMC THEATRES,38.70,,102189.95
2021-02-12,NETFLIX.COM,53.35,,102136.60
2021-02-13,WALMART SUPERCENTER,71.63,,102064.97
2021-02-13,METRO TRANSIT,53.69,,102011.28
2021-02-13,TARGET.COM,162.60,,101848.68
2021-02-13,AMAZON.COM,241.05,,101607.63
2021-02-13,ZELLE TO FRIEND,185.06,,101422.57
2021-02-14,COMCAST CABLE,168.36,,101254.21
2021-02-14,AMC THEATRES,57.87,,101196.34
2021-02-15,WHOLE FOODS #4821,106.32,,101090.02
2021-02-15,MCDONALD'S,76.57,,101013.45
2021-02-17,ELECTRIC COMPANY,64.19,,100949.26
2021-02-18,TRADER JOE'S,18.46,,100930.80
2021-02-18,METRO TRANSIT,60.06,,100870.74
2021-02-18,BEST BUY,230.24,,100640.50
2021-02-19,CHEVRON,68.46,,100572.04
2021-02-19,LYFT RIDE,22.70,,100549.34
2021-02-20,STARBUCKS STORE,78.33,,100471.01
2021-02-21,EZ PASS TOLL,24.76,,100446.25
2021-02-21,CVS/PHARMACY,166.98,,100279.27
2021-02-22,MCDONALD'S,28.07,,100251.20
2021-02-23,GAS UTILITY,66.81,,100184.39
2021-02-24,EZ PASS TOLL,37.56,,100146.83
2021-02-25,WHOLE FOODS #4821,91.11,,100055.72
2021-02-25,COSTCO WHSE,57.08,,99998.64
2021-02-25,METRO TRANSIT,7.14,,99991.50
2021-02-26,UBER TRIP,35.76,,99955.74
2021-02-27,BEST BUY,214.96,,99740.78
2021-03-01,WALMART SUPERCENTER,38.37,,99702.41
2021-03-01,SHELL OIL,28.30,,99674.11
2021-03-02,ACH CREDIT EMPLOYER PAYROLL,,6382.84,106056.95
2021-03-02,SUSHI HOUSE,33.42,,106023.53
2021-03-02,AMC THEATRES,27.42,,105996.11
2021-03-03,BILL PAY RENT LANDLORD,1584.66,,104411.45
2021-03-03,MCDONALD'S,35.11,,104376.34
2021-03-03,METRO TRANSIT,31.10,,104345.24
2021-03-03,VENMO PAYMENT,139.92,,104205.32
2021-03-04,FRESH MARKET,139.74,,104065.58
2021-03-04,KROGER #1190,106.96,,103958.62
2021-03-05,ALDI 729,126.82,,103831.80
2021-03-05,CVS/PHARMACY,173.63,,103658.17
2021-03-06,VERIZON WIRELESS,39.79,,103618.38
2021-03-08,FRESH MARKET,101.64,,103516.74
2021-03-09,KROGER #1190,53.01,,103463.73
2021-03-09,COSTCO WHSE,84.45,,103379.28
2021-03-09,METRO TRANSIT,48.73,,103330.55
2021-03-10,HOME DEPOT,29.23,,103301.32
2021-03-11,PIZZA HUT,13.74,,103287.58
2021-03-12,KROGER #1190,134.02,,103153.56
2021-03-14,STARBUCKS STORE,24.77,,103128.79
2021-03-14,AMAZON MKTP,70.83,,103057.96
2021-03-15,AMAZON.COM,159.82,,102898.14
2021-03-15,TICKETMASTER,47.63,,102850.51
2021-03-19,LYFT RIDE,46.61,,102803.90
2021-03-19,LYFT RIDE,52.27,,102751.63
2021-03-20,ELECTRIC COMPANY,55.67,,102695.96
2021-03-21,PARKING GARAGE,57.17,,102638.79
2021-03-22,SHELL OIL,56.76,,102582.03
2021-03-23,LOCAL BISTRO,39.70,,102542.33
2021-03-23,IKEA,247.04,,102295.29
2021-03-23,NETFLIX.COM,36.71,,102258.58
2021-03-24,ZELLE FROM CLIENT,,980.34,103238.92
2021-03-24,CITY WATER BILL,69.99,,103168.93
2021-03-24,SHELL OIL,24.04,,103144.89
2021-03-24,EZ PASS TOLL,62.77,,103082.12
2021-03-25,MCDONALD'S,27.82,,103054.30
2021-03-28,CVS/PHARMACY,17.51,,103036.79
2021-03-28,DISNEYPLUS,53.79,,102983.00
2021-03-29,WALMART SUPERCENTER,110.06,,102872.94
2021-03-29,PARKING GARAGE,11.10,,102861.84
2021-03-30,UBER TRIP,44.10,,102817.74
2021-03-30,STEAM GAMES,24.99,,102792.75
2021-03-31,STARBUCKS STORE,24.56,,102768.19
2021-03-31,CHIPOTLE ONLINE,59.38,,102708.81
2021-04-01,SHELL OIL,53.21,,102655.60
2021-04-01,LYFT RIDE,31.27,,102624.33
2021-04-02,ACH CREDIT EMPLOYER PAYROLL,,6568.21,109192.54
2021-04-03,BILL PAY RENT LANDLORD,1575.21,,107617.33
2021-04-03,COSTCO WHSE,131.93,,107485.40
2021-04-03,ALDI 729,126.22,,107359.18
2021-04-03,STEAM GAMES,22.62,,107336.56
2021-04-04,CHEVRON,67.54,,107269.02
2021-04-04,SPOTIFY USA,56.38,,107212.64
2021-04-06,HOME DEPOT,93.89,,107118.75
2021-04-08,STEAM GAMES,29.03,,107089.72
2021-04-09,PIZZA HUT,33.12,,107056.60
2021-04-10,LYFT RIDE,15.31,,107041.29
2021-04-11,IRS USATAXPYMT,593.80,,106447.49
2021-04-12,GAS UTILITY,158.09,,106289.40
2021-04-12,WHOLE FOODS #4821,45.39,,106244.01
2021-04-14,GAS UTILITY,121.34,,106122.67
2021-04-14,DOORDASH*RESTAURANT,84.24,,106038.43
2021-04-15,PARKING GARAGE,59.18,,105979.25
2021-04-16,SUSHI HOUSE,12.49,,105966.76
2021-04-16,HOME DEPOT,16.83,,105949.93
2021-04-17,AMAZON.COM,240.47,,105709.46
2021-04-18,WALMART SUPERCENTER,75.38,,105634.08
2021-04-21,MCDONALD'S,36.90,,105597.18
2021-04-21,IKEA,126.45,,105470.73
2021-04-22,LOCAL BISTRO,14.18,,105456.55
2021-04-22,CHIPOTLE ONLINE,67.30,,105389.25
2021-04-22,CHIPOTLE ONLINE,84.64,,105304.61
2021-04-23,SPOTIFY USA,24.17,,105280.44
2021-04-24,SHELL OIL,7.43,,105273.01
2021-04-27,APPLE.COM/BILL,98.05,,105174.96
2021-04-28,MCDONALD'S,16.59,,105158.37
2021-04-28,MCDONALD'S,24.30,,105134.07
2021-04-28,LYFT RIDE,16.70,,105117.37
2021-04-29,CHEVRON,23.48,,105093.89
2021-04-30,COSTCO WHSE,156.61,,104937.28
2021-04-30,TRADER JOE'S,30.64,,104906.64
2021-04-30,LYFT RIDE,28.95,,104877.69
2021-04-30,CITY MEDICAL CLINIC,195.68,,104682.01
2021-05-02,ACH CREDIT EMPLOYER PAYROLL,,6403.06,111085.07
2021-05-02,DOORDASH*RESTAURANT,33.42,,111051.65
2021-05-03,BILL PAY RENT LANDLORD,1592.49,,109459.16
2021-05-03,CVS/PHARMACY,164.85,,109294.31
2021-05-04,TRADER JOE'S,64.58,,109229.73
2021-05-04,PIZZA HUT,19.84,,109209.89
2021-05-04,LOCAL BISTRO,14.08,,109195.81
2021-05-04,LOCAL BISTRO,41.11,,109154.70
2021-05-04,PARKING GARAGE,11.93,,109142.77
2021-05-04,AMC THEATRES,50.23,,109092.54
2021-05-06,CHEVRON,23.37,,109069.17
2021-05-06,AMAZON.COM,222.57,,108846.60
2021-05-08,TRADER JOE'S,56.59,,108790.01
2021-05-09,WHOLE FOODS #4821,87.33,,108702.68
2021-05-09,UBER TRIP,4.54,,108698.14
2021-05-11,COSTCO WHSE,112.16,,108585.98
2021-05-11,CHEVRON,41.04,,108544.94
2021-05-11,APPLE.COM/BILL,279.02,,108265.92
2021-05-12,CITY WATER BILL,134.96,,108130.96
2021-05-12,COSTCO WHSE,127.47,,108003.49
2021-05-12,DOORDASH*RESTAURANT,43.62,,107959.87
2021-05-12,CHEVRON,38.62,,107921.25
2021-05-14,MCDONALD'S,41.47,,107879.78
2021-05-14,PARKING GARAGE,8.42,,107871.36
2021-05-16,EZ PASS TOLL,65.92,,107805.44
2021-05-16,TARGET.COM,54.33,,107751.11
2021-05-16,AMC THEATRES,55.22,,107695.89
2021-05-18,AMC THEATRES,62.03,,107633.86
2021-05-21,COSTCO WHSE,23.68,,107610.18
2021-05-22,AMAZON MKTP,91.03,,107519.15
2021-05-23,LOCAL BISTRO,29.14,,107490.01
2021-05-25,CITY WATER BILL,83.55,,107406.46
2021-05-25,TRADER JOE'S,76.22,,107330.24
2021-05-25,CVS/PHARMACY,51.91,,107278.33
2021-05-26,TARGET.COM,61.18,,107217.15
2021-05-28,MCDONALD'S,33.21,,107183.94
2021-05-30,ALDI 729,123.96,,107059.98
2021-05-30,EZ PASS TOLL,20.72,,107039.26
2021-05-31,COSTCO WHSE,37.24,,107002.02
2021-05-31,WALGREENS,141.28,,106860.74
2021-06-02,ACH CREDIT EMPLOYER PAYROLL,,6280.41,113141.15
2021-06-02,TRADER JOE'S,103.11,,113038.04
2021-06-03,BILL PAY RENT LANDLORD,1561.45,,111476.59
2021-06-03,TRADER JOE'S,27.15,,111449.44
2021-06-03,PARKING GARAGE,67.20,,111382.24
2021-06-04,UBER EATS,19.07,,111363.17
2021-06-04,CHEVRON,55.05,,111308.12
2021-06-06,WHOLE FOODS #4821,48.31,,111259.81
2021-06-06,PLANET FITNESS,192.91,,111066.90
2021-06-08,LOCAL BISTRO,62.60,,111004.30
2021-06-08,NIKE STORE,157.23,,110847.07
2021-06-09,AMAZON MKTP,124.98,,110722.09
2021-06-10,MCDONALD'S,18.02,,110704.07
2021-06-10,EZ PASS TOLL,34.54,,110669.53
2021-06-10,SHELL OIL,37.57,,110631.96
2021-06-11,BEST BUY,23.28,,110608.68
2021-06-11,DISNEYPLUS,10.79,,110597.89
2021-06-11,TICKETMASTER,57.04,,110540.85
2021-06-12,NETFLIX.COM,31.12,,110509.73
2021-06-13,KROGER #1190,63.80,,110445.93
2021-06-13,SHELL OIL,9.80,,110436.13
2021-06-14,GAS UTILITY,49.30,,110386.83
2021-06-14,UBER TRIP,67.60,,110319.23
2021-06-14,ATM WITHDRAWAL,98.74,,110220.49
2021-06-15,ALDI 729,19.05,,110201.44
2021-06-15,METRO TRANSIT,64.73,,110136.71
2021-06-15,CHEVRON,11.16,,110125.55
2021-06-15,PARKING GARAGE,18.24,,110107.31
2021-06-16,CHIPOTLE ONLINE,82.99,,110024.32
2021-06-16,HOME DEPOT,195.66,,109828.66
2021-06-17,AMAZON.COM,30.84,,109797.82
2021-06-20,PARKING GARAGE,58.46,,109739.36
2021-06-20,DISNEYPLUS,39.58,,109699.78
2021-06-21,PIZZA HUT,74.38,,109625.40
2021-06-21,IKEA,20.24,,109605.16
2021-06-23,APPLE.COM/BILL,125.37,,109479.79
2021-06-24,STARBUCKS STORE,57.63,,109422.16
2021-06-26,COMCAST CABLE,124.57,,109297.59
2021-06-26,CVS/PHARMACY,192.93,,109104.66
2021-06-27,FRESH MARKET,27.88,,109076.78
2021-07-01,ACH CREDIT EMPLOYER PAYROLL,,6420.34,115497.12
2021-07-03,BILL PAY RENT LANDLORD,1577.54,,113919.58
2021-07-03,CHEVRON,53.94,,113865.64
2021-07-03,LYFT RIDE,56.68,,113808.96
2021-07-05,PARKING GARAGE,48.92,,113760.04
2021-07-06,KROGER #1190,85.55,,113674.49
2021-07-06,ZELLE TO FRIEND,123.63,,113550.86
2021-07-07,STARBUCKS STORE,30.64,,113520.22
2021-07-09,FRESH MARKET,83.01,,113437.21
2021-07-10,COSTCO WHSE,103.17,,113334.04
2021-07-10,COSTCO WHSE,31.89,,113302.15
2021-07-11,PIZZA HUT,58.79,,113243.36
2021-07-11,DISNEYPLUS,15.45,,113227.91
2021-07-12,AMC THEATRES,63.20,,113164.71
2021-07-13,FRESH MARKET,114.79,,113049.92
2021-07-13,TARGET.COM,182.29,,112867.63
2021-07-14,KROGER #1190,71.69,,112795.94
2021-07-15,LYFT RIDE,40.92,,112755.02
2021-07-15,AIRBNB *STAY,397.87,,112357.15
2021-07-16,ALDI 729,20.82,,112336.33
2021-07-16,PARKING GARAGE,67.12,,112269.21
2021-07-16,AMAZON MKTP,265.66,,112003.55
2021-07-17,SUSHI HOUSE,21.32,,111982.23
2021-07-17,METRO TRANSIT,16.29,,111965.94
2021-07-17,CHEVRON,70.98,,111894.96
2021-07-18,LOCAL BISTRO,44.80,,111850.16
2021-07-18,DENTAL CARE,154.28,,111695.88
2021-07-18,NETFLIX.COM,52.34,,111643.54
2021-07-19,WHOLE FOODS #4821,112.14,,111531.40
2021-07-21,AMAZON.COM,183.07,,111348.33
2021-07-22,SHELL OIL,21.21,,111327.12
2021-07-23,SUSHI HOUSE,14.60,,111312.52
2021-07-23,NIKE STORE,61.69,,111250.83
2021-07-24,ELECTRIC COMPANY,175.25,,111075.58
2021-07-24,GAS UTILITY,117.99,,110957.59
2021-07-25,ELECTRIC COMPANY,153.60,,110803.99
2021-07-25,WALMART SUPERCENTER,63.38,,110740.61
2021-07-25,SHELL OIL,46.87,,110693.74
2021-07-28,PIZZA HUT,12.49,,110681.25
2021-07-29,PARKING GARAGE,57.38,,110623.87
2021-07-31,SUSHI HOUSE,51.46,,110572.41
2021-07-31,BEST BUY,136.53,,110435.88
2021-08-01,AMAZON.COM,82.12,,110353.76
2021-08-03,ACH CREDIT EMPLOYER PAYROLL,,6268.81,116622.57
2021-08-03,BILL PAY RENT LANDLORD,1593.81,,115028.76
2021-08-04,WHOLE FOODS #4821,57.97,,114970.79
2021-08-04,EZ PASS TOLL,26.34,,114944.45
2021-08-06,WHOLE FOODS #4821,108.35,,114836.10
2021-08-06,EZ PASS TOLL,31.51,,114804.59
2021-08-06,DENTAL CARE,62.26,,114742.33
2021-08-07,ELECTRIC COMPANY,100.28,,114642.05
2021-08-07,WHOLE FOODS #4821,43.43,,114598.62
2021-08-08,CHEVRON,22.55,,114576.07
2021-08-09,LYFT RIDE,7.32,,114568.75
2021-08-09,TICKETMASTER,61.47,,114507.28
2021-08-11,CHEVRON,22.63,,114484.65
2021-08-11,CHEVRON,39.25,,114445.40
2021-08-12,FRESH MARKET,80.03,,114365.37
2021-08-12,ALDI 729,146.44,,114218.93
2021-08-12,AMC THEATRES,25.04,,114193.89
2021-08-13,DENTAL CARE,169.96,,114023.93
2021-08-16,HOTEL BOOKING,685.54,,113338.39
2021-08-17,BEST BUY,222.56,,113115.83
2021-08-18,DOORDASH*RESTAURANT,27.90,,113087.93
2021-08-18,MCDONALD'S,29.87,,113058.06
2021-08-21,UBER EATS,48.49,,113009.57
2021-08-22,METRO TRANSIT,61.57,,112948.00
2021-08-22,AMAZON MKTP,110.15,,112837.85
2021-08-22,NETFLIX.COM,58.49,,112779.36
2021-08-24,MCDONALD'S,82.80,,112696.56
2021-08-24,LYFT RIDE,10.33,,112686.23
2021-08-25,ELECTRIC COMPANY,137.29,,112548.94
2021-08-25,BEST BUY,225.40,,112323.54
2021-08-26,WHOLE FOODS #4821,136.85,,112186.69
2021-08-26,PIZZA HUT,58.44,,112128.25
2021-08-27,COSTCO WHSE,144.96,,111983.29
2021-08-27,LOCAL BISTRO,62.69,,111920.60
2021-08-27,STEAM GAMES,46.89,,111873.71
2021-08-28,SUSHI HOUSE,9.21,,111864.50
2021-08-29,PIZZA HUT,79.71,,111784.79
2021-08-31,VENMO PAYMENT,180.30,,111604.49
2021-09-01,ACH CREDIT EMPLOYER PAYROLL,,6360.80,117965.29
2021-09-01,APPLE.COM/BILL,218.31,,117746.98
2021-09-02,UBER TRIP,37.31,,117709.67
2021-09-03,BILL PAY RENT LANDLORD,1558.38,,116151.29
2021-09-03,AMAZON.COM,278.51,,115872.78
2021-09-04,TRADER JOE'S,154.03,,115718.75
2021-09-04,CHEVRON,46.23,,115672.52
2021-09-07,LYFT RIDE,17.65,,115654.87
2021-09-08,TRADER JOE'S,91.82,,115563.05
2021-09-08,TRADER JOE'S,125.96,,115437.09
2021-09-11,VENMO CASHOUT,,877.08,116314.17
2021-09-11,CHEVRON,68.77,,116245.40
2021-09-13,GAS UTILITY,113.41,,116131.99
2021-09-13,DOORDASH*RESTAURANT,10.90,,116121.09
2021-09-13,HOME DEPOT,76.09,,116045.00
2021-09-15,SUSHI HOUSE,31.37,,116013.63
2021-09-16,FRESH MARKET,22.01,,115991.62
2021-09-16,DOORDASH*RESTAURANT,25.56,,115966.06
2021-09-16,UBER EATS,77.81,,115888.25
2021-09-18,DISNEYPLUS,47.77,,115840.48
2021-09-19,ZELLE TO FRIEND,273.64,,115566.84
2021-09-20,LOCAL BISTRO,8.32,,115558.52
2021-09-20,HOME DEPOT,270.36,,115288.16
2021-09-21,WALMART SUPERCENTER,108.07,,115180.09
2021-09-21,CHIPOTLE ONLINE,18.16,,115161.93
2021-09-22,FRESH MARKET,80.93,,115081.00
2021-09-23,CHEVRON,51.71,,115029.29
2021-09-24,PARKING GARAGE,64.56,,114964.73
2021-09-24,AMAZON.COM,89.13,,114875.60
2021-09-26,VERIZON WIRELESS,191.42,,114684.18
2021-09-26,DOORDASH*RESTAURANT,81.28,,114602.90
2021-09-26,AMAZON.COM,39.15,,114563.75
2021-09-26,CVS/PHARMACY,145.86,,114417.89
2021-09-26,NETFLIX.COM,44.80,,114373.09
2021-09-28,NETFLIX.COM,59.59,,114313.50
2021-09-29,SHELL OIL,70.33,,114243.17
2021-09-30,DOORDASH*RESTAURANT,23.32,,114219.85
2021-09-30,LYFT RIDE,11.22,,114208.63
2021-10-02,ACH CREDIT EMPLOYER PAYROLL,,6414.28,120622.91
2021-10-02,TRADER JOE'S,133.80,,120489.11
2021-10-02,LYFT RIDE,60.87,,120428.24
2021-10-03,BILL PAY RENT LANDLORD,1593.69,,118834.55
2021-10-03,SUSHI HOUSE,47.32,,118787.23
2021-10-03,CHEVRON,32.57,,118754.66
2021-10-07,KROGER #1190,94.29,,118660.37
2021-10-07,SUSHI HOUSE,12.22,,118648.15
2021-10-08,SHELL OIL,30.31,,118617.84
2021-10-08,WALGREENS,208.32,,118409.52
2021-10-08,ATM WITHDRAWAL,40.05,,118369.47
2021-10-09,ELECTRIC COMPANY,82.91,,118286.56
2021-10-09,ALDI 729,94.95,,118191.61
2021-10-10,APPLE.COM/BILL,138.51,,118053.10
2021-10-11,DISNEYPLUS,31.19,,118021.91
2021-10-12,GAS UTILITY,101.25,,117920.66
2021-10-13,COSTCO WHSE,150.80,,117769.86
2021-10-13,CHEVRON,54.34,,117715.52
2021-10-15,NIKE STORE,73.07,,117642.45
2021-10-18,CITY WATER BILL,154.52,,117487.93
2021-10-19,PIZZA HUT,16.02,,117471.91
2021-10-19,AMAZON MKTP,97.97,,117373.94
2021-10-19,TICKETMASTER,16.32,,117357.62
2021-10-20,SUSHI HOUSE,33.03,,117324.59
2021-10-20,NIKE STORE,19.40,,117305.19
2021-10-21,IKEA,167.71,,117137.48
2021-10-22,ALDI 729,127.96,,117009.52
2021-10-22,EZ PASS TOLL,70.14,,116939.38
2021-10-22,CHEVRON,12.63,,116926.75
2021-10-23,PAYPAL TRANSFER,,230.37,117157.12
2021-10-24,ELECTRIC COMPANY,128.66,,117028.46
2021-10-24,EZ PASS TOLL,8.92,,117019.54
2021-10-25,WALMART SUPERCENTER,116.97,,116902.57
2021-10-26,STARBUCKS STORE,7.16,,116895.41
2021-10-26,UBER EATS,33.96,,116861.45
2021-10-26,SHELL OIL,42.76,,116818.69
2021-10-29,COSTCO WHSE,105.35,,116713.34
2021-10-31,PARKING GARAGE,66.06,,116647.28
2021-10-31,TARGET.COM,83.60,,116563.68
2021-10-31,TICKETMASTER,26.58,,116537.10
2021-11-01,ACH CREDIT EMPLOYER PAYROLL,,6341.97,122879.07
2021-11-01,KROGER #1190,90.79,,122788.28
2021-11-01,SHELL OIL,40.11,,122748.17
2021-11-01,PLANET FITNESS,26.20,,122721.97
2021-11-03,BILL PAY RENT LANDLORD,1572.46,,121149.51
2021-11-03,SHELL OIL,29.58,,121119.93
2021-11-04,WALGREENS,191.33,,120928.60
2021-11-05,UBER EATS,8.30,,120920.30
2021-11-06,WALMART SUPERCENTER,34.25,,120886.05
2021-11-06,NIKE STORE,89.79,,120796.26
2021-11-07,MCDONALD'S,24.17,,120772.09
2021-11-07,BEST BUY,14.94,,120757.15
2021-11-07,AMAZON.COM,226.72,,120530.43
2021-11-08,COMCAST CABLE,59.21,,120471.22
2021-11-08,FRESH MARKET,30.80,,120440.42
2021-11-11,BEST BUY,49.96,,120390.46
2021-11-11,ETSY.COM,46.77,,120343.69
2021-11-12,CITY WATER BILL,65.00,,120278.69
2021-11-12,PARKING GARAGE,8.53,,120270.16
2021-11-14,VERIZON WIRELESS,82.98,,120187.18
2021-11-14,UBER EATS,51.25,,120135.93
2021-11-14,CITY MEDICAL CLINIC,174.96,,119960.97
2021-11-16,TRADER JOE'S,47.70,,119913.27
2021-11-16,TRADER JOE'S,158.42,,119754.85
2021-11-16,APPLE.COM/BILL,120.07,,119634.78
2021-11-18,DOORDASH*RESTAURANT,59.58,,119575.20
2021-11-19,AMAZON.COM,156.56,,119418.64
2021-11-20,LYFT RIDE,67.69,,119350.95
2021-11-21,SHELL OIL,50.78,,119300.17
2021-11-21,STEAM GAMES,45.52,,119254.65
2021-11-22,COSTCO WHSE,103.61,,119151.04
2021-11-22,UBER EATS,22.42,,119128.62
2021-11-23,KROGER #1190,65.75,,119062.87
2021-11-23,CHEVRON,44.84,,119018.03
2021-11-23,BEST BUY,203.28,,118814.75
2021-11-24,STEAM GAMES,13.31,,118801.44
2021-11-25,UBER TRIP,16.27,,118785.17
2021-11-27,TICKETMASTER,15.11,,118770.06
2021-11-28,SUSHI HOUSE,34.87,,118735.19
2021-11-28,CHIPOTLE ONLINE,64.29,,118670.90
2021-11-29,SHELL OIL,68.43,,118602.47
2021-11-29,EZ PASS TOLL,62.26,,118540.21
2021-11-30,ALDI 729,74.14,,118466.07
2021-12-01,PIZZA HUT,59.10,,118406.97
2021-12-01,LYFT RIDE,54.83,,118352.14
2021-12-01,AMAZON.COM,45.95,,118306.19
2021-12-01,PLANET FITNESS,183.89,,118122.30
2021-12-02,UBER EATS,15.04,,118107.26
2021-12-02,AMAZON MKTP,249.25,,117858.01
2021-12-03,ACH CREDIT EMPLOYER PAYROLL,,6392.78,124250.79
2021-12-03,BILL PAY RENT LANDLORD,1566.02,,122684.77
2021-12-03,UBER TRIP,35.71,,122649.06
2021-12-05,LYFT RIDE,37.24,,122611.82
2021-12-10,KROGER #1190,124.70,,122487.12
2021-12-10,EZ PASS TOLL,55.03,,122432.09
2021-12-11,ZELLE FROM CLIENT,,977.04,123409.13
2021-12-11,CITY WATER BILL,151.37,,123257.76
2021-12-11,FRESH MARKET,82.48,,123175.28
2021-12-12,STARBUCKS STORE,51.69,,123123.59
2021-12-14,PARKING GARAGE,66.83,,123056.76
2021-12-15,ACH CREDIT YEAR END BONUS,,1785.34,124842.10
2021-12-15,VERIZON WIRELESS,61.66,,124780.44
2021-12-15,TRADER JOE'S,79.77,,124700.67
2021-12-15,EZ PASS TOLL,65.37,,124635.30
2021-12-17,ELECTRIC COMPANY,55.05,,124580.25
2021-12-19,COSTCO WHSE,54.88,,124525.37
2021-12-19,CHEVRON,57.42,,124467.95
2021-12-20,FRESH MARKET,146.96,,124320.99
2021-12-22,METRO TRANSIT,30.96,,124290.03
2021-12-25,PIZZA HUT,69.03,,124221.00
2021-12-26,COSTCO WHSE,141.92,,124079.08
2021-12-26,NETFLIX.COM,12.51,,124066.57
2021-12-27,STARBUCKS STORE,79.46,,123987.11
2021-12-27,CVS/PHARMACY,126.78,,123860.33
2021-12-28,UBER EATS,39.03,,123821.30
2021-12-28,LYFT RIDE,56.36,,123764.94
2021-12-28,AMAZON.COM,185.32,,123579.62
2021-12-29,EZ PASS TOLL,43.83,,123535.79
2021-12-29,SPOTIFY USA,37.94,,123497.85
2021-12-30,ZELLE TO FRIEND,197.40,,123300.45
2021-12-31,PARKING GARAGE,16.81,,123283.64
2022-01-01,ACH CREDIT EMPLOYER PAYROLL,,6781.30,130064.94
2022-01-01,IKEA,122.42,,129942.52
2022-01-02,WHOLE FOODS #4821,34.08,,129908.44
2022-01-02,ALDI 729,103.04,,129805.40
2022-01-02,UBER TRIP,34.02,,129771.38
2022-01-03,BILL PAY RENT LANDLORD,1601.87,,128169.51
2022-01-03,STEAM GAMES,29.43,,128140.08
2022-01-04,LOCAL BISTRO,77.01,,128063.07
2022-01-04,CITY MEDICAL CLINIC,116.61,,127946.46
2022-01-05,NETFLIX.COM,38.94,,127907.52
2022-01-06,PIZZA HUT,65.05,,127842.47
2022-01-07,LYFT RIDE,71.87,,127770.60
2022-01-07,AMAZON MKTP,265.43,,127505.17
2022-01-08,VERIZON WIRELESS,142.45,,127362.72
2022-01-08,METRO TRANSIT,14.23,,127348.49
2022-01-08,DENTAL CARE,27.49,,127321.00
2022-01-09,MCDONALD'S,18.80,,127302.20
2022-01-09,TARGET.COM,74.39,,127227.81
2022-01-10,CHIPOTLE ONLINE,53.32,,127174.49
2022-01-11,METRO TRANSIT,27.82,,127146.67
2022-01-13,LYFT RIDE,49.31,,127097.36
2022-01-14,VERIZON WIRELESS,162.68,,126934.68
2022-01-14,STARBUCKS STORE,23.93,,126910.75
2022-01-15,VERIZON WIRELESS,146.52,,126764.23
2022-01-15,ALDI 729,23.66,,126740.57
2022-01-15,INSURANCE ANNUAL PREMIUM,1140.07,,125600.50
2022-01-16,VENMO CASHOUT,,764.57,126365.07
2022-01-16,METRO TRANSIT,32.49,,126332.58
2022-01-17,HOME DEPOT,18.58,,126314.00
2022-01-19,WHOLE FOODS #4821,30.12,,126283.88
2022-01-19,HOME DEPOT,240.11,,126043.77
2022-01-20,AMAZON MKTP,158.65,,125885.12
2022-01-21,METRO TRANSIT,69.77,,125815.35
2022-01-22,CHIPOTLE ONLINE,56.84,,125758.51
2022-01-23,DOORDASH*RESTAURANT,14.39,,125744.12
2022-01-24,LOCAL BISTRO,56.48,,125687.64
2022-01-25,COSTCO WHSE,112.50,,125575.14
2022-01-25,MCDONALD'S,12.13,,125563.01
2022-01-27,LOCAL BISTRO,22.90,,125540.11
2022-01-27,PARKING GARAGE,27.79,,125512.32
2022-01-27,STEAM GAMES,32.92,,125479.40
2022-01-28,COSTCO WHSE,96.31,,125383.09
2022-01-28,UBER TRIP,25.49,,125357.60
2022-01-30,WHOLE FOODS #4821,96.27,,125261.33
2022-01-30,SHELL OIL,24.30,,125237.03
2022-01-30,PARKING GARAGE,29.10,,125207.93
2022-01-30,CHEVRON,68.97,,125138.96
2022-02-01,WALMART SUPERCENTER,132.50,,125006.46
2022-02-01,LOCAL BISTRO,10.98,,124995.48
2022-02-02,UBER EATS,31.72,,124963.76
2022-02-02,SHELL OIL,10.77,,124952.99
2022-02-02,AMAZON.COM,183.08,,124769.91
2022-02-03,ACH CREDIT EMPLOYER PAYROLL,,6544.87,131314.78
2022-02-03,BILL PAY RENT LANDLORD,1603.15,,129711.63
2022-02-03,AMAZON MKTP,91.61,,129620.02
2022-02-05,CITY WATER BILL,53.37,,129566.65
2022-02-05,GAS UTILITY,159.56,,129407.09
2022-02-05,LOCAL BISTRO,19.13,,129387.96
2022-02-06,WHOLE FOODS #4821,156.40,,129231.56
2022-02-07,METRO TRANSIT,31.09,,129200.47
2022-02-08,WHOLE FOODS #4821,129.46,,129071.01
2022-02-08,UBER TRIP,68.37,,129002.64
2022-02-08,AMC THEATRES,55.86,,128946.78
2022-02-10,DISNEYPLUS,9.87,,128936.91
2022-02-12,KROGER #1190,77.36,,128859.55
2022-02-13,LYFT RIDE,7.72,,128851.83
2022-02-14,MCDONALD'S,20.66,,128831.17
2022-02-14,CVS/PHARMACY,160.11,,128671.06
2022-02-14,NETFLIX.COM,49.06,,128622.00
2022-02-15,PARKING GARAGE,8.76,,128613.24
2022-02-15,AMAZON.COM,167.24,,128446.00
2022-02-16,KROGER #1190,58.56,,128387.44
2022-02-16,TARGET.COM,129.98,,128257.46
2022-02-17,UBER TRIP,38.41,,128219.05
2022-02-18,METRO TRANSIT,45.88,,128173.17
2022-02-18,BEST BUY,217.22,,127955.95
2022-02-19,SHELL OIL,38.68,,127917.27
2022-02-19,AMAZON.COM,147.71,,127769.56
2022-02-20,UBER TRIP,5.72,,127763.84
2022-02-21,FRESH MARKET,35.71,,127728.13
2022-02-21,PARKING GARAGE,35.19,,127692.94
2022-02-22,CITY WATER BILL,35.16,,127657.78
2022-02-22,FRESH MARKET,72.41,,127585.37
2022-02-22,STARBUCKS STORE,47.61,,127537.76
2022-02-23,PIZZA HUT,30.27,,127507.49
2022-02-24,EZ PASS TOLL,66.19,,127441.30
2022-02-24,METRO TRANSIT,33.43,,127407.87
2022-02-26,MCDONALD'S,59.52,,127348.35
2022-02-26,LOCAL BISTRO,30.34,,127318.01
2022-02-28,UBER EATS,67.92,,127250.09
2022-03-01,CHEVRON,38.13,,127211.96
2022-03-01,PLANET FITNESS,157.06,,127054.90
2022-03-02,ACH CREDIT EMPLOYER PAYROLL,,6578.91,133633.81
2022-03-03,BILL PAY RENT LANDLORD,1630.82,,132002.99
2022-03-03,MCDONALD'S,68.09,,131934.90
2022-03-05,KROGER #1190,98.67,,131836.23
2022-03-06,TRADER JOE'S,122.53,,131713.70
2022-03-06,ATM WITHDRAWAL,213.42,,131500.28
2022-03-07,MCDONALD'S,81.77,,131418.51
2022-03-07,STARBUCKS STORE,41.96,,131376.55
2022-03-07,CHEVRON,4.47,,131372.08
2022-03-07,CHEVRON,35.88,,131336.20
2022-03-08,TARGET.COM,31.32,,131304.88
2022-03-10,TRADER JOE'S,25.44,,131279.44
2022-03-10,DOORDASH*RESTAURANT,55.67,,131223.77
2022-03-10,CHEVRON,21.67,,131202.10
2022-03-11,SHELL OIL,66.14,,131135.96
2022-03-11,EZ PASS TOLL,24.60,,131111.36
2022-03-13,ELECTRIC COMPANY,105.04,,131006.32
2022-03-13,SUSHI HOUSE,8.55,,130997.77
2022-03-13,NETFLIX.COM,27.75,,130970.02
2022-03-14,KROGER #1190,153.18,,130816.84
2022-03-14,MCDONALD'S,79.98,,130736.86
2022-03-14,EZ PASS TOLL,8.58,,130728.28
2022-03-15,KROGER #1190,63.67,,130664.61
2022-03-15,CHEVRON,27.25,,130637.36
2022-03-15,APPLE.COM/BILL,149.41,,130487.95
2022-03-16,WHOLE FOODS #4821,61.12,,130426.83
2022-03-18,VERIZON WIRELESS,140.30,,130286.53
2022-03-18,SHELL OIL,43.78,,130242.75
2022-03-21,WHOLE FOODS #4821,94.66,,130148.09
2022-03-21,WALGREENS,77.49,,130070.60
2022-03-22,WALMART SUPERCENTER,85.03,,129985.57
2022-03-22,LOCAL BISTRO,61.99,,129923.58
2022-03-22,UBER TRIP,22.40,,129901.18
2022-03-23,METRO TRANSIT,25.24,,129875.94
2022-03-24,SPOTIFY USA,29.05,,129846.89
2022-03-24,SPOTIFY USA,60.24,,129786.65
2022-03-25,WHOLE FOODS #4821,135.97,,129650.68
2022-03-25,STARBUCKS STORE,59.90,,129590.78
2022-03-25,CVS/PHARMACY,197.44,,129393.34
2022-03-25,NETFLIX.COM,33.30,,129360.04
2022-03-28,AMAZON.COM,241.35,,129118.69
2022-03-30,IKEA,92.66,,129026.03
2022-03-31,SHELL OIL,58.73,,128967.30
2022-04-01,ACH CREDIT EMPLOYER PAYROLL,,6789.38,135756.68
2022-04-01,APPLE.COM/BILL,203.33,,135553.35
2022-04-01,TICKETMASTER,34.66,,135518.69
2022-04-02,TARGET.COM,220.32,,135298.37
2022-04-03,BILL PAY RENT LANDLORD,1614.18,,133684.19
2022-04-03,CHIPOTLE ONLINE,39.93,,133644.26
2022-04-03,PARKING GARAGE,13.13,,133631.13
2022-04-06,COSTCO WHSE,125.25,,133505.88
2022-04-06,EZ PASS TOLL,42.83,,133463.05
2022-04-06,UBER TRIP,25.89,,133437.16
2022-04-07,GAS UTILITY,157.69,,133279.47
2022-04-07,PARKING GARAGE,47.41,,133232.06
2022-04-09,AMAZON.COM,29.50,,133202.56
2022-04-09,ATM WITHDRAWAL,228.14,,132974.42
2022-04-10,COSTCO WHSE,66.98,,132907.44
2022-04-11,WHOLE FOODS #4821,27.83,,132879.61
2022-04-11,CITY MEDICAL CLINIC,45.42,,132834.19
2022-04-11,IRS USATAXPYMT,1307.01,,131527.18
2022-04-12,CITY WATER BILL,123.79,,131403.39
2022-04-12,CHEVRON,20.09,,131383.30
2022-04-12,AMAZON MKTP,90.53,,131292.77
2022-04-14,GAS UTILITY,38.35,,131254.42
2022-04-15,PIZZA HUT,39.81,,131214.61
2022-04-15,UBER EATS,42.88,,131171.73
2022-04-16,CVS/PHARMACY,26.55,,131145.18
2022-04-17,PAYPAL TRANSFER,,802.29,131947.47
2022-04-17,COMCAST CABLE,192.43,,131755.04
2022-04-17,COSTCO WHSE,70.15,,131684.89
2022-04-17,LYFT RIDE,45.02,,131639.87
2022-04-18,COSTCO WHSE,141.42,,131498.45
2022-04-18,SUSHI HOUSE,32.04,,131466.41
2022-04-18,AMC THEATRES,54.72,,131411.69
2022-04-19,PARKING GARAGE,61.77,,131349.92
2022-04-20,SHELL OIL,31.16,,131318.76
2022-04-21,WHOLE FOODS #4821,146.39,,131172.37
2022-04-21,TRADER JOE'S,56.64,,131115.73
2022-04-21,LOCAL BISTRO,31.01,,131084.72
2022-04-22,IKEA,156.89,,130927.83
2022-04-24,CHEVRON,67.75,,130860.08
2022-04-27,EZ PASS TOLL,71.61,,130788.47
2022-04-29,ALDI 729,42.15,,130746.32
2022-04-29,DOORDASH*RESTAURANT,66.74,,130679.58
2022-04-29,SHELL OIL,26.29,,130653.29
2022-04-29,TARGET.COM,67.76,,130585.53
2022-04-30,FRESH MARKET,27.63,,130557.90
2022-04-30,AMC THEATRES,41.42,,130516.48
2022-05-01,SUSHI HOUSE,11.19,,130505.29
2022-05-01,UBER EATS,24.52,,130480.77
2022-05-01,SPOTIFY USA,12.83,,130467.94
2022-05-02,EZ PASS TOLL,66.92,,130401.02
2022-05-03,ACH CREDIT EMPLOYER PAYROLL,,6621.60,137022.62
2022-05-03,BILL PAY RENT LANDLORD,1602.60,,135420.02
2022-05-03,METRO TRANSIT,55.91,,135364.11
2022-05-03,EZ PASS TOLL,55.83,,135308.28
2022-05-06,FRESH MARKET,132.44,,135175.84
2022-05-07,WHOLE FOODS #4821,36.06,,135139.78
2022-05-07,NIKE STORE,278.62,,134861.16
2022-05-08,PIZZA HUT,58.24,,134802.92
2022-05-08,UBER TRIP,6.43,,134796.49
2022-05-09,ELECTRIC COMPANY,110.86,,134685.63
2022-05-09,SUSHI HOUSE,70.56,,134615.07
2022-05-09,LYFT RIDE,30.93,,134584.14
2022-05-09,STEAM GAMES,18.60,,134565.54
2022-05-11,WHOLE FOODS #4821,46.68,,134518.86
2022-05-11,CHIPOTLE ONLINE,74.44,,134444.42
2022-05-11,IKEA,66.74,,134377.68
2022-05-13,WHOLE FOODS #4821,155.08,,134222.60
2022-05-13,ALDI 729,81.18,,134141.42
2022-05-13,PLANET FITNESS,118.96,,134022.46
2022-05-14,COMCAST CABLE,51.45,,133971.01
2022-05-14,SHELL OIL,63.07,,133907.94
2022-05-15,ELECTRIC COMPANY,102.21,,133805.73
2022-05-15,CHEVRON,5.43,,133800.30
2022-05-17,PIZZA HUT,53.98,,133746.32
2022-05-19,WHOLE FOODS #4821,36.75,,133709.57
2022-05-22,HOME DEPOT,131.71,,133577.86
2022-05-23,AMC THEATRES,36.67,,133541.19
2022-05-25,GAS UTILITY,164.12,,133377.07
2022-05-28,LYFT RIDE,60.93,,133316.14
2022-05-30,TRADER JOE'S,147.78,,133168.36
2022-05-30,SUSHI HOUSE,76.85,,133091.51
2022-05-30,UBER TRIP,37.31,,133054.20
2022-05-30,AMC THEATRES,57.25,,132996.95
2022-05-31,PLANET FITNESS,145.66,,132851.29
2022-06-01,ACH CREDIT EMPLOYER PAYROLL,,6633.65,139484.94
2022-06-01,ALDI 729,159.58,,139325.36
2022-06-02,FRESH MARKET,72.21,,139253.15
2022-06-02,LOCAL BISTRO,47.90,,139205.25
2022-06-02,DOORDASH*RESTAURANT,45.42,,139159.83
2022-06-03,BILL PAY RENT LANDLORD,1619.17,,137540.66
2022-06-03,UBER EATS,78.98,,137461.68
2022-06-03,PARKING GARAGE,24.75,,137436.93
2022-06-04,NETFLIX.COM,50.92,,137386.01
2022-06-05,WALMART SUPERCENTER,44.63,,137341.38
2022-06-05,LOCAL BISTRO,35.96,,137305.42
2022-06-05,EZ PASS TOLL,28.26,,137277.16
2022-06-06,FRESH MARKET,72.47,,137204.69
2022-06-08,UBER EATS,9.33,,137195.36
2022-06-10,LYFT RIDE,68.36,,137127.00
2022-06-12,BEST BUY,37.49,,137089.51
2022-06-12,BEST BUY,93.83,,136995.68
2022-06-13,WALMART SUPERCENTER,31.95,,136963.73
2022-06-13,WALMART SUPERCENTER,81.01,,136882.72
2022-06-13,LYFT RIDE,5.24,,136877.48
2022-06-13,SPOTIFY USA,25.05,,136852.43
2022-06-14,AMAZON.COM,133.41,,136719.02
2022-06-14,STEAM GAMES,36.11,,136682.91
2022-06-15,PARKING GARAGE,41.28,,136641.63
2022-06-17,VERIZON WIRELESS,37.76,,136603.87
2022-06-17,COMCAST CABLE,193.02,,136410.85
2022-06-18,MCDONALD'S,75.46,,136335.39
2022-06-19,PLANET FITNESS,21.88,,136313.51
2022-06-20,CHIPOTLE ONLINE,16.07,,136297.44
2022-06-20,NIKE STORE,257.80,,136039.64
2022-06-21,EZ PASS TOLL,27.36,,136012.28
2022-06-21,PARKING GARAGE,42.41,,135969.87
2022-06-21,TARGET.COM,38.99,,135930.88
2022-06-21,SPOTIFY USA,60.49,,135870.39
2022-06-22,ELECTRIC COMPANY,50.36,,135820.03
2022-06-22,UBER TRIP,44.61,,135775.42
2022-06-23,AMAZON.COM,161.04,,135614.38
2022-06-23,IKEA,147.36,,135467.02
2022-06-23,CITY MEDICAL CLINIC,87.79,,135379.23
2022-06-24,ACH CREDIT FREELANCE,,357.86,135737.09
2022-06-24,FRESH MARKET,105.77,,135631.32
2022-06-24,SPOTIFY USA,53.96,,135577.36
2022-06-25,ALDI 729,46.30,,135531.06
2022-06-25,PARKING GARAGE,23.90,,135507.16
2022-06-26,UBER EATS,9.20,,135497.96
2022-06-26,EZ PASS TOLL,68.06,,135429.90
2022-06-26,LYFT RIDE,6.40,,135423.50
2022-06-28,CITY MEDICAL CLINIC,166.79,,135256.71
2022-06-29,METRO TRANSIT,50.81,,135205.90
2022-06-30,METRO TRANSIT,39.69,,135166.21
2022-07-01,FRESH MARKET,76.16,,135090.05
2022-07-01,DOORDASH*RESTAURANT,21.26,,135068.79
2022-07-01,TICKETMASTER,64.40,,135004.39
2022-07-01,DISNEYPLUS,59.12,,134945.27
2022-07-02,ACH CREDIT EMPLOYER PAYROLL,,6698.73,141644.00
2022-07-02,LOCAL BISTRO,32.84,,141611.16
2022-07-03,BILL PAY RENT LANDLORD,1636.71,,139974.45
2022-07-04,METRO TRANSIT,53.21,,139921.24
2022-07-04,HOME DEPOT,140.98,,139780.26
2022-07-06,BEST BUY,110.63,,139669.63
2022-07-07,DOORDASH*RESTAURANT,66.01,,139603.62
2022-07-07,AMAZON MKTP,221.73,,139381.89
2022-07-09,CITY WATER BILL,126.48,,139255.41
2022-07-09,COSTCO WHSE,68.77,,139186.64
2022-07-10,APPLE.COM/BILL,129.78,,139056.86
2022-07-11,WALMART SUPERCENTER,134.77,,138922.09
2022-07-11,LYFT RIDE,69.19,,138852.90
2022-07-12,KROGER #1190,142.97,,138709.93
2022-07-13,ELECTRIC COMPANY,168.81,,138541.12
2022-07-14,CITY WATER BILL,130.79,,138410.33
2022-07-15,LOCAL BISTRO,77.93,,138332.40
2022-07-15,AMC THEATRES,32.98,,138299.42
2022-07-15,HOTEL BOOKING,880.17,,137419.25
2022-07-16,COSTCO WHSE,118.02,,137301.23
2022-07-17,SHELL OIL,42.83,,137258.40
2022-07-17,TARGET.COM,164.38,,137094.02
2022-07-17,CITY MEDICAL CLINIC,36.60,,137057.42
2022-07-17,SPOTIFY USA,55.27,,137002.15
2022-07-18,METRO TRANSIT,34.63,,136967.52
2022-07-19,SHELL OIL,4.09,,136963.43
2022-07-20,KROGER #1190,150.98,,136812.45
2022-07-20,LYFT RIDE,44.62,,136767.83
2022-07-21,CHIPOTLE ONLINE,13.51,,136754.32
2022-07-21,PARKING GARAGE,38.78,,136715.54
2022-07-21,PARKING GARAGE,43.58,,136671.96
2022-07-22,ACH CREDIT FREELANCE,,811.42,137483.38
2022-07-22,CHEVRON,60.38,,137423.00
2022-07-23,DOORDASH*RESTAURANT,30.00,,137393.00
2022-07-24,SUSHI HOUSE,67.73,,137325.27
2022-07-26,PARKING GARAGE,55.29,,137269.98
2022-07-27,TICKETMASTER,45.74,,137224.24
2022-07-28,DENTAL CARE,57.27,,137166.97
2022-07-29,UBER EATS,36.24,,137130.73
2022-07-30,SHELL OIL,15.18,,137115.55
2022-07-31,ALDI 729,148.29,,136967.26
2022-08-01,ACH CREDIT EMPLOYER PAYROLL,,6540.09,143507.35
2022-08-01,METRO TRANSIT,35.02,,143472.33
2022-08-02,UBER EATS,67.72,,143404.61
2022-08-02,CHEVRON,71.74,,143332.87
2022-08-03,BILL PAY RENT LANDLORD,1600.34,,141732.53
2022-08-03,STARBUCKS STORE,15.68,,141716.85
2022-08-03,CHIPOTLE ONLINE,38.70,,141678.15
2022-08-04,DISNEYPLUS,64.87,,141613.28
2022-08-05,ALDI 729,151.83,,141461.45
2022-08-05,ALDI 729,78.83,,141382.62
2022-08-07,KROGER #1190,29.55,,141353.07
2022-08-08,CITY WATER BILL,100.71,,141252.36
2022-08-08,PIZZA HUT,40.32,,141212.04
2022-08-11,GAS UTILITY,83.42,,141128.62
2022-08-11,LYFT RIDE,20.59,,141108.03
2022-08-11,UBER TRIP,4.92,,141103.11
2022-08-11,AMAZON.COM,150.13,,140952.98
2022-08-11,ZELLE TO FRIEND,220.71,,140732.27
2022-08-12,WHOLE FOODS #4821,157.13,,140575.14
2022-08-12,LYFT RIDE,12.20,,140562.94
2022-08-14,COMCAST CABLE,169.93,,140393.01
2022-08-16,CHEVRON,4.80,,140388.21
2022-08-17,ALDI 729,105.84,,140282.37
2022-08-17,SHELL OIL,38.30,,140244.07
2022-08-17,EZ PASS TOLL,29.72,,140214.35
2022-08-18,WALMART SUPERCENTER,90.48,,140123.87
2022-08-19,UBER EATS,52.90,,140070.97
2022-08-19,APPLE.COM/BILL,232.69,,139838.28
2022-08-20,DOORDASH*RESTAURANT,63.90,,139774.38
2022-08-20,AIRBNB *STAY,679.18,,139095.20
2022-08-21,HOME DEPOT,17.69,,139077.51
2022-08-21,PLANET FITNESS,182.89,,138894.62
2022-08-22,TICKETMASTER,28.42,,138866.20
2022-08-23,EZ PASS TOLL,52.53,,138813.67
2022-08-24,PAYPAL TRANSFER,,426.78,139240.45
2022-08-24,GAS UTILITY,108.76,,139131.69
2022-08-27,AMAZON MKTP,178.61,,138953.08
2022-08-27,DISNEYPLUS,27.68,,138925.40
2022-08-29,KROGER #1190,119.84,,138805.56
2022-08-31,TRADER JOE'S,126.00,,138679.56
2022-08-31,LYFT RIDE,40.66,,138638.90
2022-08-31,APPLE.COM/BILL,93.88,,138545.02
2022-08-31,PLANET FITNESS,73.68,,138471.34
2022-09-01,ACH CREDIT EMPLOYER PAYROLL,,6591.58,145062.92
2022-09-01,WHOLE FOODS #4821,128.73,,144934.19
2022-09-01,KROGER #1190,118.67,,144815.52
2022-09-01,IKEA,221.77,,144593.75
2022-09-01,TARGET.COM,121.76,,144471.99
2022-09-02,SPOTIFY USA,50.49,,144421.50
2022-09-03,BILL PAY RENT LANDLORD,1609.48,,142812.02
2022-09-04,ALDI 729,91.41,,142720.61
2022-09-05,WALMART SUPERCENTER,135.59,,142585.02
2022-09-06,COSTCO WHSE,57.56,,142527.46
2022-09-07,ALDI 729,52.92,,142474.54
2022-09-08,CHIPOTLE ONLINE,17.93,,142456.61
2022-09-09,EZ PASS TOLL,8.29,,142448.32
2022-09-10,UBER TRIP,59.30,,142389.02
2022-09-12,AMC THEATRES,19.47,,142369.55
2022-09-13,LYFT RIDE,34.13,,142335.42
2022-09-14,PIZZA HUT,68.45,,142266.97
2022-09-15,GAS UTILITY,49.68,,142217.29
2022-09-15,METRO TRANSIT,12.21,,142205.08
2022-09-16,METRO TRANSIT,30.90,,142174.18
2022-09-17,HOME DEPOT,170.65,,142003.53
2022-09-19,TRADER JOE'S,80.81,,141922.72
2022-09-19,TRADER JOE'S,47.31,,141875.41
2022-09-19,NIKE STORE,141.49,,141733.92
2022-09-20,COSTCO WHSE,109.83,,141624.09
2022-09-20,STARBUCKS STORE,65.70,,141558.39
2022-09-20,EZ PASS TOLL,39.51,,141518.88
2022-09-21,CHEVRON,38.77,,141480.11
2022-09-21,SHELL OIL,58.85,,141421.26
2022-09-21,DENTAL CARE,115.27,,141305.99
2022-09-22,VENMO PAYMENT,179.97,,141126.02
2022-09-23,LOCAL BISTRO,81.25,,141044.77
2022-09-24,COMCAST CABLE,112.04,,140932.73
2022-09-25,CHEVRON,15.98,,140916.75
2022-09-26,WALMART SUPERCENTER,44.18,,140872.57
2022-09-28,SUSHI HOUSE,50.05,,140822.52
2022-09-28,DISNEYPLUS,51.82,,140770.70
2022-09-29,UBER EATS,38.10,,140732.60
2022-09-30,SUSHI HOUSE,6.38,,140726.22
2022-10-01,ACH CREDIT EMPLOYER PAYROLL,,6699.96,147426.18
2022-10-01,CHIPOTLE ONLINE,28.42,,147397.76
2022-10-02,DOORDASH*RESTAURANT,8.10,,147389.66
2022-10-02,CHEVRON,69.92,,147319.74
2022-10-03,BILL PAY RENT LANDLORD,1600.74,,145719.00
2022-10-03,SHELL OIL,66.14,,145652.86
2022-10-06,WALMART SUPERCENTER,146.81,,145506.05
2022-10-08,COMCAST CABLE,136.77,,145369.28
2022-10-08,EZ PASS TOLL,62.73,,145306.55
2022-10-11,LOCAL BISTRO,71.40,,145235.15
2022-10-12,STARBUCKS STORE,27.28,,145207.87
2022-10-14,ELECTRIC COMPANY,99.45,,145108.42
2022-10-14,FRESH MARKET,72.18,,145036.24
2022-10-14,COSTCO WHSE,87.65,,144948.59
2022-10-14,ZELLE TO FRIEND,147.25,,144801.34
2022-10-15,METRO TRANSIT,71.99,,144729.35
2022-10-17,FRESH MARKET,20.02,,144709.33
2022-10-17,HOME DEPOT,189.16,,144520.17
2022-10-19,METRO TRANSIT,68.84,,144451.33
2022-10-19,CHEVRON,35.43,,144415.90
2022-10-20,KROGER #1190,50.48,,144365.42
2022-10-21,LYFT RIDE,71.67,,144293.75
2022-10-21,EZ PASS TOLL,57.93,,144235.82
2022-10-21,HOME DEPOT,74.93,,144160.89
2022-10-21,CITY MEDICAL CLINIC,190.93,,143969.96
2022-10-22,LYFT RIDE,49.35,,143920.61
2022-10-23,WHOLE FOODS #4821,38.85,,143881.76
2022-10-23,STARBUCKS STORE,77.16,,143804.60
2022-10-25,LOCAL BISTRO,45.88,,143758.72
2022-10-25,STEAM GAMES,38.43,,143720.29
2022-10-26,STEAM GAMES,42.35,,143677.94
2022-10-27,PARKING GARAGE,31.85,,143646.09
2022-10-28,TARGET.COM,191.87,,143454.22
2022-10-29,ALDI 729,25.88,,143428.34
2022-10-31,ALDI 729,30.40,,143397.94
2022-10-31,MCDONALD'S,58.29,,143339.65
2022-11-02,ACH CREDIT EMPLOYER PAYROLL,,6539.09,149878.74
2022-11-02,SUSHI HOUSE,12.89,,149865.85
2022-11-02,EZ PASS TOLL,68.04,,149797.81
2022-11-03,BILL PAY RENT LANDLORD,1629.79,,148168.02
2022-11-03,LYFT RIDE,21.15,,148146.87
2022-11-03,NETFLIX.COM,34.04,,148112.83
2022-11-04,UBER TRIP,9.84,,148102.99
2022-11-04,SHELL OIL,23.60,,148079.39
2022-11-06,ALDI 729,151.27,,147928.12
2022-11-07,SHELL OIL,46.80,,147881.32
2022-11-07,ETSY.COM,198.84,,147682.48
2022-11-08,SHELL OIL,33.46,,147649.02
2022-11-08,BEST BUY,44.11,,147604.91
2022-11-08,APPLE.COM/BILL,49.57,,147555.34
2022-11-10,PIZZA HUT,43.89,,147511.45
2022-11-10,LOCAL BISTRO,25.34,,147486.11
2022-11-10,ETSY.COM,165.47,,147320.64
2022-11-10,BEST BUY,47.25,,147273.39
2022-11-11,WHOLE FOODS #4821,103.30,,147170.09
2022-11-11,PARKING GARAGE,9.70,,147160.39
2022-11-11,BEST BUY,28.83,,147131.56
2022-11-13,SUSHI HOUSE,20.00,,147111.56
2022-11-13,ETSY.COM,226.92,,146884.64
2022-11-14,LYFT RIDE,41.84,,146842.80
2022-11-15,COSTCO WHSE,121.08,,146721.72
2022-11-15,FRESH MARKET,145.61,,146576.11
2022-11-15,COSTCO WHSE,110.98,,146465.13
2022-11-16,COMCAST CABLE,134.98,,146330.15
2022-11-16,UBER EATS,24.33,,146305.82
2022-11-16,EZ PASS TOLL,41.81,,146264.01
2022-11-16,AMAZON.COM,82.49,,146181.52
2022-11-17,TARGET.COM,195.59,,145985.93
2022-11-18,STEAM GAMES,52.54,,145933.39
2022-11-18,TARGET.COM,152.57,,145780.82
2022-11-20,WALGREENS,63.18,,145717.64
2022-11-21,VERIZON WIRELESS,165.00,,145552.64
2022-11-22,ALDI 729,154.46,,145398.18
2022-11-22,TICKETMASTER,21.69,,145376.49
2022-11-23,SHELL OIL,17.42,,145359.07
2022-11-24,KROGER #1190,144.89,,145214.18
2022-11-25,CHEVRON,14.59,,145199.59
2022-11-26,ALDI 729,62.91,,145136.68
2022-11-26,EZ PASS TOLL,27.73,,145108.95
2022-11-26,BEST BUY,49.96,,145058.99
2022-11-26,ATM WITHDRAWAL,125.81,,144933.18
2022-11-29,MCDONALD'S,72.45,,144860.73
2022-12-01,ACH CREDIT EMPLOYER PAYROLL,,6597.40,151458.13
2022-12-03,BILL PAY RENT LANDLORD,1637.99,,149820.14
2022-12-03,TRADER JOE'S,74.04,,149746.10
2022-12-04,CHIPOTLE ONLINE,72.18,,149673.92
2022-12-06,KROGER #1190,44.50,,149629.42
2022-12-06,LYFT RIDE,59.59,,149569.83
2022-12-07,STEAM GAMES,57.77,,149512.06
2022-12-08,STARBUCKS STORE,83.65,,149428.41
2022-12-10,VERIZON WIRELESS,107.03,,149321.38
2022-12-10,CHEVRON,7.97,,149313.41
2022-12-10,WALGREENS,75.95,,149237.46
2022-12-11,BEST BUY,215.09,,149022.37
2022-12-12,COMCAST CABLE,103.06,,148919.31
2022-12-12,METRO TRANSIT,21.44,,148897.87
2022-12-12,IKEA,125.87,,148772.00
2022-12-14,SHELL OIL,7.63,,148764.37
2022-12-15,SUSHI HOUSE,29.40,,148734.97
2022-12-15,PARKING GARAGE,62.48,,148672.49
2022-12-16,VENMO CASHOUT,,387.14,149059.63
2022-12-16,CITY WATER BILL,166.63,,148893.00
2022-12-16,CHEVRON,35.13,,148857.87
2022-12-18,TRADER JOE'S,107.57,,148750.30
2022-12-18,AMAZON.COM,91.79,,148658.51
2022-12-19,ACH CREDIT YEAR END BONUS,,863.10,149521.61
2022-12-19,ALDI 729,131.15,,149390.46
2022-12-19,SHELL OIL,10.68,,149379.78
2022-12-23,LOCAL BISTRO,28.91,,149350.87
2022-12-24,TARGET.COM,132.65,,149218.22
2022-12-24,AMAZON MKTP,180.89,,149037.33
2022-12-25,SPOTIFY USA,21.99,,149015.34
2022-12-26,PIZZA HUT,44.29,,148971.05
2022-12-26,MCDONALD'S,6.80,,148964.25
2022-12-27,WALMART SUPERCENTER,144.07,,148820.18
2022-12-27,METRO TRANSIT,13.89,,148806.29
2022-12-28,PARKING GARAGE,19.70,,148786.59
2022-12-29,DOORDASH*RESTAURANT,26.84,,148759.75
2022-12-30,WHOLE FOODS #4821,67.26,,148692.49
2022-12-30,PARKING GARAGE,30.98,,148661.51
2022-12-30,AMAZON MKTP,150.85,,148510.66
2022-12-30,WALGREENS,30.61,,148480.05
2022-12-31,STARBUCKS STORE,53.92,,148426.13
2023-01-01,CHEVRON,41.52,,148384.61
2023-01-02,ACH CREDIT EMPLOYER PAYROLL,,6860.72,155245.33
2023-01-02,WHOLE FOODS #4821,78.11,,155167.22
2023-01-02,CHEVRON,13.40,,155153.82
2023-01-03,BILL PAY RENT LANDLORD,1679.70,,153474.12
2023-01-04,FRESH MARKET,108.15,,153365.97
2023-01-04,STARBUCKS STORE,16.71,,153349.26
2023-01-04,WALGREENS,53.42,,153295.84
2023-01-05,WHOLE FOODS #4821,78.46,,153217.38
2023-01-05,TARGET.COM,140.56,,153076.82
2023-01-05,VENMO PAYMENT,225.70,,152851.12
2023-01-06,EZ PASS TOLL,40.48,,152810.64
2023-01-07,DOORDASH*RESTAURANT,6.79,,152803.85
2023-01-07,UBER TRIP,12.20,,152791.65
2023-01-08,METRO TRANSIT,27.18,,152764.47
2023-01-09,DENTAL CARE,129.09,,152635.38
2023-01-10,WHOLE FOODS #4821,24.85,,152610.53
2023-01-11,HOME DEPOT,169.28,,152441.25
2023-01-13,COMCAST CABLE,139.84,,152301.41
2023-01-13,COSTCO WHSE,159.75,,152141.66
2023-01-14,DOORDASH*RESTAURANT,27.46,,152114.20
2023-01-14,NETFLIX.COM,30.19,,152084.01
2023-01-15,PLANET FITNESS,75.31,,152008.70
2023-01-15,INSURANCE ANNUAL PREMIUM,1257.86,,150750.84
2023-01-17,IKEA,213.06,,150537.78
2023-01-17,DISNEYPLUS,18.72,,150519.06
2023-01-18,ALDI 729,113.07,,150405.99
2023-01-18,SUSHI HOUSE,52.88,,150353.11
2023-01-19,SUSHI HOUSE,22.89,,150330.22
2023-01-20,ALDI 729,18.20,,150312.02
2023-01-21,ELECTRIC COMPANY,160.43,,150151.59
2023-01-21,LYFT RIDE,11.02,,150140.57
2023-01-21,TICKETMASTER,47.34,,150093.23
2023-01-22,MCDONALD'S,30.97,,150062.26
2023-01-23,TRADER JOE'S,87.33,,149974.93
2023-01-23,CHEVRON,17.93,,149957.00
2023-01-23,SPOTIFY USA,64.75,,149892.25
2023-01-24,MCDONALD'S,19.92,,149872.33
2023-01-24,PIZZA HUT,32.87,,149839.46
2023-01-24,EZ PASS TOLL,23.97,,149815.49
2023-01-25,ELECTRIC COMPANY,164.20,,149651.29
2023-01-25,SUSHI HOUSE,49.25,,149602.04
2023-01-27,IKEA,227.50,,149374.54
2023-01-28,UBER TRIP,68.58,,149305.96
2023-01-31,TRADER JOE'S,129.91,,149176.05
2023-02-01,ACH CREDIT EMPLOYER PAYROLL,,6811.87,155987.92
2023-02-01,PIZZA HUT,16.29,,155971.63
2023-02-01,UBER TRIP,47.68,,155923.95
2023-02-02,PARKING GARAGE,28.38,,155895.57
2023-02-03,BILL PAY RENT LANDLORD,1669.40,,154226.17
2023-02-03,WHOLE FOODS #4821,148.05,,154078.12
2023-02-03,TRADER JOE'S,30.75,,154047.37
2023-02-03,SUSHI HOUSE,11.61,,154035.76
2023-02-03,NIKE STORE,193.61,,153842.15
2023-02-05,NETFLIX.COM,39.06,,153803.09
2023-02-06,ELECTRIC COMPANY,152.59,,153650.50
2023-02-08,KROGER #1190,159.22,,153491.28
2023-02-08,SHELL OIL,32.33,,153458.95
2023-02-10,KROGER #1190,94.53,,153364.42
2023-02-10,SUSHI HOUSE,35.15,,153329.27
2023-02-10,METRO TRANSIT,64.39,,153264.88
2023-02-11,WALMART SUPERCENTER,57.15,,153207.73
2023-02-11,UBER TRIP,52.98,,153154.75
2023-02-11,PARKING GARAGE,10.10,,153144.65
2023-02-11,LYFT RIDE,43.61,,153101.04
2023-02-12,SHELL OIL,61.45,,153039.59
2023-02-14,FRESH MARKET,131.78,,152907.81
2023-02-14,METRO TRANSIT,66.63,,152841.18
2023-02-14,SPOTIFY USA,25.81,,152815.37
2023-02-15,STARBUCKS STORE,18.55,,152796.82
2023-02-16,ALDI 729,42.70,,152754.12
2023-02-16,UBER EATS,53.87,,152700.25
2023-02-17,PAYPAL TRANSFER,,756.65,153456.90
2023-02-17,NIKE STORE,249.21,,153207.69
2023-02-17,CVS/PHARMACY,210.96,,152996.73
2023-02-17,DENTAL CARE,18.33,,152978.40
2023-02-18,MCDONALD'S,15.29,,152963.11
2023-02-19,UBER TRIP,68.61,,152894.50
2023-02-20,UBER EATS,33.24,,152861.26
2023-02-21,EZ PASS TOLL,31.13,,152830.13
2023-02-22,PIZZA HUT,80.85,,152749.28
2023-02-24,ELECTRIC COMPANY,191.61,,152557.67
2023-02-25,APPLE.COM/BILL,73.23,,152484.44
2023-02-26,STARBUCKS STORE,61.75,,152422.69
2023-02-28,SPOTIFY USA,21.74,,152400.95
2023-03-01,KROGER #1190,66.37,,152334.58
2023-03-02,ACH CREDIT EMPLOYER PAYROLL,,6759.71,159094.29
2023-03-02,LYFT RIDE,9.26,,159085.03
2023-03-03,BILL PAY RENT LANDLORD,1657.18,,157427.85
2023-03-03,EZ PASS TOLL,41.14,,157386.71
2023-03-04,HOME DEPOT,174.14,,157212.57
2023-03-05,LYFT RIDE,49.00,,157163.57
2023-03-05,SHELL OIL,39.35,,157124.22
2023-03-06,STEAM GAMES,28.88,,157095.34
2023-03-07,UBER EATS,48.16,,157047.18
2023-03-09,COSTCO WHSE,48.65,,156998.53
2023-03-09,SPOTIFY USA,51.99,,156946.54
2023-03-10,UBER TRIP,57.30,,156889.24
2023-03-10,HOME DEPOT,276.04,,156613.20
2023-03-12,VERIZON WIRELESS,49.29,,156563.91
2023-03-12,CHIPOTLE ONLINE,17.58,,156546.33
2023-03-12,CVS/PHARMACY,186.65,,156359.68
2023-03-13,KROGER #1190,141.50,,156218.18
2023-03-13,UBER EATS,81.74,,156136.44
2023-03-14,CHEVRON,48.56,,156087.88
2023-03-14,CITY MEDICAL CLINIC,79.14,,156008.74
2023-03-15,MCDONALD'S,15.83,,155992.91
2023-03-15,CHEVRON,43.07,,155949.84
2023-03-17,COSTCO WHSE,115.00,,155834.84
2023-03-17,WHOLE FOODS #4821,51.07,,155783.77
2023-03-18,METRO TRANSIT,21.43,,155762.34
2023-03-18,VENMO PAYMENT,97.63,,155664.71
2023-03-19,UBER TRIP,21.34,,155643.37
2023-03-19,PARKING GARAGE,67.65,,155575.72
2023-03-19,IKEA,72.12,,155503.60
2023-03-20,TRADER JOE'S,155.41,,155348.19
2023-03-20,PIZZA HUT,28.18,,155320.01
2023-03-21,PAYPAL TRANSFER,,1014.48,156334.49
2023-03-21,STARBUCKS STORE,75.69,,156258.80
2023-03-21,LYFT RIDE,18.81,,156239.99
2023-03-23,AMAZON.COM,138.75,,156101.24
2023-03-24,CITY WATER BILL,168.79,,155932.45
2023-03-25,CITY WATER BILL,180.14,,155752.31
2023-03-26,PIZZA HUT,9.64,,155742.67
2023-03-27,PARKING GARAGE,57.53,,155685.14
2023-03-28,FRESH MARKET,84.09,,155601.05
2023-03-29,AMAZON.COM,269.38,,155331.67
2023-03-30,WHOLE FOODS #4821,106.34,,155225.33
2023-03-30,ALDI 729,98.58,,155126.75
2023-03-31,TICKETMASTER,34.76,,155091.99
2023-04-01,KROGER #1190,157.97,,154934.02
2023-04-01,SUSHI HOUSE,78.46,,154855.56
2023-04-02,ACH CREDIT EMPLOYER PAYROLL,,6850.40,161705.96
2023-04-02,WALMART SUPERCENTER,148.48,,161557.48
2023-04-02,UBER TRIP,7.60,,161549.88
2023-04-02,PARKING GARAGE,70.81,,161479.07
2023-04-02,CVS/PHARMACY,19.39,,161459.68
2023-04-03,BILL PAY RENT LANDLORD,1670.91,,159788.77
2023-04-03,HOME DEPOT,45.12,,159743.65
2023-04-05,CITY MEDICAL CLINIC,145.42,,159598.23
2023-04-06,TARGET.COM,189.83,,159408.40
2023-04-08,SHELL OIL,13.99,,159394.41
2023-04-08,NETFLIX.COM,41.08,,159353.33
2023-04-10,MCDONALD'S,78.28,,159275.05
2023-04-11,SUSHI HOUSE,68.86,,159206.19
2023-04-12,EZ PASS TOLL,29.02,,159177.17
2023-04-12,AMAZON.COM,51.16,,159126.01
2023-04-13,GAS UTILITY,134.26,,158991.75
2023-04-13,IKEA,254.74,,158737.01
2023-04-14,COSTCO WHSE,33.87,,158703.14
2023-04-14,TRADER JOE'S,43.17,,158659.97
2023-04-14,LYFT RIDE,58.31,,158601.66
2023-04-14,IRS USATAXPYMT,1426.66,,157175.00
2023-04-15,PLANET FITNESS,198.14,,156976.86
2023-04-15,DISNEYPLUS,15.49,,156961.37
2023-04-15,DISNEYPLUS,55.10,,156906.27
2023-04-16,SHELL OIL,34.72,,156871.55
2023-04-17,WHOLE FOODS #4821,45.16,,156826.39
2023-04-18,PIZZA HUT,33.01,,156793.38
2023-04-18,UBER TRIP,50.82,,156742.56
2023-04-18,VENMO PAYMENT,147.07,,156595.49
2023-04-19,SUSHI HOUSE,84.92,,156510.57
2023-04-19,TICKETMASTER,22.05,,156488.52
2023-04-20,AMAZON MKTP,112.23,,156376.29
2023-04-21,TRADER JOE'S,74.91,,156301.38
2023-04-21,WHOLE FOODS #4821,115.72,,156185.66
2023-04-21,CHIPOTLE ONLINE,38.62,,156147.04
2023-04-22,VERIZON WIRELESS,150.62,,155996.42
2023-04-22,UBER EATS,26.54,,155969.88
2023-04-25,VERIZON WIRELESS,104.69,,155865.19
2023-04-26,DOORDASH*RESTAURANT,78.81,,155786.38
2023-04-27,STARBUCKS STORE,62.50,,155723.88
2023-04-28,DOORDASH*RESTAURANT,74.05,,155649.83
2023-04-28,CHEVRON,45.59,,155604.24
2023-04-29,LOCAL BISTRO,49.91,,155554.33
2023-04-30,COSTCO WHSE,70.16,,155484.17
2023-04-30,DOORDASH*RESTAURANT,11.36,,155472.81
2023-04-30,UBER TRIP,65.35,,155407.46
2023-05-01,ACH CREDIT EMPLOYER PAYROLL,,6814.41,162221.87
2023-05-01,SHELL OIL,11.85,,162210.02
2023-05-02,DOORDASH*RESTAURANT,66.85,,162143.17
2023-05-02,SHELL OIL,71.20,,162071.97
2023-05-03,BILL PAY RENT LANDLORD,1663.51,,160408.46
2023-05-03,DOORDASH*RESTAURANT,21.58,,160386.88
2023-05-03,SUSHI HOUSE,35.59,,160351.29
2023-05-05,SPOTIFY USA,60.17,,160291.12
2023-05-06,WALMART SUPERCENTER,120.52,,160170.60
2023-05-06,UBER TRIP,17.08,,160153.52
2023-05-06,BEST BUY,243.17,,159910.35
2023-05-07,METRO TRANSIT,68.25,,159842.10
2023-05-07,DENTAL CARE,213.42,,159628.68
2023-05-09,TRADER JOE'S,93.22,,159535.46
2023-05-09,DOORDASH*RESTAURANT,25.37,,159510.09
2023-05-09,AMC THEATRES,44.76,,159465.33
2023-05-11,APPLE.COM/BILL,278.59,,159186.74
2023-05-13,FRESH MARKET,49.40,,159137.34
2023-05-16,TARGET.COM,181.99,,158955.35
2023-05-17,ELECTRIC COMPANY,91.39,,158863.96
2023-05-17,CHEVRON,25.11,,158838.85
2023-05-19,LYFT RIDE,5.21,,158833.64
2023-05-20,ACH CREDIT FREELANCE,,1130.37,159964.01
2023-05-20,ELECTRIC COMPANY,134.48,,159829.53
2023-05-20,SHELL OIL,7.03,,159822.50
2023-05-21,AMC THEATRES,56.34,,159766.16
2023-05-24,EZ PASS TOLL,53.96,,159712.20
2023-05-25,DOORDASH*RESTAURANT,18.37,,159693.83
2023-05-26,GAS UTILITY,177.41,,159516.42
2023-05-27,FRESH MARKET,154.73,,159361.69
2023-05-28,TRADER JOE'S,63.80,,159297.89
2023-05-28,ALDI 729,61.77,,159236.12
2023-05-29,UBER TRIP,22.25,,159213.87
2023-05-29,CITY MEDICAL CLINIC,35.60,,159178.27
2023-05-30,WALMART SUPERCENTER,110.41,,159067.86
2023-05-30,AMC THEATRES,9.76,,159058.10
2023-05-31,HOME DEPOT,203.62,,158854.48
2023-05-31,ZELLE TO FRIEND,220.62,,158633.86
2023-06-01,LYFT RIDE,7.40,,158626.46
2023-06-02,ACH CREDIT EMPLOYER PAYROLL,,6745.65,165372.11
2023-06-02,EZ PASS TOLL,18.80,,165353.31
2023-06-02,METRO TRANSIT,8.65,,165344.66
2023-06-03,BILL PAY RENT LANDLORD,1662.34,,163682.32
2023-06-03,PARKING GARAGE,10.72,,163671.60
2023-06-03,AMAZON.COM,19.54,,163652.06
2023-06-04,FRESH MARKET,53.07,,163598.99
2023-06-05,METRO TRANSIT,7.53,,163591.46
2023-06-07,ELECTRIC COMPANY,192.27,,163399.19
2023-06-07,WHOLE FOODS #4821,136.57,,163262.62
2023-06-08,ATM WITHDRAWAL,153.03,,163109.59
2023-06-09,CVS/PHARMACY,197.20,,162912.39
2023-06-10,ELECTRIC COMPANY,98.13,,162814.26
2023-06-13,WALMART SUPERCENTER,95.82,,162718.44
2023-06-13,WHOLE FOODS #4821,101.44,,162617.00
2023-06-13,TARGET.COM,122.84,,162494.16
2023-06-14,COSTCO WHSE,63.35,,162430.81
2023-06-14,DISNEYPLUS,47.41,,162383.40
2023-06-15,TRADER JOE'S,68.82,,162314.58
2023-06-15,SPOTIFY USA,23.61,,162290.97
2023-06-16,SUSHI HOUSE,78.29,,162212.68
2023-06-18,PIZZA HUT,48.00,,162164.68
2023-06-20,SHELL OIL,42.35,,162122.33
2023-06-21,SPOTIFY USA,54.22,,162068.11
2023-06-22,UBER EATS,58.28,,162009.83
2023-06-23,WHOLE FOODS #4821,119.51,,161890.32
2023-06-23,SHELL OIL,47.20,,161843.12
2023-06-23,CITY MEDICAL CLINIC,131.47,,161711.65
2023-06-24,DOORDASH*RESTAURANT,43.52,,161668.13
2023-06-24,UBER EATS,63.25,,161604.88
2023-06-24,SHELL OIL,52.79,,161552.09
2023-06-24,LYFT RIDE,45.45,,161506.64
2023-06-26,GAS UTILITY,95.78,,161410.86
2023-06-26,CHIPOTLE ONLINE,10.79,,161400.07
2023-06-26,TARGET.COM,124.64,,161275.43
2023-06-28,TARGET.COM,174.93,,161100.50
2023-07-01,ACH CREDIT EMPLOYER PAYROLL,,6882.88,167983.38
2023-07-01,PARKING GARAGE,61.65,,167921.73
2023-07-01,NETFLIX.COM,64.28,,167857.45
2023-07-02,METRO TRANSIT,63.76,,167793.69
2023-07-03,BILL PAY RENT LANDLORD,1680.81,,166112.88
2023-07-03,KROGER #1190,26.84,,166086.04
2023-07-03,UBER EATS,37.46,,166048.58
2023-07-04,NETFLIX.COM,21.32,,166027.26
2023-07-06,MCDONALD'S,37.00,,165990.26
2023-07-06,EZ PASS TOLL,21.44,,165968.82
2023-07-08,COMCAST CABLE,87.15,,165881.67
2023-07-08,NIKE STORE,155.02,,165726.65
2023-07-08,BEST BUY,165.60,,165561.05
2023-07-09,VENMO CASHOUT,,1164.44,166725.49
2023-07-09,APPLE.COM/BILL,239.92,,166485.57
2023-07-10,TRADER JOE'S,150.93,,166334.64
2023-07-11,ELECTRIC COMPANY,113.03,,166221.61
2023-07-12,CHIPOTLE ONLINE,80.80,,166140.81
2023-07-12,METRO TRANSIT,11.07,,166129.74
2023-07-13,LYFT RIDE,33.73,,166096.01
2023-07-14,ELECTRIC COMPANY,142.23,,165953.78
2023-07-17,METRO TRANSIT,52.84,,165900.94
2023-07-18,COSTCO WHSE,18.85,,165882.09
2023-07-18,LYFT RIDE,24.62,,165857.47
2023-07-19,WHOLE FOODS #4821,74.86,,165782.61
2023-07-19,UBER TRIP,40.16,,165742.45
2023-07-20,COSTCO WHSE,141.25,,165601.20
2023-07-20,UBER TRIP,54.48,,165546.72
2023-07-21,KROGER #1190,94.96,,165451.76
2023-07-21,AMAZON MKTP,211.76,,165240.00
2023-07-24,CITY WATER BILL,65.33,,165174.67
2023-07-24,CITY MEDICAL CLINIC,105.99,,165068.68
2023-07-25,PIZZA HUT,44.36,,165024.32
2023-07-25,DOORDASH*RESTAURANT,9.91,,165014.41
2023-07-27,PIZZA HUT,59.26,,164955.15
2023-07-27,PARKING GARAGE,52.70,,164902.45
2023-07-28,UBER EATS,60.71,,164841.74
2023-07-28,SPOTIFY USA,57.83,,164783.91
2023-07-31,WALMART SUPERCENTER,122.84,,164661.07
2023-07-31,UBER TRIP,54.27,,164606.80
2023-07-31,DENTAL CARE,136.91,,164469.89
2023-08-03,ACH CREDIT EMPLOYER PAYROLL,,6813.30,171283.19
2023-08-03,BILL PAY RENT LANDLORD,1667.97,,169615.22
2023-08-04,STEAM GAMES,50.44,,169564.78
2023-08-04,TICKETMASTER,16.70,,169548.08
2023-08-05,AMAZON MKTP,117.18,,169430.90
2023-08-06,PIZZA HUT,20.69,,169410.21
2023-08-06,APPLE.COM/BILL,259.10,,169151.11
2023-08-06,TARGET.COM,242.26,,168908.85
2023-08-07,VERIZON WIRELESS,175.68,,168733.17
2023-08-07,CHEVRON,45.38,,168687.79
2023-08-08,GAS UTILITY,181.55,,168506.24
2023-08-08,ALDI 729,52.50,,168453.74
2023-08-08,UBER EATS,50.65,,168403.09
2023-08-08,WALGREENS,20.02,,168383.07
2023-08-10,AIRBNB *STAY,502.84,,167880.23
2023-08-12,SUSHI HOUSE,17.00,,167863.23
2023-08-12,NETFLIX.COM,13.73,,167849.50
2023-08-13,COSTCO WHSE,60.68,,167788.82
2023-08-14,METRO TRANSIT,55.03,,167733.79
2023-08-15,DOORDASH*RESTAURANT,38.10,,167695.69
2023-08-16,FRESH MARKET,137.91,,167557.78
2023-08-16,COSTCO WHSE,55.68,,167502.10
2023-08-16,UBER EATS,21.69,,167480.41
2023-08-18,NIKE STORE,235.27,,167245.14
2023-08-19,GAS UTILITY,190.51,,167054.63
2023-08-19,WALMART SUPERCENTER,104.86,,166949.77
2023-08-19,WHOLE FOODS #4821,153.89,,166795.88
2023-08-19,LOCAL BISTRO,13.05,,166782.83
2023-08-20,SUSHI HOUSE,9.74,,166773.09
2023-08-21,LOCAL BISTRO,44.84,,166728.25
2023-08-21,UBER TRIP,64.73,,166663.52
2023-08-24,EZ PASS TOLL,63.15,,166600.37
2023-08-26,PARKING GARAGE,8.25,,166592.12
2023-08-29,COSTCO WHSE,157.81,,166434.31
2023-08-29,METRO TRANSIT,61.44,,166372.87
2023-08-30,TARGET.COM,257.10,,166115.77
2023-08-31,METRO TRANSIT,31.33,,166084.44
2023-08-31,METRO TRANSIT,23.71,,166060.73
2023-08-31,PLANET FITNESS,40.28,,166020.45
2023-09-03,ACH CREDIT EMPLOYER PAYROLL,,6701.78,172722.23
2023-09-03,BILL PAY RENT LANDLORD,1680.69,,171041.54
2023-09-03,TRADER JOE'S,42.37,,170999.17
2023-09-04,EZ PASS TOLL,67.72,,170931.45
2023-09-05,SHELL OIL,44.81,,170886.64
2023-09-05,PARKING GARAGE,10.80,,170875.84
2023-09-05,DISNEYPLUS,54.69,,170821.15
2023-09-08,TICKETMASTER,58.72,,170762.43
2023-09-09,ZELLE TO FRIEND,134.27,,170628.16
2023-09-10,APPLE.COM/BILL,262.84,,170365.32
2023-09-11,LOCAL BISTRO,17.71,,170347.61
2023-09-11,AMAZON.COM,191.11,,170156.50
2023-09-11,TARGET.COM,184.15,,169972.35
2023-09-12,TRADER JOE'S,77.12,,169895.23
2023-09-13,VERIZON WIRELESS,58.41,,169836.82
2023-09-13,FRESH MARKET,74.54,,169762.28
2023-09-13,DOORDASH*RESTAURANT,37.49,,169724.79
2023-09-13,LYFT RIDE,70.52,,169654.27
2023-09-14,LOCAL BISTRO,36.38,,169617.89
2023-09-15,ELECTRIC COMPANY,174.83,,169443.06
2023-09-19,ZELLE FROM CLIENT,,784.22,170227.28
2023-09-20,WHOLE FOODS #4821,135.06,,170092.22
2023-09-20,BEST BUY,66.31,,170025.91
2023-09-20,AMAZON.COM,140.35,,169885.56
2023-09-21,AMAZON MKTP,25.08,,169860.48
2023-09-22,METRO TRANSIT,67.03,,169793.45
2023-09-22,PARKING GARAGE,47.33,,169746.12
2023-09-23,TRADER JOE'S,73.35,,169672.77
2023-09-23,PLANET FITNESS,97.11,,169575.66
2023-09-24,PARKING GARAGE,48.62,,169527.04
2023-09-24,EZ PASS TOLL,44.46,,169482.58
2023-09-25,PARKING GARAGE,66.80,,169415.78
2023-09-26,TRADER JOE'S,47.41,,169368.37
2023-09-26,SUSHI HOUSE,49.80,,169318.57
2023-09-28,PIZZA HUT,57.66,,169260.91
2023-09-29,WALMART SUPERCENTER,74.80,,169186.11
2023-10-01,SHELL OIL,40.51,,169145.60
2023-10-02,CVS/PHARMACY,76.58,,169069.02
2023-10-03,ACH CREDIT EMPLOYER PAYROLL,,6869.50,175938.52
2023-10-03,BILL PAY RENT LANDLORD,1677.65,,174260.87
2023-10-03,KROGER #1190,74.71,,174186.16
2023-10-03,PARKING GARAGE,8.28,,174177.88
2023-10-04,KROGER #1190,131.93,,174045.95
2023-10-07,ELECTRIC COMPANY,126.23,,173919.72
2023-10-09,KROGER #1190,112.30,,173807.42
2023-10-09,METRO TRANSIT,7.06,,173800.36
2023-10-11,GAS UTILITY,62.09,,173738.27
2023-10-11,KROGER #1190,97.41,,173640.86
2023-10-11,PIZZA HUT,61.57,,173579.29
2023-10-11,SHELL OIL,60.58,,173518.71
2023-10-15,BEST BUY,66.26,,173452.45
2023-10-17,VERIZON WIRELESS,167.06,,173285.39
2023-10-18,WHOLE FOODS #4821,63.60,,173221.79
2023-10-19,CHIPOTLE ONLINE,59.81,,173161.98
2023-10-20,BEST BUY,176.55,,172985.43
2023-10-20,NETFLIX.COM,49.04,,172936.39
2023-10-21,CHEVRON,62.30,,172874.09
2023-10-22,COSTCO WHSE,72.24,,172801.85
2023-10-23,STARBUCKS STORE,40.01,,172761.84
2023-10-23,UBER EATS,38.60,,172723.24
2023-10-24,ALDI 729,64.20,,172659.04
2023-10-24,EZ PASS TOLL,44.27,,172614.77
2023-10-24,TICKETMASTER,10.14,,172604.63
2023-10-25,EZ PASS TOLL,17.10,,172587.53
2023-10-25,SHELL OIL,41.40,,172546.13
2023-10-25,UBER TRIP,71.32,,172474.81
2023-10-25,DISNEYPLUS,47.52,,172427.29
2023-10-26,DOORDASH*RESTAURANT,11.47,,172415.82
2023-10-27,FRESH MARKET,92.73,,172323.09
2023-10-27,SHELL OIL,46.47,,172276.62
2023-10-28,TARGET.COM,18.89,,172257.73
2023-10-29,WHOLE FOODS #4821,136.23,,172121.50
2023-10-30,STARBUCKS STORE,59.55,,172061.95
2023-10-30,SHELL OIL,30.39,,172031.56
2023-10-30,PARKING GARAGE,44.00,,171987.56
2023-10-30,AMC THEATRES,28.80,,171958.76
2023-10-31,PIZZA HUT,28.32,,171930.44
2023-10-31,VENMO PAYMENT,215.91,,171714.53
2023-11-01,MCDONALD'S,66.12,,171648.41
2023-11-02,PIZZA HUT,66.88,,171581.53
2023-11-03,ACH CREDIT EMPLOYER PAYROLL,,6736.36,178317.89
2023-11-03,BILL PAY RENT LANDLORD,1684.83,,176633.06
2023-11-04,KROGER #1190,34.58,,176598.48
2023-11-04,METRO TRANSIT,28.43,,176570.05
2023-11-06,VERIZON WIRELESS,56.62,,176513.43
2023-11-06,WALMART SUPERCENTER,136.47,,176376.96
2023-11-06,MCDONALD'S,45.28,,176331.68
2023-11-09,ALDI 729,121.73,,176209.95
2023-11-10,UBER EATS,43.86,,176166.09
2023-11-10,IKEA,181.30,,175984.79
2023-11-11,SHELL OIL,5.25,,175979.54
2023-11-11,PARKING GARAGE,28.92,,175950.62
2023-11-11,AMAZON.COM,177.70,,175772.92
2023-11-12,SUSHI HOUSE,52.97,,175719.95
2023-11-12,METRO TRANSIT,63.95,,175656.00
2023-11-12,PARKING GARAGE,64.60,,175591.40
2023-11-12,PARKING GARAGE,61.30,,175530.10
2023-11-12,TARGET.COM,192.56,,175337.54
2023-11-13,ETSY.COM,75.81,,175261.73
2023-11-14,PARKING GARAGE,8.87,,175252.86
2023-11-15,ELECTRIC COMPANY,190.46,,175062.40
2023-11-16,CHEVRON,32.56,,175029.84
2023-11-16,NETFLIX.COM,40.52,,174989.32
2023-11-17,ETSY.COM,175.08,,174814.24
2023-11-19,COMCAST CABLE,187.32,,174626.92
2023-11-21,FRESH MARKET,153.35,,174473.57
2023-11-21,WALMART SUPERCENTER,124.19,,174349.38
2023-11-21,CHEVRON,51.13,,174298.25
2023-11-22,WHOLE FOODS #4821,77.77,,174220.48
2023-11-22,UBER EATS,36.52,,174183.96
2023-11-22,CHEVRON,46.72,,174137.24
2023-11-24,WALMART SUPERCENTER,23.02,,174114.22
2023-11-26,TARGET.COM,202.16,,173912.06
2023-11-27,UBER TRIP,28.54,,173883.52
2023-11-27,AMC THEATRES,50.24,,173833.28
2023-11-27,TARGET.COM,163.45,,173669.83
2023-11-28,TRADER JOE'S,50.80,,173619.03
2023-11-28,SHELL OIL,38.90,,173580.13
2023-11-28,DENTAL CARE,188.04,,173392.09
2023-11-28,TICKETMASTER,58.14,,173333.95
2023-11-29,MCDONALD'S,81.86,,173252.09
2023-11-29,APPLE.COM/BILL,190.01,,173062.08
2023-11-30,SHELL OIL,12.49,,173049.59
2023-12-02,SUSHI HOUSE,31.33,,173018.26
2023-12-03,ACH CREDIT EMPLOYER PAYROLL,,6771.31,179789.57
2023-12-03,BILL PAY RENT LANDLORD,1668.71,,178120.86
2023-12-03,PARKING GARAGE,51.60,,178069.26
2023-12-04,WALMART SUPERCENTER,46.35,,178022.91
2023-12-05,LYFT RIDE,68.55,,177954.36
2023-12-07,GAS UTILITY,106.08,,177848.28
2023-12-08,VERIZON WIRELESS,165.02,,177683.26
2023-12-08,SUSHI HOUSE,19.02,,177664.24
2023-12-09,FRESH MARKET,157.83,,177506.41
2023-12-10,COMCAST CABLE,185.88,,177320.53
2023-12-10,COSTCO WHSE,155.42,,177165.11
2023-12-12,KROGER #1190,80.87,,177084.24
2023-12-12,UBER TRIP,67.87,,177016.37
2023-12-12,AMAZON MKTP,95.15,,176921.22
2023-12-12,APPLE.COM/BILL,172.94,,176748.28
2023-12-13,NIKE STORE,225.76,,176522.52
2023-12-16,LOCAL BISTRO,39.86,,176482.66
2023-12-17,WALMART SUPERCENTER,105.00,,176377.66
2023-12-17,DOORDASH*RESTAURANT,75.37,,176302.29
2023-12-17,HOME DEPOT,204.62,,176097.67
2023-12-17,ZELLE TO FRIEND,206.36,,175891.31
2023-12-18,TICKETMASTER,34.09,,175857.22
2023-12-19,PLANET FITNESS,169.28,,175687.94
2023-12-20,TRADER JOE'S,44.61,,175643.33
2023-12-20,SPOTIFY USA,42.48,,175600.85
2023-12-22,APPLE.COM/BILL,230.86,,175369.99
2023-12-23,LOCAL BISTRO,20.89,,175349.10
2023-12-23,LYFT RIDE,9.34,,175339.76
2023-12-23,STEAM GAMES,35.07,,175304.69
2023-12-24,ACH CREDIT YEAR END BONUS,,2256.71,177561.40
2023-12-24,KROGER #1190,82.16,,177479.24
2023-12-24,EZ PASS TOLL,53.87,,177425.37
2023-12-24,DISNEYPLUS,37.24,,177388.13
2023-12-25,GAS UTILITY,68.54,,177319.59
2023-12-25,SHELL OIL,22.51,,177297.08
2023-12-25,CHEVRON,53.20,,177243.88
2023-12-26,COSTCO WHSE,45.52,,177198.36
2023-12-26,UBER TRIP,46.89,,177151.47
2023-12-27,STARBUCKS STORE,80.18,,177071.29
2023-12-27,UBER TRIP,28.07,,177043.22
2023-12-27,HOME DEPOT,80.67,,176962.55
2023-12-30,PIZZA HUT,26.59,,176935.96
2023-12-31,UBER TRIP,69.91,,176866.05
2023-12-31,STEAM GAMES,41.49,,176824.56
2024-01-02,ACH CREDIT EMPLOYER PAYROLL,,7200.51,184025.07
2024-01-02,WHOLE FOODS #4821,103.39,,183921.68
2024-01-03,BILL PAY RENT LANDLORD,1725.03,,182196.65
2024-01-03,FRESH MARKET,65.29,,182131.36
2024-01-04,CHEVRON,67.51,,182063.85
2024-01-06,COSTCO WHSE,24.66,,182039.19
2024-01-06,COSTCO WHSE,76.36,,181962.83
2024-01-06,CHEVRON,54.86,,181907.97
2024-01-07,FRESH MARKET,72.77,,181835.20
2024-01-07,LYFT RIDE,29.24,,181805.96
2024-01-08,PARKING GARAGE,56.61,,181749.35
2024-01-10,AMC THEATRES,10.28,,181739.07
2024-01-11,KROGER #1190,143.16,,181595.91
2024-01-11,DENTAL CARE,74.41,,181521.50
2024-01-13,AMAZON.COM,24.68,,181496.82
2024-01-15,VERIZON WIRELESS,48.52,,181448.30
2024-01-15,AMAZON.COM,248.33,,181199.97
2024-01-15,INSURANCE ANNUAL PREMIUM,1143.98,,180055.99
2024-01-16,LOCAL BISTRO,70.02,,179985.97
2024-01-16,LOCAL BISTRO,44.15,,179941.82
2024-01-16,UBER EATS,34.08,,179907.74
2024-01-16,PIZZA HUT,38.59,,179869.15
2024-01-16,NETFLIX.COM,24.75,,179844.40
2024-01-17,VENMO CASHOUT,,809.15,180653.55
2024-01-17,MCDONALD'S,80.61,,180572.94
2024-01-18,METRO TRANSIT,14.47,,180558.47
2024-01-18,LYFT RIDE,4.74,,180553.73
2024-01-18,LYFT RIDE,41.44,,180512.29
2024-01-18,AMAZON MKTP,254.35,,180257.94
2024-01-19,KROGER #1190,118.13,,180139.81
2024-01-19,CHEVRON,20.37,,180119.44
2024-01-20,CHEVRON,45.75,,180073.69
2024-01-21,AMAZON.COM,73.86,,179999.83
2024-01-22,COMCAST CABLE,53.94,,179945.89
2024-01-22,PIZZA HUT,44.85,,179901.04
2024-01-22,SHELL OIL,26.51,,179874.53
2024-01-23,ELECTRIC COMPANY,139.25,,179735.28
2024-01-23,SHELL OIL,52.33,,179682.95
2024-01-24,GAS UTILITY,92.24,,179590.71
2024-01-24,STARBUCKS STORE,62.92,,179527.79
2024-01-26,LOCAL BISTRO,73.23,,179454.56
2024-01-26,EZ PASS TOLL,29.45,,179425.11
2024-01-26,AMAZON MKTP,127.38,,179297.73
2024-01-27,TRADER JOE'S,114.92,,179182.81
2024-01-30,NIKE STORE,266.20,,178916.61
2024-02-01,UBER EATS,29.99,,178886.62
2024-02-01,CHEVRON,14.93,,178871.69
2024-02-01,AMAZON.COM,34.99,,178836.70
2024-02-01,AMAZON MKTP,142.08,,178694.62
2024-02-02,ACH CREDIT EMPLOYER PAYROLL,,7025.90,185720.52
2024-02-02,FRESH MARKET,51.66,,185668.86
2024-02-02,UBER TRIP,13.90,,185654.96
2024-02-03,BILL PAY RENT LANDLORD,1727.27,,183927.69
2024-02-03,TRADER JOE'S,77.78,,183849.91
2024-02-04,CHIPOTLE ONLINE,35.77,,183814.14
2024-02-04,LYFT RIDE,59.54,,183754.60
2024-02-04,DISNEYPLUS,59.36,,183695.24
2024-02-08,EZ PASS TOLL,60.30,,183634.94
2024-02-08,AMAZON.COM,102.28,,183532.66
2024-02-09,ALDI 729,32.62,,183500.04
2024-02-12,VERIZON WIRELESS,85.42,,183414.62
2024-02-12,FRESH MARKET,134.36,,183280.26
2024-02-12,MCDONALD'S,12.29,,183267.97
2024-02-12,STARBUCKS STORE,37.74,,183230.23
2024-02-16,CHEVRON,70.46,,183159.77
2024-02-17,SHELL OIL,44.44,,183115.33
2024-02-17,SPOTIFY USA,41.44,,183073.89
2024-02-18,VENMO PAYMENT,181.57,,182892.32
2024-02-20,SUSHI HOUSE,28.21,,182864.11
2024-02-20,CVS/PHARMACY,26.08,,182838.03
2024-02-21,ALDI 729,42.86,,182795.17
2024-02-23,COMCAST CABLE,121.40,,182673.77
2024-02-23,FRESH MARKET,136.73,,182537.04
2024-02-23,PARKING GARAGE,6.70,,182530.34
2024-02-24,VERIZON WIRELESS,193.92,,182336.42
2024-02-24,KROGER #1190,47.23,,182289.19
2024-02-24,PIZZA HUT,21.47,,182267.72
2024-02-24,MCDONALD'S,46.23,,182221.49
2024-02-24,EZ PASS TOLL,50.38,,182171.11
2024-02-24,CHEVRON,37.84,,182133.27
2024-02-25,KROGER #1190,81.63,,182051.64
2024-02-26,PARKING GARAGE,68.55,,181983.09
2024-02-26,AMAZON.COM,269.93,,181713.16
2024-02-28,WALMART SUPERCENTER,109.47,,181603.69
2024-02-28,LOCAL BISTRO,53.37,,181550.32
2024-03-01,ACH CREDIT EMPLOYER PAYROLL,,7028.51,188578.83
2024-03-01,APPLE.COM/BILL,55.25,,188523.58
2024-03-01,APPLE.COM/BILL,74.49,,188449.09
2024-03-01,DISNEYPLUS,26.17,,188422.92
2024-03-03,BILL PAY RENT LANDLORD,1726.79,,186696.13
2024-03-03,STARBUCKS STORE,76.38,,186619.75
2024-03-03,SUSHI HOUSE,66.71,,186553.04
2024-03-03,LYFT RIDE,62.97,,186490.07
2024-03-04,PARKING GARAGE,52.84,,186437.23
2024-03-05,COMCAST CABLE,162.12,,186275.11
2024-03-05,COSTCO WHSE,89.99,,186185.12
2024-03-05,CHIPOTLE ONLINE,53.06,,186132.06
2024-03-05,MCDONALD'S,13.52,,186118.54
2024-03-06,CHEVRON,21.46,,186097.08
2024-03-06,APPLE.COM/BILL,48.80,,186048.28
2024-03-07,COSTCO WHSE,64.72,,185983.56
2024-03-07,EZ PASS TOLL,35.48,,185948.08
2024-03-08,AMAZON MKTP,245.17,,185702.91
2024-03-09,KROGER #1190,83.85,,185619.06
2024-03-09,EZ PASS TOLL,11.00,,185608.06
2024-03-10,COSTCO WHSE,122.71,,185485.35
2024-03-10,NIKE STORE,146.65,,185338.70
2024-03-11,STARBUCKS STORE,6.26,,185332.44
2024-03-11,SHELL OIL,20.89,,185311.55
2024-03-11,PARKING GARAGE,10.46,,185301.09
2024-03-12,KROGER #1190,101.91,,185199.18
2024-03-12,METRO TRANSIT,13.04,,185186.14
2024-03-15,WALGREENS,53.98,,185132.16
2024-03-17,PAYPAL TRANSFER,,719.51,185851.67
2024-03-18,DOORDASH*RESTAURANT,82.64,,185769.03
2024-03-19,VERIZON WIRELESS,122.62,,185646.41
2024-03-19,FRESH MARKET,112.91,,185533.50
2024-03-19,CHIPOTLE ONLINE,29.31,,185504.19
2024-03-21,CHIPOTLE ONLINE,51.18,,185453.01
2024-03-22,COSTCO WHSE,127.50,,185325.51
2024-03-23,METRO TRANSIT,30.35,,185295.16
2024-03-24,LYFT RIDE,33.98,,185261.18
2024-03-24,NETFLIX.COM,61.01,,185200.17
2024-03-25,LOCAL BISTRO,32.81,,185167.36
2024-03-28,TRADER JOE'S,83.82,,185083.54
2024-03-29,UBER EATS,27.10,,185056.44
2024-03-30,TRADER JOE'S,34.31,,185022.13
2024-04-01,ACH CREDIT EMPLOYER PAYROLL,,7181.82,192203.95
2024-04-01,UBER TRIP,32.23,,192171.72
2024-04-02,STARBUCKS STORE,18.33,,192153.39
2024-04-03,BILL PAY RENT LANDLORD,1709.78,,190443.61
2024-04-03,WALGREENS,18.98,,190424.63
2024-04-04,EZ PASS TOLL,53.46,,190371.17
2024-04-04,LYFT RIDE,24.43,,190346.74
2024-04-06,KROGER #1190,92.24,,190254.50
2024-04-08,CHIPOTLE ONLINE,39.93,,190214.57
2024-04-08,UBER TRIP,12.57,,190202.00
2024-04-09,STARBUCKS STORE,70.52,,190131.48
2024-04-09,CHEVRON,58.29,,190073.19
2024-04-11,GAS UTILITY,157.25,,189915.94
2024-04-11,ELECTRIC COMPANY,121.52,,189794.42
2024-04-12,KROGER #1190,94.86,,189699.56
2024-04-12,IRS USATAXPYMT,1738.39,,187961.17
2024-04-13,WALMART SUPERCENTER,103.05,,187858.12
2024-04-13,APPLE.COM/BILL,270.88,,187587.24
2024-04-15,CHEVRON,50.19,,187537.05
2024-04-15,NETFLIX.COM,59.48,,187477.57
2024-04-15,SPOTIFY USA,60.26,,187417.31
2024-04-16,SHELL OIL,60.40,,187356.91
2024-04-16,APPLE.COM/BILL,20.60,,187336.31
2024-04-16,CITY MEDICAL CLINIC,144.21,,187192.10
2024-04-17,LOCAL BISTRO,29.48,,187162.62
2024-04-17,PIZZA HUT,48.51,,187114.11
2024-04-17,IKEA,230.65,,186883.46
2024-04-21,FRESH MARKET,139.04,,186744.42
2024-04-21,BEST BUY,142.67,,186601.75
2024-04-22,SUSHI HOUSE,32.30,,186569.45
2024-04-23,UBER TRIP,53.24,,186516.21
2024-04-23,EZ PASS TOLL,34.31,,186481.90
2024-04-24,BEST BUY,141.58,,186340.32
2024-04-25,KROGER #1190,106.47,,186233.85
2024-04-25,STARBUCKS STORE,17.61,,186216.24
2024-04-27,TRADER JOE'S,91.55,,186124.69
2024-04-27,MCDONALD'S,28.90,,186095.79
2024-04-27,STARBUCKS STORE,41.14,,186054.65
2024-04-28,PARKING GARAGE,5.31,,186049.34
2024-04-28,EZ PASS TOLL,17.92,,186031.42
2024-04-29,WALMART SUPERCENTER,49.14,,185982.28
2024-04-30,UBER TRIP,52.61,,185929.67
2024-04-30,EZ PASS TOLL,56.12,,185873.55
2024-04-30,EZ PASS TOLL,26.28,,185847.27
2024-05-01,APPLE.COM/BILL,221.60,,185625.67
2024-05-01,PLANET FITNESS,138.41,,185487.26
2024-05-02,ACH CREDIT EMPLOYER PAYROLL,,6939.16,192426.42
2024-05-02,UBER TRIP,71.38,,192355.04
2024-05-03,BILL PAY RENT LANDLORD,1707.33,,190647.71
2024-05-03,UBER EATS,67.37,,190580.34
2024-05-04,UBER EATS,53.08,,190527.26
2024-05-04,CHIPOTLE ONLINE,51.00,,190476.26
2024-05-06,UBER EATS,60.59,,190415.67
2024-05-07,CHEVRON,19.39,,190396.28
2024-05-07,IKEA,120.03,,190276.25
2024-05-07,SPOTIFY USA,59.96,,190216.29
2024-05-08,LOCAL BISTRO,10.25,,190206.04
2024-05-08,PIZZA HUT,47.96,,190158.08
2024-05-09,AMC THEATRES,28.75,,190129.33
2024-05-09,TICKETMASTER,55.51,,190073.82
2024-05-10,CHEVRON,12.37,,190061.45
2024-05-11,KROGER #1190,129.14,,189932.31
2024-05-12,EZ PASS TOLL,51.86,,189880.45
2024-05-14,UBER EATS,82.83,,189797.62
2024-05-14,LYFT RIDE,45.76,,189751.86
2024-05-14,IKEA,46.16,,189705.70
2024-05-15,AMAZON.COM,51.78,,189653.92
2024-05-15,DENTAL CARE,139.73,,189514.19
2024-05-16,FRESH MARKET,113.57,,189400.62
2024-05-16,WHOLE FOODS #4821,93.84,,189306.78
2024-05-17,SUSHI HOUSE,61.28,,189245.50
2024-05-18,DOORDASH*RESTAURANT,82.04,,189163.46
2024-05-18,AMAZON MKTP,274.52,,188888.94
2024-05-19,UBER TRIP,45.52,,188843.42
2024-05-20,LYFT RIDE,62.91,,188780.51
2024-05-20,PARKING GARAGE,37.72,,188742.79
2024-05-20,HOME DEPOT,176.37,,188566.42
2024-05-21,PIZZA HUT,27.06,,188539.36
2024-05-21,TICKETMASTER,40.85,,188498.51
2024-05-22,COSTCO WHSE,139.88,,188358.63
2024-05-23,UBER EATS,17.46,,188341.17
2024-05-24,ELECTRIC COMPANY,158.77,,188182.40
2024-05-24,CITY WATER BILL,35.56,,188146.84
2024-05-24,UBER TRIP,21.46,,188125.38
2024-05-24,SPOTIFY USA,47.10,,188078.28
2024-05-25,ALDI 729,53.17,,188025.11
2024-05-25,CHEVRON,43.65,,187981.46
2024-05-27,WALMART SUPERCENTER,119.13,,187862.33
2024-05-27,WALMART SUPERCENTER,29.56,,187832.77
2024-05-29,PARKING GARAGE,60.82,,187771.95
2024-05-31,METRO TRANSIT,52.88,,187719.07
2024-05-31,VENMO PAYMENT,132.09,,187586.98
2024-06-02,ACH CREDIT EMPLOYER PAYROLL,,7005.24,194592.22
2024-06-02,WHOLE FOODS #4821,79.50,,194512.72
2024-06-02,NIKE STORE,44.62,,194468.10
2024-06-03,BILL PAY RENT LANDLORD,1699.64,,192768.46
2024-06-03,UBER EATS,36.20,,192732.26
2024-06-05,STARBUCKS STORE,78.11,,192654.15
2024-06-06,UBER TRIP,65.58,,192588.57
2024-06-08,TRADER JOE'S,111.58,,192476.99
2024-06-09,CHIPOTLE ONLINE,59.50,,192417.49
2024-06-09,STARBUCKS STORE,45.80,,192371.69
2024-06-09,NIKE STORE,272.69,,192099.00
2024-06-11,FRESH MARKET,29.23,,192069.77
2024-06-12,ZELLE FROM CLIENT,,907.50,192977.27
2024-06-12,FRESH MARKET,63.11,,192914.16
2024-06-16,CITY WATER BILL,113.02,,192801.14
2024-06-16,WALGREENS,95.25,,192705.89
2024-06-16,NETFLIX.COM,23.75,,192682.14
2024-06-17,AMAZON MKTP,153.19,,192528.95
2024-06-17,AMAZON.COM,80.16,,192448.79
2024-06-18,COMCAST CABLE,52.74,,192396.05
2024-06-18,STARBUCKS STORE,37.71,,192358.34
2024-06-18,UBER TRIP,27.13,,192331.21
2024-06-20,ELECTRIC COMPANY,120.81,,192210.40
2024-06-20,PARKING GARAGE,62.80,,192147.60
2024-06-21,DOORDASH*RESTAURANT,39.58,,192108.02
2024-06-21,PARKING GARAGE,17.58,,192090.44
2024-06-21,VENMO PAYMENT,227.11,,191863.33
2024-06-22,SHELL OIL,7.07,,191856.26
2024-06-22,APPLE.COM/BILL,188.75,,191667.51
2024-06-25,KROGER #1190,158.66,,191508.85
2024-06-25,UBER TRIP,7.20,,191501.65
2024-06-27,WHOLE FOODS #4821,126.12,,191375.53
2024-06-27,UBER TRIP,42.53,,191333.00
2024-06-28,WHOLE FOODS #4821,136.74,,191196.26
2024-06-28,EZ PASS TOLL,61.27,,191134.99
2024-06-29,UBER TRIP,44.28,,191090.71
2024-06-29,DISNEYPLUS,30.04,,191060.67
2024-06-30,ALDI 729,33.50,,191027.17
2024-07-01,KROGER #1190,126.34,,190900.83
2024-07-02,LYFT RIDE,18.80,,190882.03
2024-07-03,ACH CREDIT EMPLOYER PAYROLL,,7115.13,197997.16
2024-07-03,BILL PAY RENT LANDLORD,1693.70,,196303.46
2024-07-03,PARKING GARAGE,28.10,,196275.36
2024-07-03,LYFT RIDE,22.90,,196252.46
2024-07-03,CHEVRON,30.32,,196222.14
2024-07-04,PARKING GARAGE,62.10,,196160.04
2024-07-04,BEST BUY,47.31,,196112.73
2024-07-05,COSTCO WHSE,41.50,,196071.23
2024-07-05,CHEVRON,42.41,,196028.82
2024-07-05,WALGREENS,117.33,,195911.49
2024-07-06,GAS UTILITY,88.36,,195823.13
2024-07-06,STARBUCKS STORE,53.11,,195770.02
2024-07-07,AMC THEATRES,53.47,,195716.55
2024-07-08,FRESH MARKET,31.45,,195685.10
2024-07-08,TRADER JOE'S,141.56,,195543.54
2024-07-09,WHOLE FOODS #4821,134.49,,195409.05
2024-07-09,DOORDASH*RESTAURANT,67.64,,195341.41
2024-07-12,PARKING GARAGE,29.67,,195311.74
2024-07-12,CHEVRON,54.04,,195257.70
2024-07-13,FRESH MARKET,130.78,,195126.92
2024-07-14,HOME DEPOT,32.69,,195094.23
2024-07-15,PAYPAL TRANSFER,,1177.38,196271.61
2024-07-16,DOORDASH*RESTAURANT,60.41,,196211.20
2024-07-17,DOORDASH*RESTAURANT,15.84,,196195.36
2024-07-17,HOTEL BOOKING,604.65,,195590.71
2024-07-18,FRESH MARKET,37.32,,195553.39
2024-07-18,CITY MEDICAL CLINIC,133.56,,195419.83
2024-07-18,SPOTIFY USA,13.89,,195405.94
2024-07-19,UBER TRIP,71.17,,195334.77
2024-07-22,SUSHI HOUSE,57.10,,195277.67
2024-07-23,CHEVRON,65.75,,195211.92
2024-07-24,SUSHI HOUSE,83.21,,195128.71
2024-07-24,CHEVRON,69.18,,195059.53
2024-07-24,PARKING GARAGE,21.97,,195037.56
2024-07-25,COMCAST CABLE,120.22,,194917.34
2024-07-25,COSTCO WHSE,123.49,,194793.85
2024-07-26,NETFLIX.COM,50.88,,194742.97
2024-07-27,FRESH MARKET,83.32,,194659.65
2024-07-27,PIZZA HUT,11.62,,194648.03
2024-07-27,UBER TRIP,59.60,,194588.43
2024-07-27,BEST BUY,267.26,,194321.17
2024-07-27,ATM WITHDRAWAL,298.08,,194023.09
2024-07-28,MCDONALD'S,37.68,,193985.41
2024-07-28,NIKE STORE,156.61,,193828.80
2024-07-29,PIZZA HUT,51.24,,193777.56
2024-07-31,STARBUCKS STORE,11.64,,193765.92
2024-08-01,ACH CREDIT EMPLOYER PAYROLL,,6999.46,200765.38
2024-08-03,BILL PAY RENT LANDLORD,1726.85,,199038.53
2024-08-04,CHEVRON,56.01,,198982.52
2024-08-04,CHEVRON,28.61,,198953.91
2024-08-06,DOORDASH*RESTAURANT,76.09,,198877.82
2024-08-07,NIKE STORE,91.74,,198786.08
2024-08-08,WALMART SUPERCENTER,115.63,,198670.45
2024-08-08,UBER TRIP,45.80,,198624.65
2024-08-09,UBER TRIP,66.75,,198557.90
2024-08-10,CITY MEDICAL CLINIC,35.78,,198522.12
2024-08-11,SUSHI HOUSE,60.19,,198461.93
2024-08-13,LYFT RIDE,45.78,,198416.15
2024-08-14,CHIPOTLE ONLINE,6.25,,198409.90
2024-08-14,AIRLINE TICKET,953.00,,197456.90
2024-08-15,VERIZON WIRELESS,37.15,,197419.75
2024-08-15,PLANET FITNESS,148.09,,197271.66
2024-08-15,STEAM GAMES,23.17,,197248.49
2024-08-16,COSTCO WHSE,134.80,,197113.69
2024-08-16,TRADER JOE'S,115.63,,196998.06
2024-08-17,KROGER #1190,141.26,,196856.80
2024-08-17,METRO TRANSIT,13.70,,196843.10
2024-08-18,TRADER JOE'S,129.57,,196713.53
2024-08-18,CHIPOTLE ONLINE,29.01,,196684.52
2024-08-18,CHIPOTLE ONLINE,69.27,,196615.25
2024-08-19,SHELL OIL,50.89,,196564.36
2024-08-20,COMCAST CABLE,165.48,,196398.88
2024-08-20,ALDI 729,21.13,,196377.75
2024-08-21,SHELL OIL,13.69,,196364.06
2024-08-21,UBER TRIP,22.16,,196341.90
2024-08-22,TRADER JOE'S,21.54,,196320.36
2024-08-24,AMAZON MKTP,12.93,,196307.43
2024-08-26,LOCAL BISTRO,28.65,,196278.78
2024-08-26,EZ PASS TOLL,45.72,,196233.06
2024-08-26,CHEVRON,24.72,,196208.34
2024-08-27,CHIPOTLE ONLINE,78.63,,196129.71
2024-08-27,AMAZON.COM,57.70,,196072.01
2024-08-28,TRADER JOE'S,18.71,,196053.30
2024-08-29,STEAM GAMES,53.16,,196000.14
2024-08-30,PIZZA HUT,42.83,,195957.31
2024-08-31,FRESH MARKET,18.29,,195939.02
2024-08-31,TICKETMASTER,53.01,,195886.01
2024-09-03,ACH CREDIT EMPLOYER PAYROLL,,6999.74,202885.75
2024-09-03,BILL PAY RENT LANDLORD,1713.29,,201172.46
2024-09-04,CHIPOTLE ONLINE,29.10,,201143.36
2024-09-04,SHELL OIL,34.69,,201108.67
2024-09-05,CHEVRON,48.32,,201060.35
2024-09-06,SUSHI HOUSE,66.38,,200993.97
2024-09-08,FRESH MARKET,121.25,,200872.72
2024-09-08,WHOLE FOODS #4821,19.34,,200853.38
2024-09-09,PLANET FITNESS,80.24,,200773.14
2024-09-10,METRO TRANSIT,27.05,,200746.09
2024-09-10,SHELL OIL,48.25,,200697.84
2024-09-11,UBER TRIP,6.28,,200691.56
2024-09-11,NETFLIX.COM,23.68,,200667.88
2024-09-12,ELECTRIC COMPANY,42.98,,200624.90
2024-09-12,KROGER #1190,152.28,,200472.62
2024-09-12,SHELL OIL,32.67,,200439.95
2024-09-12,HOME DEPOT,53.87,,200386.08
2024-09-13,ZELLE FROM CLIENT,,1034.86,201420.94
2024-09-13,WALGREENS,95.43,,201325.51
2024-09-15,FRESH MARKET,128.44,,201197.07
2024-09-15,TICKETMASTER,50.90,,201146.17
2024-09-16,METRO TRANSIT,41.06,,201105.11
2024-09-17,SHELL OIL,15.47,,201089.64
2024-09-17,LYFT RIDE,71.02,,201018.62
2024-09-19,WHOLE FOODS #4821,38.40,,200980.22
2024-09-20,CITY WATER BILL,122.17,,200858.05
2024-09-20,SHELL OIL,47.01,,200811.04
2024-09-22,METRO TRANSIT,31.98,,200779.06
2024-09-22,ZELLE TO FRIEND,259.74,,200519.32
2024-09-23,TRADER JOE'S,106.22,,200413.10
2024-09-23,MCDONALD'S,25.46,,200387.64
2024-09-25,COMCAST CABLE,101.71,,200285.93
2024-09-25,SUSHI HOUSE,18.69,,200267.24
2024-09-27,TARGET.COM,84.95,,200182.29
2024-09-29,COSTCO WHSE,44.04,,200138.25
2024-09-29,STARBUCKS STORE,6.90,,200131.35
2024-09-30,WALMART SUPERCENTER,85.12,,200046.23
2024-09-30,BEST BUY,272.60,,199773.63
2024-10-01,STARBUCKS STORE,37.86,,199735.77
2024-10-01,UBER TRIP,44.02,,199691.75
2024-10-02,ACH CREDIT EMPLOYER PAYROLL,,7086.95,206778.70
2024-10-02,DOORDASH*RESTAURANT,48.21,,206730.49
2024-10-03,BILL PAY RENT LANDLORD,1720.96,,205009.53
2024-10-03,PIZZA HUT,38.45,,204971.08
2024-10-03,WALGREENS,165.10,,204805.98
2024-10-04,EZ PASS TOLL,29.39,,204776.59
2024-10-04,UBER TRIP,11.21,,204765.38
2024-10-07,FRESH MARKET,114.74,,204650.64
2024-10-07,TARGET.COM,37.99,,204612.65
2024-10-08,MCDONALD'S,84.59,,204528.06
2024-10-08,DOORDASH*RESTAURANT,55.91,,204472.15
2024-10-08,CHIPOTLE ONLINE,72.56,,204399.59
2024-10-09,MCDONALD'S,22.98,,204376.61
2024-10-09,AMC THEATRES,28.18,,204348.43
2024-10-10,LYFT RIDE,27.15,,204321.28
2024-10-11,CHEVRON,19.22,,204302.06
2024-10-12,TRADER JOE'S,76.51,,204225.55
2024-10-12,DENTAL CARE,76.78,,204148.77
2024-10-13,FRESH MARKET,61.35,,204087.42
2024-10-15,ELECTRIC COMPANY,121.81,,203965.61
2024-10-16,ALDI 729,28.61,,203937.00
2024-10-17,COMCAST CABLE,120.12,,203816.88
2024-10-17,TRADER JOE'S,69.80,,203747.08
2024-10-18,CHIPOTLE ONLINE,22.06,,203725.02
2024-10-19,CITY WATER BILL,67.86,,203657.16
2024-10-22,STARBUCKS STORE,74.65,,203582.51
2024-10-23,COSTCO WHSE,34.58,,203547.93
2024-10-24,LYFT RIDE,10.52,,203537.41
2024-10-25,METRO TRANSIT,53.94,,203483.47
2024-10-28,AMAZON MKTP,191.57,,203291.90
2024-10-28,CVS/PHARMACY,112.04,,203179.86
2024-10-29,ALDI 729,152.57,,203027.29
2024-10-29,LYFT RIDE,17.20,,203010.09
2024-10-29,NIKE STORE,75.38,,202934.71
2024-10-31,SPOTIFY USA,16.99,,202917.72
2024-10-31,ATM WITHDRAWAL,263.59,,202654.13
2024-11-01,STARBUCKS STORE,10.73,,202643.40
2024-11-01,UBER TRIP,42.39,,202601.01
2024-11-02,LYFT RIDE,5.91,,202595.10
2024-11-03,ACH CREDIT EMPLOYER PAYROLL,,6967.95,209563.05
2024-11-03,BILL PAY RENT LANDLORD,1695.87,,207867.18
2024-11-05,VERIZON WIRELESS,47.20,,207819.98
2024-11-05,PLANET FITNESS,82.50,,207737.48
2024-11-06,KROGER #1190,126.01,,207611.47
2024-11-07,UBER TRIP,7.73,,207603.74
2024-11-07,AMAZON.COM,208.41,,207395.33
2024-11-07,TARGET.COM,76.29,,207319.04
2024-11-08,IKEA,196.85,,207122.19
2024-11-10,TARGET.COM,53.66,,207068.53
2024-11-12,ALDI 729,25.64,,207042.89
2024-11-13,UBER EATS,29.41,,207013.48
2024-11-13,AMAZON.COM,177.05,,206836.43
2024-11-14,AMAZON MKTP,150.51,,206685.92
2024-11-14,NIKE STORE,14.20,,206671.72
2024-11-14,AMAZON.COM,83.72,,206588.00
2024-11-15,VERIZON WIRELESS,164.40,,206423.60
2024-11-15,DISNEYPLUS,63.09,,206360.51
2024-11-16,CVS/PHARMACY,169.25,,206191.26
2024-11-16,DISNEYPLUS,9.21,,206182.05
2024-11-17,VENMO CASHOUT,,804.09,206986.14
2024-11-17,FRESH MARKET,73.76,,206912.38
2024-11-17,DOORDASH*RESTAURANT,46.15,,206866.23
2024-11-17,CHEVRON,18.47,,206847.76
2024-11-18,COSTCO WHSE,67.25,,206780.51
2024-11-19,COSTCO WHSE,60.20,,206720.31
2024-11-19,METRO TRANSIT,12.04,,206708.27
2024-11-19,BEST BUY,151.96,,206556.31
2024-11-20,SUSHI HOUSE,32.69,,206523.62
2024-11-20,STARBUCKS STORE,76.26,,206447.36
2024-11-21,LOCAL BISTRO,78.56,,206368.80
2024-11-21,PARKING GARAGE,6.40,,206362.40
2024-11-24,VERIZON WIRELESS,117.61,,206244.79
2024-11-24,EZ PASS TOLL,23.25,,206221.54
2024-11-24,DENTAL CARE,106.66,,206114.88
2024-11-25,WHOLE FOODS #4821,53.69,,206061.19
2024-11-25,EZ PASS TOLL,25.88,,206035.31
2024-11-25,LYFT RIDE,68.07,,205967.24
2024-11-26,ALDI 729,95.60,,205871.64
2024-11-26,CHEVRON,22.07,,205849.57
2024-11-28,SUSHI HOUSE,82.49,,205767.08
2024-11-29,WHOLE FOODS #4821,158.56,,205608.52
2024-11-29,AMC THEATRES,34.46,,205574.06
2024-12-01,EZ PASS TOLL,71.81,,205502.25
2024-12-03,ACH CREDIT EMPLOYER PAYROLL,,7033.64,212535.89
2024-12-03,BILL PAY RENT LANDLORD,1698.89,,210837.00
2024-12-04,METRO TRANSIT,70.16,,210766.84
2024-12-05,MCDONALD'S,63.48,,210703.36
2024-12-05,HOME DEPOT,31.61,,210671.75
2024-12-06,SUSHI HOUSE,26.77,,210644.98
2024-12-06,SUSHI HOUSE,68.80,,210576.18
2024-12-07,COMCAST CABLE,127.89,,210448.29
2024-12-07,NIKE STORE,203.44,,210244.85
2024-12-08,FRESH MARKET,51.95,,210192.90
2024-12-08,CHEVRON,37.47,,210155.43
2024-12-09,UBER TRIP,70.90,,210084.53
2024-12-10,CITY MEDICAL CLINIC,90.55,,209993.98
2024-12-11,DOORDASH*RESTAURANT,23.88,,209970.10
2024-12-11,METRO TRANSIT,37.40,,209932.70
2024-12-11,STEAM GAMES,22.02,,209910.68
2024-12-12,TRADER JOE'S,65.05,,209845.63
2024-12-12,FRESH MARKET,94.51,,209751.12
2024-12-12,IKEA,217.78,,209533.34
2024-12-12,CVS/PHARMACY,217.79,,209315.55
2024-12-12,ZELLE TO FRIEND,217.29,,209098.26
2024-12-13,UBER TRIP,18.41,,209079.85
2024-12-14,NIKE STORE,178.23,,208901.62
2024-12-15,PARKING GARAGE,50.16,,208851.46
2024-12-17,NIKE STORE,185.01,,208666.45
2024-12-19,GAS UTILITY,168.71,,208497.74
2024-12-20,TRADER JOE'S,68.03,,208429.71
2024-12-20,PIZZA HUT,78.24,,208351.47
2024-12-20,UBER EATS,37.18,,208314.29
2024-12-21,TICKETMASTER,48.39,,208265.90
2024-12-22,ALDI 729,134.07,,208131.83
2024-12-22,EZ PASS TOLL,52.15,,208079.68
2024-12-23,CITY WATER BILL,83.44,,207996.24
2024-12-23,SHELL OIL,69.60,,207926.64
2024-12-23,METRO TRANSIT,40.17,,207886.47
2024-12-23,UBER TRIP,14.27,,207872.20
2024-12-24,ACH CREDIT YEAR END BONUS,,840.44,208712.64
2024-12-24,WHOLE FOODS #4821,116.89,,208595.75
2024-12-24,SHELL OIL,56.59,,208539.16
2024-12-25,CITY MEDICAL CLINIC,44.12,,208495.04
2024-12-25,TICKETMASTER,58.15,,208436.89
2024-12-26,MCDONALD'S,7.69,,208429.20
2024-12-26,TICKETMASTER,37.37,,208391.83
2024-12-27,ALDI 729,73.57,,208318.26
2024-12-28,TRADER JOE'S,21.97,,208296.29
2024-12-28,UBER EATS,84.55,,208211.74
2024-12-29,LYFT RIDE,46.47,,208165.27
2024-12-31,LYFT RIDE,56.87,,208108.40
2024-12-31,IKEA,141.56,,207966.84
2025-01-01,LYFT RIDE,46.92,,207919.92
2025-01-02,ACH CREDIT EMPLOYER PAYROLL,,7393.84,215313.76
2025-01-02,PIZZA HUT,43.06,,215270.70
2025-01-03,BILL PAY RENT LANDLORD,1739.19,,213531.51
2025-01-04,METRO TRANSIT,42.92,,213488.59
2025-01-04,CVS/PHARMACY,131.09,,213357.50
2025-01-05,COSTCO WHSE,125.83,,213231.67
2025-01-05,LOCAL BISTRO,55.16,,213176.51
2025-01-05,SHELL OIL,41.51,,213135.00
2025-01-06,PARKING GARAGE,52.87,,213082.13
2025-01-06,BEST BUY,138.83,,212943.30
2025-01-07,COSTCO WHSE,138.65,,212804.65
2025-01-07,PLANET FITNESS,78.07,,212726.58
2025-01-09,ALDI 729,122.37,,212604.21
2025-01-09,CHEVRON,28.04,,212576.17
2025-01-09,TARGET.COM,228.61,,212347.56
2025-01-12,SPOTIFY USA,11.55,,212336.01
2025-01-13,COMCAST CABLE,49.40,,212286.61
2025-01-13,UBER TRIP,13.39,,212273.22
2025-01-14,WHOLE FOODS #4821,146.63,,212126.59
2025-01-15,ACH CREDIT FREELANCE,,325.68,212452.27
2025-01-15,WHOLE FOODS #4821,19.35,,212432.92
2025-01-15,INSURANCE ANNUAL PREMIUM,1268.92,,211164.00
2025-01-16,CHEVRON,16.03,,211147.97
2025-01-17,DOORDASH*RESTAURANT,33.84,,211114.13
2025-01-17,CHEVRON,4.39,,211109.74
2025-01-18,GAS UTILITY,74.00,,211035.74
2025-01-18,SUSHI HOUSE,22.54,,211013.20
2025-01-19,SPOTIFY USA,13.02,,211000.18
2025-01-20,ZELLE TO FRIEND,134.89,,210865.29
2025-01-22,WALMART SUPERCENTER,84.81,,210780.48
2025-01-22,WALMART SUPERCENTER,71.88,,210708.60
2025-01-22,TRADER JOE'S,126.34,,210582.26
2025-01-22,PIZZA HUT,59.97,,210522.29
2025-01-23,CHIPOTLE ONLINE,32.94,,210489.35
2025-01-23,METRO TRANSIT,44.45,,210444.90
2025-01-24,GAS UTILITY,133.89,,210311.01
2025-01-24,AMAZON.COM,128.62,,210182.39
2025-01-26,NETFLIX.COM,29.01,,210153.38
2025-01-28,UBER TRIP,12.49,,210140.89
2025-01-29,AMAZON MKTP,129.17,,210011.72
2025-02-03,ACH CREDIT EMPLOYER PAYROLL,,7225.38,217237.10
2025-02-03,BILL PAY RENT LANDLORD,1739.12,,215497.98
2025-02-04,FRESH MARKET,53.28,,215444.70
2025-02-05,PARKING GARAGE,45.20,,215399.50
2025-02-06,ALDI 729,139.15,,215260.35
2025-02-06,VENMO PAYMENT,59.11,,215201.24
2025-02-08,PARKING GARAGE,52.19,,215149.05
2025-02-09,ALDI 729,19.54,,215129.51
2025-02-09,LOCAL BISTRO,50.48,,215079.03
2025-02-09,SHELL OIL,54.69,,215024.34
2025-02-09,CHEVRON,7.63,,215016.71
2025-02-09,NIKE STORE,160.56,,214856.15
2025-02-10,VERIZON WIRELESS,128.54,,214727.61
2025-02-10,AMAZON.COM,111.55,,214616.06
2025-02-10,NETFLIX.COM,9.22,,214606.84
2025-02-12,CITY WATER BILL,80.99,,214525.85
2025-02-12,AMAZON.COM,242.68,,214283.17
2025-02-13,CHIPOTLE ONLINE,18.80,,214264.37
2025-02-13,TICKETMASTER,11.26,,214253.11
2025-02-14,TRADER JOE'S,43.12,,214209.99
2025-02-14,EZ PASS TOLL,62.94,,214147.05
2025-02-15,DENTAL CARE,78.85,,214068.20
2025-02-17,KROGER #1190,123.22,,213944.98
2025-02-17,MCDONALD'S,10.34,,213934.64
2025-02-17,CHEVRON,36.96,,213897.68
2025-02-18,ACH CREDIT FREELANCE,,577.03,214474.71
2025-02-19,EZ PASS TOLL,43.35,,214431.36
2025-02-19,UBER TRIP,63.83,,214367.53
2025-02-20,COMCAST CABLE,53.03,,214314.50
2025-02-20,CHEVRON,5.43,,214309.07
2025-02-21,CHEVRON,19.97,,214289.10
2025-02-22,TRADER JOE'S,119.61,,214169.49
2025-02-22,COSTCO WHSE,27.40,,214142.09
2025-02-22,CHIPOTLE ONLINE,18.18,,214123.91
2025-02-22,CHIPOTLE ONLINE,78.13,,214045.78
2025-02-23,KROGER #1190,111.91,,213933.87
2025-02-23,DOORDASH*RESTAURANT,23.30,,213910.57
2025-02-23,PLANET FITNESS,204.60,,213705.97
2025-02-24,LYFT RIDE,22.96,,213683.01
2025-02-24,UBER TRIP,43.17,,213639.84
2025-02-25,DOORDASH*RESTAURANT,72.43,,213567.41
2025-02-26,STEAM GAMES,29.37,,213538.04
2025-02-27,CHEVRON,5.14,,213532.90
2025-03-01,ACH CREDIT EMPLOYER PAYROLL,,7196.88,220729.78
2025-03-01,MCDONALD'S,81.70,,220648.08
2025-03-02,PARKING GARAGE,52.30,,220595.78
2025-03-03,BILL PAY RENT LANDLORD,1774.84,,218820.94
2025-03-04,EZ PASS TOLL,26.10,,218794.84
2025-03-05,VERIZON WIRELESS,59.20,,218735.64
2025-03-05,UBER EATS,43.59,,218692.05
2025-03-06,SHELL OIL,61.77,,218630.28
2025-03-06,BEST BUY,161.91,,218468.37
2025-03-08,CHEVRON,48.24,,218420.13
2025-03-08,NIKE STORE,233.57,,218186.56
2025-03-08,DENTAL CARE,125.99,,218060.57
2025-03-09,ZELLE FROM CLIENT,,1183.04,219243.61
2025-03-09,TRADER JOE'S,144.48,,219099.13
2025-03-09,LOCAL BISTRO,57.48,,219041.65
2025-03-09,METRO TRANSIT,38.31,,219003.34
2025-03-10,EZ PASS TOLL,46.29,,218957.05
2025-03-10,PARKING GARAGE,70.98,,218886.07
2025-03-11,EZ PASS TOLL,36.48,,218849.59
2025-03-12,DOORDASH*RESTAURANT,62.37,,218787.22
2025-03-13,APPLE.COM/BILL,99.04,,218688.18
2025-03-14,FRESH MARKET,90.48,,218597.70
2025-03-15,VERIZON WIRELESS,63.97,,218533.73
2025-03-15,PLANET FITNESS,187.65,,218346.08
2025-03-15,VENMO PAYMENT,163.76,,218182.32
2025-03-18,WHOLE FOODS #4821,29.14,,218153.18
2025-03-18,DOORDASH*RESTAURANT,13.14,,218140.04
2025-03-21,STEAM GAMES,32.97,,218107.07
2025-03-21,STEAM GAMES,45.28,,218061.79
2025-03-22,WHOLE FOODS #4821,71.35,,217990.44
2025-03-22,LYFT RIDE,60.35,,217930.09
2025-03-24,CHIPOTLE ONLINE,70.10,,217859.99
2025-03-26,STARBUCKS STORE,84.76,,217775.23
2025-03-26,DOORDASH*RESTAURANT,45.09,,217730.14
2025-03-27,WALMART SUPERCENTER,52.00,,217678.14
2025-03-27,UBER TRIP,5.81,,217672.33
2025-03-28,FRESH MARKET,153.11,,217519.22
2025-03-29,WALMART SUPERCENTER,44.44,,217474.78
2025-04-01,COSTCO WHSE,136.00,,217338.78
2025-04-02,ACH CREDIT EMPLOYER PAYROLL,,7362.20,224700.98
2025-04-02,TRADER JOE'S,132.54,,224568.44
2025-04-03,BILL PAY RENT LANDLORD,1735.27,,222833.17
2025-04-04,NIKE STORE,246.87,,222586.30
2025-04-04,AMC THEATRES,50.74,,222535.56
2025-04-06,SUSHI HOUSE,6.21,,222529.35
2025-04-06,APPLE.COM/BILL,42.77,,222486.58
2025-04-07,WALMART SUPERCENTER,73.12,,222413.46
2025-04-11,METRO TRANSIT,62.50,,222350.96
2025-04-11,STEAM GAMES,54.67,,222296.29
2025-04-11,IRS USATAXPYMT,1066.58,,221229.71
2025-04-12,COMCAST CABLE,118.71,,221111.00
2025-04-12,PARKING GARAGE,37.12,,221073.88
2025-04-13,PIZZA HUT,84.74,,220989.14
2025-04-13,LYFT RIDE,11.74,,220977.40
2025-04-15,WHOLE FOODS #4821,72.97,,220904.43
2025-04-16,EZ PASS TOLL,59.77,,220844.66
2025-04-18,DOORDASH*RESTAURANT,38.29,,220806.37
2025-04-19,BEST BUY,190.44,,220615.93
2025-04-19,PLANET FITNESS,40.59,,220575.34
2025-04-19,VENMO PAYMENT,224.05,,220351.29
2025-04-20,ELECTRIC COMPANY,154.85,,220196.44
2025-04-20,DOORDASH*RESTAURANT,23.54,,220172.90
2025-04-20,PARKING GARAGE,53.92,,220118.98
2025-04-20,PLANET FITNESS,65.90,,220053.08
2025-04-21,COSTCO WHSE,82.95,,219970.13
2025-04-22,WHOLE FOODS #4821,126.65,,219843.48
2025-04-22,TRADER JOE'S,83.59,,219759.89
2025-04-22,LYFT RIDE,31.23,,219728.66
2025-04-22,PLANET FITNESS,86.55,,219642.11
2025-04-24,GAS UTILITY,70.86,,219571.25
2025-04-24,PARKING GARAGE,47.42,,219523.83
2025-04-25,ZELLE FROM CLIENT,,979.20,220503.03
2025-04-25,DOORDASH*RESTAURANT,29.36,,220473.67
2025-04-25,UBER EATS,67.13,,220406.54
2025-04-26,GAS UTILITY,91.76,,220314.78
2025-04-26,APPLE.COM/BILL,245.37,,220069.41
2025-04-28,EZ PASS TOLL,67.21,,220002.20
2025-04-30,WALMART SUPERCENTER,153.85,,219848.35
2025-04-30,EZ PASS TOLL,6.14,,219842.21
2025-05-03,ACH CREDIT EMPLOYER PAYROLL,,7183.86,227026.07
2025-05-03,BILL PAY RENT LANDLORD,1766.89,,225259.18
2025-05-03,DOORDASH*RESTAURANT,47.29,,225211.89
2025-05-03,METRO TRANSIT,52.99,,225158.90
2025-05-04,WHOLE FOODS #4821,151.87,,225007.03
2025-05-04,LOCAL BISTRO,26.20,,224980.83
2025-05-04,EZ PASS TOLL,45.13,,224935.70
2025-05-04,PARKING GARAGE,49.67,,224886.03
2025-05-05,SHELL OIL,25.40,,224860.63
2025-05-06,WHOLE FOODS #4821,141.22,,224719.41
2025-05-06,ALDI 729,34.85,,224684.56
2025-05-06,CITY MEDICAL CLINIC,110.42,,224574.14
2025-05-07,WALMART SUPERCENTER,47.06,,224527.08
2025-05-07,NIKE STORE,124.35,,224402.73
2025-05-09,EZ PASS TOLL,57.13,,224345.60
2025-05-11,SUSHI HOUSE,41.08,,224304.52
2025-05-11,BEST BUY,207.33,,224097.19
2025-05-12,COSTCO WHSE,54.51,,224042.68
2025-05-13,COMCAST CABLE,188.24,,223854.44
2025-05-13,AMC THEATRES,51.10,,223803.34
2025-05-14,ALDI 729,133.75,,223669.59
2025-05-14,PIZZA HUT,12.19,,223657.40
2025-05-14,LOCAL BISTRO,69.58,,223587.82
2025-05-15,WALMART SUPERCENTER,93.31,,223494.51
2025-05-15,KROGER #1190,104.67,,223389.84
2025-05-15,ZELLE TO FRIEND,187.92,,223201.92
2025-05-17,NETFLIX.COM,12.32,,223189.60
2025-05-18,COSTCO WHSE,97.34,,223092.26
2025-05-20,STARBUCKS STORE,23.84,,223068.42
2025-05-20,SHELL OIL,27.37,,223041.05
2025-05-21,WALMART SUPERCENTER,25.43,,223015.62
2025-05-24,GAS UTILITY,67.86,,222947.76
2025-05-24,METRO TRANSIT,53.16,,222894.60
2025-05-24,SHELL OIL,54.04,,222840.56
2025-05-25,VERIZON WIRELESS,141.93,,222698.63
2025-05-26,PIZZA HUT,77.42,,222621.21
2025-05-26,EZ PASS TOLL,26.69,,222594.52
2025-05-26,METRO TRANSIT,65.62,,222528.90
2025-05-27,METRO TRANSIT,31.14,,222497.76
2025-05-29,CVS/PHARMACY,51.46,,222446.30
2025-05-31,LYFT RIDE,70.31,,222375.99
2025-05-31,APPLE.COM/BILL,100.12,,222275.87
2025-06-01,CHIPOTLE ONLINE,43.18,,222232.69
2025-06-03,ACH CREDIT EMPLOYER PAYROLL,,7246.19,229478.88
2025-06-03,BILL PAY RENT LANDLORD,1749.34,,227729.54
2025-06-03,PIZZA HUT,49.18,,227680.36
2025-06-04,LYFT RIDE,41.93,,227638.43
2025-06-04,APPLE.COM/BILL,72.10,,227566.33
2025-06-05,VERIZON WIRELESS,82.98,,227483.35
2025-06-05,ALDI 729,81.74,,227401.61
2025-06-05,VENMO PAYMENT,126.57,,227275.04
2025-06-08,PIZZA HUT,7.98,,227267.06
2025-06-09,ALDI 729,24.79,,227242.27
2025-06-09,SPOTIFY USA,32.16,,227210.11
2025-06-10,CHEVRON,58.75,,227151.36
2025-06-10,TARGET.COM,238.44,,226912.92
2025-06-10,NETFLIX.COM,16.04,,226896.88
2025-06-11,COSTCO WHSE,48.48,,226848.40
2025-06-12,WALMART SUPERCENTER,25.28,,226823.12
2025-06-12,PARKING GARAGE,9.41,,226813.71
2025-06-12,CHEVRON,64.13,,226749.58
2025-06-13,KROGER #1190,107.81,,226641.77
2025-06-14,CHIPOTLE ONLINE,39.80,,226601.97
2025-06-17,STARBUCKS STORE,32.14,,226569.83
2025-06-19,WALMART SUPERCENTER,51.79,,226518.04
2025-06-19,NIKE STORE,132.50,,226385.54
2025-06-20,NIKE STORE,179.52,,226206.02
2025-06-22,COMCAST CABLE,39.34,,226166.68
2025-06-23,CHEVRON,55.38,,226111.30
2025-06-24,DENTAL CARE,144.45,,225966.85
2025-06-26,UBER EATS,58.01,,225908.84
2025-06-26,SPOTIFY USA,44.68,,225864.16
2025-06-27,LYFT RIDE,37.15,,225827.01
2025-06-27,LYFT RIDE,29.35,,225797.66
2025-06-28,STARBUCKS STORE,15.70,,225781.96
2025-06-29,LYFT RIDE,62.88,,225719.08
2025-06-30,IKEA,59.00,,225660.08
2025-07-01,LYFT RIDE,30.96,,225629.12
2025-07-02,ACH CREDIT EMPLOYER PAYROLL,,7394.17,233023.29
2025-07-02,WALMART SUPERCENTER,66.19,,232957.10
2025-07-02,EZ PASS TOLL,52.22,,232904.88
2025-07-02,DISNEYPLUS,20.94,,232883.94
2025-07-03,BILL PAY RENT LANDLORD,1751.68,,231132.26
2025-07-03,WALMART SUPERCENTER,72.09,,231060.17
2025-07-03,METRO TRANSIT,25.58,,231034.59
2025-07-03,AMAZON MKTP,147.34,,230887.25
2025-07-07,COSTCO WHSE,77.88,,230809.37
2025-07-07,CITY MEDICAL CLINIC,23.13,,230786.24
2025-07-08,ZELLE TO FRIEND,259.25,,230526.99
2025-07-09,ALDI 729,66.29,,230460.70
2025-07-10,PIZZA HUT,81.36,,230379.34
2025-07-12,COSTCO WHSE,154.58,,230224.76
2025-07-14,DOORDASH*RESTAURANT,60.48,,230164.28
2025-07-16,LOCAL BISTRO,32.69,,230131.59
2025-07-18,TRADER JOE'S,49.40,,230082.19
2025-07-19,CITY WATER BILL,182.55,,229899.64
2025-07-19,UBER TRIP,27.04,,229872.60
2025-07-20,SHELL OIL,61.41,,229811.19
2025-07-20,TARGET.COM,177.05,,229634.14
2025-07-21,MCDONALD'S,81.70,,229552.44
2025-07-21,IKEA,236.76,,229315.68
2025-07-21,BEST BUY,214.23,,229101.45
2025-07-22,METRO TRANSIT,5.29,,229096.16
2025-07-23,CITY WATER BILL,66.89,,229029.27
2025-07-23,WHOLE FOODS #4821,145.14,,228884.13
2025-07-23,SHELL OIL,33.02,,228851.11
2025-07-23,CVS/PHARMACY,90.38,,228760.73
2025-07-25,STARBUCKS STORE,68.97,,228691.76
2025-07-25,SHELL OIL,63.22,,228628.54
2025-07-27,METRO TRANSIT,44.75,,228583.79
2025-07-28,NETFLIX.COM,26.76,,228557.03
2025-07-29,STARBUCKS STORE,64.16,,228492.87
2025-07-29,EZ PASS TOLL,50.67,,228442.20
2025-07-30,SHELL OIL,4.19,,228438.01
2025-08-01,SPOTIFY USA,63.31,,228374.70
2025-08-02,ACH CREDIT EMPLOYER PAYROLL,,7185.52,235560.22
2025-08-03,BILL PAY RENT LANDLORD,1750.40,,233809.82
2025-08-03,STARBUCKS STORE,75.43,,233734.39
2025-08-05,COMCAST CABLE,130.14,,233604.25
2025-08-07,WALMART SUPERCENTER,103.69,,233500.56
2025-08-07,COSTCO WHSE,130.32,,233370.24
2025-08-07,TRADER JOE'S,147.53,,233222.71
2025-08-07,PLANET FITNESS,126.87,,233095.84
2025-08-07,ATM WITHDRAWAL,101.14,,232994.70
2025-08-08,CITY WATER BILL,110.06,,232884.64
2025-08-08,EZ PASS TOLL,58.19,,232826.45
2025-08-09,COMCAST CABLE,39.09,,232787.36
2025-08-10,PAYPAL TRANSFER,,823.96,233611.32
2025-08-10,UBER TRIP,24.86,,233586.46
2025-08-10,LYFT RIDE,31.17,,233555.29
2025-08-11,STEAM GAMES,48.61,,233506.68
2025-08-12,UBER TRIP,58.68,,233448.00
2025-08-13,MCDONALD'S,51.46,,233396.54
2025-08-13,APPLE.COM/BILL,106.82,,233289.72
2025-08-13,IKEA,83.68,,233206.04
2025-08-14,NETFLIX.COM,55.58,,233150.46
2025-08-16,LYFT RIDE,61.85,,233088.61
2025-08-19,SHELL OIL,25.70,,233062.91
2025-08-20,WALMART SUPERCENTER,124.24,,232938.67
2025-08-20,KROGER #1190,117.33,,232821.34
2025-08-20,EZ PASS TOLL,62.33,,232759.01
2025-08-21,SUSHI HOUSE,73.12,,232685.89
2025-08-21,AMAZON MKTP,205.84,,232480.05
2025-08-22,EZ PASS TOLL,48.29,,232431.76
2025-08-23,MCDONALD'S,54.03,,232377.73
2025-08-24,KROGER #1190,158.51,,232219.22
2025-08-24,PARKING GARAGE,31.76,,232187.46
2025-08-25,PLANET FITNESS,148.92,,232038.54
2025-08-26,WHOLE FOODS #4821,70.35,,231968.19
2025-08-26,UBER TRIP,57.45,,231910.74
2025-08-27,BEST BUY,220.39,,231690.35
2025-08-27,CITY MEDICAL CLINIC,17.00,,231673.35
2025-08-28,KROGER #1190,79.66,,231593.69
2025-08-29,PIZZA HUT,58.81,,231534.88
2025-08-29,UBER TRIP,39.93,,231494.95
2025-08-30,FRESH MARKET,60.77,,231434.18
2025-08-30,LOCAL BISTRO,25.76,,231408.42
2025-08-30,SHELL OIL,65.51,,231342.91
2025-08-30,TICKETMASTER,53.98,,231288.93
2025-08-31,MCDONALD'S,36.95,,231251.98
2025-08-31,NIKE STORE,217.09,,231034.89
2025-09-01,ACH CREDIT EMPLOYER PAYROLL,,7196.56,238231.45
2025-09-01,APPLE.COM/BILL,221.64,,238009.81
2025-09-02,COSTCO WHSE,24.86,,237984.95
2025-09-02,EZ PASS TOLL,12.06,,237972.89
2025-09-03,BILL PAY RENT LANDLORD,1757.64,,236215.25
2025-09-04,WHOLE FOODS #4821,25.16,,236190.09
2025-09-04,SHELL OIL,50.57,,236139.52
2025-09-05,IKEA,148.62,,235990.90
2025-09-06,LOCAL BISTRO,20.12,,235970.78
2025-09-06,IKEA,207.88,,235762.90
2025-09-07,ELECTRIC COMPANY,38.66,,235724.24
2025-09-07,LYFT RIDE,18.98,,235705.26
2025-09-09,PAYPAL TRANSFER,,830.27,236535.53
2025-09-10,MCDONALD'S,69.08,,236466.45
2025-09-10,METRO TRANSIT,62.54,,236403.91
2025-09-10,WALGREENS,206.83,,236197.08
2025-09-12,PARKING GARAGE,58.57,,236138.51
2025-09-12,UBER TRIP,61.12,,236077.39
2025-09-13,MCDONALD'S,24.32,,236053.07
2025-09-13,CITY MEDICAL CLINIC,34.31,,236018.76
2025-09-14,ALDI 729,102.53,,235916.23
2025-09-15,COMCAST CABLE,149.18,,235767.05
2025-09-15,SUSHI HOUSE,22.44,,235744.61
2025-09-15,CHEVRON,69.24,,235675.37
2025-09-16,DOORDASH*RESTAURANT,75.32,,235600.05
2025-09-16,MCDONALD'S,49.83,,235550.22
2025-09-17,SHELL OIL,16.13,,235534.09
2025-09-20,WALMART SUPERCENTER,137.87,,235396.22
2025-09-20,AMC THEATRES,42.38,,235353.84
2025-09-21,FRESH MARKET,35.03,,235318.81
2025-09-22,ZELLE TO FRIEND,203.44,,235115.37
2025-09-24,WHOLE FOODS #4821,70.24,,235045.13
2025-09-24,CHEVRON,66.96,,234978.17
2025-09-25,KROGER #1190,153.33,,234824.84
2025-09-26,ELECTRIC COMPANY,45.22,,234779.62
2025-09-26,ALDI 729,39.66,,234739.96
2025-09-27,TRADER JOE'S,148.31,,234591.65
2025-09-29,SHELL OIL,32.33,,234559.32
2025-09-30,STARBUCKS STORE,34.84,,234524.48
2025-09-30,NETFLIX.COM,26.20,,234498.28
2025-10-01,ACH CREDIT EMPLOYER PAYROLL,,7331.29,241829.57
2025-10-03,BILL PAY RENT LANDLORD,1763.97,,240065.60
2025-10-03,STARBUCKS STORE,84.26,,239981.34
2025-10-04,PARKING GARAGE,23.57,,239957.77
2025-10-04,EZ PASS TOLL,37.96,,239919.81
2025-10-04,NIKE STORE,146.37,,239773.44
2025-10-05,LYFT RIDE,60.04,,239713.40
2025-10-05,SHELL OIL,71.54,,239641.86
2025-10-08,WALGREENS,160.38,,239481.48
2025-10-10,SUSHI HOUSE,7.96,,239473.52
2025-10-10,SHELL OIL,60.84,,239412.68
2025-10-11,WALMART SUPERCENTER,85.79,,239326.89
2025-10-11,MCDONALD'S,49.98,,239276.91
2025-10-13,GAS UTILITY,96.76,,239180.15
2025-10-15,SHELL OIL,71.69,,239108.46
2025-10-16,TRADER JOE'S,158.61,,238949.85
2025-10-17,PAYPAL TRANSFER,,421.05,239370.90
2025-10-17,ALDI 729,132.10,,239238.80
2025-10-17,ATM WITHDRAWAL,235.80,,239003.00
2025-10-18,GAS UTILITY,128.21,,238874.79
2025-10-18,UBER TRIP,44.81,,238829.98
2025-10-18,PARKING GARAGE,46.30,,238783.68
2025-10-18,BEST BUY,27.89,,238755.79
2025-10-19,ALDI 729,158.63,,238597.16
2025-10-19,CHIPOTLE ONLINE,63.35,,238533.81
2025-10-20,TRADER JOE'S,113.54,,238420.27
2025-10-20,FRESH MARKET,74.50,,238345.77
2025-10-23,CHIPOTLE ONLINE,43.63,,238302.14
2025-10-24,TARGET.COM,24.47,,238277.67
2025-10-26,GAS UTILITY,166.04,,238111.63
2025-10-26,PARKING GARAGE,26.40,,238085.23
2025-10-28,WALMART SUPERCENTER,121.12,,237964.11
2025-10-28,DOORDASH*RESTAURANT,58.45,,237905.66
2025-10-29,FRESH MARKET,131.99,,237773.67
2025-10-29,LOCAL BISTRO,61.06,,237712.61
2025-10-29,HOME DEPOT,141.29,,237571.32
2025-10-31,TRADER JOE'S,152.92,,237418.40
2025-10-31,SHELL OIL,63.99,,237354.41
2025-10-31,STEAM GAMES,15.74,,237338.67
2025-10-31,NETFLIX.COM,14.38,,237324.29
2025-11-01,ACH CREDIT EMPLOYER PAYROLL,,7159.58,244483.87
2025-11-03,BILL PAY RENT LANDLORD,1756.19,,242727.68
2025-11-03,ALDI 729,77.33,,242650.35
2025-11-03,UBER TRIP,55.03,,242595.32
2025-11-05,SHELL OIL,35.52,,242559.80
2025-11-05,APPLE.COM/BILL,94.88,,242464.92
2025-11-06,METRO TRANSIT,52.71,,242412.21
2025-11-06,AMAZON.COM,152.08,,242260.13
2025-11-09,WALMART SUPERCENTER,57.92,,242202.21
2025-11-09,MCDONALD'S,40.95,,242161.26
2025-11-09,CHEVRON,37.43,,242123.83
2025-11-11,SPOTIFY USA,46.86,,242076.97
2025-11-12,MCDONALD'S,54.07,,242022.90
2025-11-12,ZELLE TO FRIEND,206.48,,241816.42
2025-11-13,VERIZON WIRELESS,73.80,,241742.62
2025-11-14,CITY WATER BILL,65.30,,241677.32
2025-11-15,METRO TRANSIT,36.87,,241640.45
2025-11-15,AMC THEATRES,60.40,,241580.05
2025-11-16,WALMART SUPERCENTER,84.17,,241495.88
2025-11-16,DENTAL CARE,152.40,,241343.48
2025-11-17,WALMART SUPERCENTER,65.14,,241278.34
2025-11-18,UBER TRIP,65.61,,241212.73
2025-11-18,IKEA,268.34,,240944.39
2025-11-18,BEST BUY,96.52,,240847.87
2025-11-18,AMAZON.COM,119.55,,240728.32
2025-11-19,DOORDASH*RESTAURANT,69.47,,240658.85
2025-11-20,ETSY.COM,160.57,,240498.28
2025-11-20,ETSY.COM,181.55,,240316.73
2025-11-21,FRESH MARKET,71.74,,240244.99
2025-11-22,UBER TRIP,25.02,,240219.97
2025-11-23,SHELL OIL,65.12,,240154.85
2025-11-23,SPOTIFY USA,18.28,,240136.57
2025-11-25,ALDI 729,92.73,,240043.84
2025-11-25,EZ PASS TOLL,37.71,,240006.13
2025-11-25,BEST BUY,220.18,,239785.95
2025-11-26,EZ PASS TOLL,33.16,,239752.79
2025-11-27,PARKING GARAGE,43.45,,239709.34
2025-11-28,PARKING GARAGE,24.41,,239684.93
2025-11-29,LOCAL BISTRO,79.40,,239605.53
2025-11-29,METRO TRANSIT,52.20,,239553.33
2025-11-29,HOME DEPOT,92.39,,239460.94
2025-11-29,WALGREENS,161.85,,239299.09
2025-11-30,MCDONALD'S,84.66,,239214.43
2025-12-01,ACH CREDIT EMPLOYER PAYROLL,,7177.69,246392.12
2025-12-01,UBER EATS,58.16,,246333.96
2025-12-01,STARBUCKS STORE,19.28,,246314.68
2025-12-03,BILL PAY RENT LANDLORD,1735.14,,244579.54
2025-12-03,PARKING GARAGE,18.88,,244560.66
2025-12-03,AMAZON MKTP,29.37,,244531.29
2025-12-05,LYFT RIDE,17.49,,244513.80
2025-12-06,SHELL OIL,47.66,,244466.14
2025-12-06,CHEVRON,46.04,,244420.10
2025-12-07,LOCAL BISTRO,41.20,,244378.90
2025-12-08,EZ PASS TOLL,43.09,,244335.81
2025-12-09,COMCAST CABLE,113.30,,244222.51
2025-12-10,KROGER #1190,81.21,,244141.30
2025-12-10,EZ PASS TOLL,63.49,,244077.81
2025-12-10,METRO TRANSIT,64.71,,244013.10
2025-12-10,AMC THEATRES,41.57,,243971.53
2025-12-10,VENMO PAYMENT,244.65,,243726.88
2025-12-11,SHELL OIL,34.78,,243692.10
2025-12-11,DISNEYPLUS,50.86,,243641.24
2025-12-12,NETFLIX.COM,35.00,,243606.24
2025-12-13,TARGET.COM,143.21,,243463.03
2025-12-14,COMCAST CABLE,190.42,,243272.61
2025-12-14,PARKING GARAGE,38.02,,243234.59
2025-12-14,DISNEYPLUS,52.20,,243182.39
2025-12-16,TRADER JOE'S,110.92,,243071.47
2025-12-16,STARBUCKS STORE,72.09,,242999.38
2025-12-16,AMAZON MKTP,17.24,,242982.14
2025-12-17,ZELLE FROM CLIENT,,242.98,243225.12
2025-12-18,WALMART SUPERCENTER,37.94,,243187.18
2025-12-18,STARBUCKS STORE,35.49,,243151.69
2025-12-19,CHIPOTLE ONLINE,53.16,,243098.53
2025-12-21,CHEVRON,40.18,,243058.35
2025-12-22,ACH CREDIT YEAR END BONUS,,2283.02,245341.37
2025-12-23,COMCAST CABLE,144.40,,245196.97
2025-12-23,PIZZA HUT,47.49,,245149.48
2025-12-24,LYFT RIDE,15.30,,245134.18
2025-12-25,COSTCO WHSE,147.39,,244986.79
2025-12-26,WALMART SUPERCENTER,68.21,,244918.58
2025-12-26,COSTCO WHSE,42.24,,244876.34
2025-12-26,METRO TRANSIT,67.26,,244809.08
2025-12-28,TRADER JOE'S,82.69,,244726.39
2025-12-28,SUSHI HOUSE,34.08,,244692.31
2025-12-28,UBER TRIP,13.54,,244678.77
2025-12-28,SHELL OIL,69.55,,244609.22
2025-12-29,DOORDASH*RESTAURANT,13.16,,244596.06
2025-12-30,APPLE.COM/BILL,236.32,,244359.74
2025-12-30,CVS/PHARMACY,112.93,,244246.81
2026-01-01,ACH CREDIT EMPLOYER PAYROLL,,7578.32,251825.13
2026-01-01,TRADER JOE'S,28.79,,251796.34
2026-01-01,MCDONALD'S,60.21,,251736.13
2026-01-02,CHEVRON,45.98,,251690.15
2026-01-03,BILL PAY RENT LANDLORD,1801.29,,249888.86
2026-01-05,UBER EATS,67.74,,249821.12
2026-01-05,LYFT RIDE,48.46,,249772.66
2026-01-05,AMAZON MKTP,24.36,,249748.30
2026-01-06,LYFT RIDE,19.92,,249728.38
2026-01-06,AMAZON MKTP,115.38,,249613.00
2026-01-07,METRO TRANSIT,47.14,,249565.86
2026-01-09,METRO TRANSIT,58.13,,249507.73
2026-01-09,BEST BUY,140.36,,249367.37
2026-01-09,IKEA,209.10,,249158.27
2026-01-10,COMCAST CABLE,128.15,,249030.12
2026-01-10,KROGER #1190,90.95,,248939.17
2026-01-11,CHIPOTLE ONLINE,24.66,,248914.51
2026-01-12,SPOTIFY USA,30.34,,248884.17
2026-01-13,CHIPOTLE ONLINE,84.90,,248799.27
2026-01-14,KROGER #1190,86.04,,248713.23
2026-01-14,SHELL OIL,7.01,,248706.22
2026-01-14,IKEA,104.90,,248601.32
2026-01-14,CITY MEDICAL CLINIC,92.64,,248508.68
2026-01-15,CHIPOTLE ONLINE,57.10,,248451.58
2026-01-15,UBER EATS,57.88,,248393.70
2026-01-15,INSURANCE ANNUAL PREMIUM,1020.46,,247373.24
2026-01-16,PARKING GARAGE,63.59,,247309.65
2026-01-18,METRO TRANSIT,16.41,,247293.24
2026-01-19,TRADER JOE'S,154.34,,247138.90
2026-01-19,LYFT RIDE,69.40,,247069.50
2026-01-20,IKEA,124.84,,246944.66
2026-01-21,WALMART SUPERCENTER,21.44,,246923.22
2026-01-21,STEAM GAMES,35.71,,246887.51
2026-01-23,DENTAL CARE,150.60,,246736.91
2026-01-24,GAS UTILITY,72.76,,246664.15
2026-01-25,KROGER #1190,106.31,,246557.84
2026-01-25,PARKING GARAGE,26.39,,246531.45
2026-01-25,UBER TRIP,7.94,,246523.51
2026-01-27,PIZZA HUT,66.16,,246457.35
2026-01-29,KROGER #1190,94.27,,246363.08
2026-01-29,SHELL OIL,50.98,,246312.10
2026-01-31,TRADER JOE'S,134.41,,246177.69
2026-02-01,ACH CREDIT EMPLOYER PAYROLL,,7407.11,253584.80
2026-02-01,METRO TRANSIT,36.35,,253548.45
2026-02-03,BILL PAY RENT LANDLORD,1787.45,,251761.00
2026-02-05,CITY WATER BILL,62.85,,251698.15
2026-02-05,EZ PASS TOLL,26.88,,251671.27
2026-02-05,PARKING GARAGE,40.05,,251631.22
2026-02-05,SHELL OIL,38.13,,251593.09
2026-02-06,CHIPOTLE ONLINE,35.94,,251557.15
2026-02-06,UBER EATS,17.63,,251539.52
2026-02-07,LYFT RIDE,10.33,,251529.19
2026-02-08,SUSHI HOUSE,63.44,,251465.75
2026-02-09,METRO TRANSIT,52.90,,251412.85
2026-02-10,MCDONALD'S,81.45,,251331.40
2026-02-10,AMAZON MKTP,245.85,,251085.55
2026-02-10,BEST BUY,128.44,,250957.11
2026-02-10,WALGREENS,104.72,,250852.39
2026-02-11,WALGREENS,118.71,,250733.68
2026-02-12,APPLE.COM/BILL,199.41,,250534.27
2026-02-13,PIZZA HUT,11.18,,250523.09
2026-02-13,METRO TRANSIT,49.37,,250473.72
2026-02-13,AMC THEATRES,12.86,,250460.86
2026-02-15,SUSHI HOUSE,17.68,,250443.18
2026-02-15,APPLE.COM/BILL,212.40,,250230.78
2026-02-16,COSTCO WHSE,45.39,,250185.39
2026-02-16,MCDONALD'S,66.97,,250118.42
2026-02-16,UBER EATS,57.79,,250060.63
2026-02-17,METRO TRANSIT,8.12,,250052.51
2026-02-17,SPOTIFY USA,48.64,,250003.87
2026-02-18,FRESH MARKET,128.94,,249874.93
2026-02-19,NETFLIX.COM,41.32,,249833.61
2026-02-20,COSTCO WHSE,20.48,,249813.13
2026-02-20,EZ PASS TOLL,29.01,,249784.12
2026-02-21,ELECTRIC COMPANY,76.60,,249707.52
2026-02-21,COSTCO WHSE,141.34,,249566.18
2026-02-22,LYFT RIDE,12.67,,249553.51
2026-02-23,PARKING GARAGE,4.34,,249549.17
2026-02-23,LYFT RIDE,27.00,,249522.17
2026-02-24,VENMO CASHOUT,,322.47,249844.64
2026-02-24,KROGER #1190,125.45,,249719.19
2026-02-24,AMC THEATRES,47.71,,249671.48
2026-02-25,VERIZON WIRELESS,166.66,,249504.82
2026-02-25,ALDI 729,140.74,,249364.08
2026-02-25,METRO TRANSIT,35.16,,249328.92
2026-02-25,HOME DEPOT,26.55,,249302.37
2026-02-26,WHOLE FOODS #4821,49.44,,249252.93
2026-02-26,MCDONALD'S,75.33,,249177.60
2026-02-27,TRADER JOE'S,51.83,,249125.77
2026-02-28,STEAM GAMES,19.49,,249106.28
2026-03-01,ACH CREDIT EMPLOYER PAYROLL,,7391.24,256497.52
2026-03-01,WALMART SUPERCENTER,143.29,,256354.23
2026-03-02,BEST BUY,77.58,,256276.65
2026-03-03,BILL PAY RENT LANDLORD,1816.04,,254460.61
2026-03-04,TICKETMASTER,31.50,,254429.11
2026-03-04,AMC THEATRES,17.72,,254411.39
2026-03-05,GAS UTILITY,175.68,,254235.71
2026-03-05,APPLE.COM/BILL,214.54,,254021.17
2026-03-06,LOCAL BISTRO,39.76,,253981.41
2026-03-06,VENMO PAYMENT,97.10,,253884.31
2026-03-08,KROGER #1190,63.56,,253820.75
2026-03-09,PARKING GARAGE,41.15,,253779.60
2026-03-09,IKEA,180.44,,253599.16
2026-03-10,CITY WATER BILL,60.38,,253538.78
2026-03-12,ALDI 729,57.95,,253480.83
2026-03-12,DOORDASH*RESTAURANT,52.63,,253428.20
2026-03-13,STARBUCKS STORE,21.07,,253407.13
2026-03-13,EZ PASS TOLL,67.52,,253339.61
2026-03-17,KROGER #1190,138.05,,253201.56
2026-03-17,COSTCO WHSE,77.55,,253124.01
2026-03-17,ALDI 729,100.33,,253023.68
2026-03-19,CHEVRON,58.52,,252965.16
2026-03-20,ELECTRIC COMPANY,50.71,,252914.45
2026-03-20,VERIZON WIRELESS,177.24,,252737.21
2026-03-20,STARBUCKS STORE,22.80,,252714.41
2026-03-22,LYFT RIDE,48.20,,252666.21
2026-03-22,PARKING GARAGE,39.03,,252627.18
2026-03-24,MCDONALD'S,23.31,,252603.87
2026-03-25,ACH CREDIT FREELANCE,,777.10,253380.97
2026-03-25,SPOTIFY USA,62.50,,253318.47
2026-03-26,HOME DEPOT,147.68,,253170.79
2026-03-26,DENTAL CARE,121.71,,253049.08
2026-03-27,WHOLE FOODS #4821,115.21,,252933.87
2026-03-28,ALDI 729,150.08,,252783.79
2026-03-28,PARKING GARAGE,24.32,,252759.47
2026-03-30,STARBUCKS STORE,12.79,,252746.68
2026-03-30,DENTAL CARE,33.00,,252713.68
2026-03-31,UBER TRIP,54.25,,252659.43
2026-03-31,LYFT RIDE,36.10,,252623.33
2026-03-31,METRO TRANSIT,63.61,,252559.72
2026-04-01,ACH CREDIT EMPLOYER PAYROLL,,7585.74,260145.46
2026-04-01,LOCAL BISTRO,43.11,,260102.35
2026-04-01,SUSHI HOUSE,70.48,,260031.87
2026-04-01,CVS/PHARMACY,164.88,,259866.99
2026-04-02,METRO TRANSIT,66.17,,259800.82
2026-04-03,BILL PAY RENT LANDLORD,1787.43,,258013.39
2026-04-03,TRADER JOE'S,37.29,,257976.10
2026-04-04,LYFT RIDE,13.80,,257962.30
2026-04-06,APPLE.COM/BILL,219.21,,257743.09
2026-04-07,VERIZON WIRELESS,131.29,,257611.80
2026-04-07,COSTCO WHSE,97.51,,257514.29
2026-04-07,AMAZON MKTP,12.32,,257501.97
2026-04-08,FRESH MARKET,143.15,,257358.82
2026-04-09,SUSHI HOUSE,14.38,,257344.44
2026-04-10,CHEVRON,24.29,,257320.15
2026-04-13,METRO TRANSIT,31.24,,257288.91
2026-04-13,IRS USATAXPYMT,1333.40,,255955.51
2026-04-14,ACH CREDIT FREELANCE,,976.43,256931.94
2026-04-14,COMCAST CABLE,168.96,,256762.98
2026-04-14,ALDI 729,143.40,,256619.58
2026-04-14,AMAZON MKTP,262.62,,256356.96
2026-04-14,TICKETMASTER,64.04,,256292.92
2026-04-15,CITY WATER BILL,174.85,,256118.07
2026-04-15,SHELL OIL,39.21,,256078.86
2026-04-16,PARKING GARAGE,42.04,,256036.82
2026-04-16,CITY MEDICAL CLINIC,83.08,,255953.74
2026-04-17,FRESH MARKET,105.38,,255848.36
2026-04-17,PIZZA HUT,62.80,,255785.56
2026-04-17,UBER TRIP,6.49,,255779.07
2026-04-19,SUSHI HOUSE,42.63,,255736.44
2026-04-19,VENMO PAYMENT,190.34,,255546.10
2026-04-20,CHEVRON,62.35,,255483.75
2026-04-20,STEAM GAMES,57.05,,255426.70
2026-04-20,NETFLIX.COM,24.19,,255402.51
2026-04-21,EZ PASS TOLL,65.67,,255336.84
2026-04-24,SUSHI HOUSE,47.15,,255289.69
2026-04-26,LYFT RIDE,32.45,,255257.24
2026-04-26,APPLE.COM/BILL,182.97,,255074.27
2026-04-27,CVS/PHARMACY,146.01,,254928.26
2026-04-28,AMAZON.COM,119.00,,254809.26
2026-04-30,FRESH MARKET,47.25,,254762.01
2026-05-03,ACH CREDIT EMPLOYER PAYROLL,,7376.64,262138.65
2026-05-03,BILL PAY RENT LANDLORD,1798.08,,260340.57
2026-05-04,COSTCO WHSE,110.85,,260229.72
2026-05-05,WHOLE FOODS #4821,90.20,,260139.52
2026-05-06,WALMART SUPERCENTER,23.49,,260116.03
2026-05-06,LYFT RIDE,32.92,,260083.11
2026-05-07,PIZZA HUT,79.29,,260003.82
2026-05-07,SHELL OIL,51.37,,259952.45
2026-05-07,LYFT RIDE,50.74,,259901.71
2026-05-09,KROGER #1190,110.49,,259791.22
2026-05-09,UBER EATS,78.22,,259713.00
2026-05-11,SHELL OIL,52.06,,259660.94
2026-05-11,SHELL OIL,18.55,,259642.39
2026-05-12,DISNEYPLUS,55.93,,259586.46
2026-05-13,DISNEYPLUS,55.78,,259530.68
2026-05-15,NETFLIX.COM,39.52,,259491.16
2026-05-17,UBER EATS,41.53,,259449.63
2026-05-18,SHELL OIL,28.25,,259421.38
2026-05-18,APPLE.COM/BILL,124.26,,259297.12
2026-05-19,VENMO CASHOUT,,513.67,259810.79
2026-05-19,SUSHI HOUSE,58.55,,259752.24
2026-05-19,EZ PASS TOLL,39.67,,259712.57
2026-05-19,AMAZON MKTP,129.07,,259583.50
2026-05-20,GAS UTILITY,122.59,,259460.91
2026-05-22,ALDI 729,19.23,,259441.68
2026-05-23,COMCAST CABLE,94.21,,259347.47
2026-05-23,GAS UTILITY,38.03,,259309.44
2026-05-23,STARBUCKS STORE,22.89,,259286.55
2026-05-23,AMC THEATRES,14.22,,259272.33
2026-05-24,WALMART SUPERCENTER,102.51,,259169.82
2026-05-26,SUSHI HOUSE,81.89,,259087.93
2026-05-26,EZ PASS TOLL,25.79,,259062.14
2026-05-27,WALMART SUPERCENTER,30.57,,259031.57
2026-05-27,CHIPOTLE ONLINE,70.56,,258961.01
2026-05-28,VENMO PAYMENT,139.16,,258821.85
2026-05-29,TARGET.COM,89.93,,258731.92
2026-05-30,PLANET FITNESS,99.65,,258632.27
2026-05-31,SUSHI HOUSE,82.51,,258549.76
2026-05-31,BEST BUY,249.70,,258300.06
2026-06-03,ACH CREDIT EMPLOYER PAYROLL,,7508.32,265808.38
2026-06-03,BILL PAY RENT LANDLORD,1787.70,,264020.68
2026-06-03,MCDONALD'S,57.33,,263963.35
2026-06-04,COSTCO WHSE,136.80,,263826.55
2026-06-04,LYFT RIDE,45.00,,263781.55
2026-06-05,CHEVRON,64.25,,263717.30
2026-06-05,CHEVRON,54.44,,263662.86
2026-06-05,HOME DEPOT,109.48,,263553.38
2026-06-05,VENMO PAYMENT,270.85,,263282.53
2026-06-07,SUSHI HOUSE,7.19,,263275.34
2026-06-07,AMC THEATRES,17.01,,263258.33
2026-06-11,CITY WATER BILL,47.60,,263210.73
2026-06-11,KROGER #1190,34.91,,263175.82
2026-06-11,AMAZON MKTP,186.78,,262989.04
2026-06-11,AMC THEATRES,60.09,,262928.95
2026-06-12,DENTAL CARE,82.04,,262846.91
2026-06-13,VENMO CASHOUT,,381.61,263228.52
2026-06-14,BEST BUY,70.06,,263158.46
2026-06-15,AMAZON.COM,265.79,,262892.67
2026-06-16,WALMART SUPERCENTER,39.18,,262853.49
2026-06-17,CHEVRON,29.91,,262823.58
2026-06-18,ALDI 729,34.63,,262788.95
2026-06-18,TRADER JOE'S,51.25,,262737.70
2026-06-18,EZ PASS TOLL,47.69,,262690.01
2026-06-18,EZ PASS TOLL,51.18,,262638.83
2026-06-18,METRO TRANSIT,31.18,,262607.65
2026-06-19,DISNEYPLUS,10.58,,262597.07
2026-06-20,SHELL OIL,42.10,,262554.97
2026-06-21,DOORDASH*RESTAURANT,53.31,,262501.66
2026-06-21,UBER EATS,7.48,,262494.18
2026-06-21,AMAZON.COM,148.55,,262345.63
2026-06-22,KROGER #1190,49.52,,262296.11
2026-06-22,SHELL OIL,29.51,,262266.60
2026-06-26,ELECTRIC COMPANY,160.98,,262105.62
2026-06-26,TRADER JOE'S,118.84,,261986.78
2026-06-28,PIZZA HUT,41.42,,261945.36
2026-06-28,SHELL OIL,4.95,,261940.41
2026-06-29,PIZZA HUT,70.84,,261869.57
2026-07-01,ACH CREDIT EMPLOYER PAYROLL,,7633.54,269503.11
2026-07-01,COSTCO WHSE,102.50,,269400.61
2026-07-01,LYFT RIDE,60.43,,269340.18
2026-07-01,AMC THEATRES,55.68,,269284.50
2026-07-02,ALDI 729,20.40,,269264.10
2026-07-02,SUSHI HOUSE,74.36,,269189.74
2026-07-03,BILL PAY RENT LANDLORD,1800.77,,267388.97
2026-07-03,EZ PASS TOLL,68.05,,267320.92
2026-07-04,CHIPOTLE ONLINE,50.72,,267270.20
2026-07-05,LYFT RIDE,13.27,,267256.93
2026-07-05,SHELL OIL,31.86,,267225.07
2026-07-05,LYFT RIDE,55.69,,267169.38
2026-07-06,CHEVRON,13.32,,267156.06
2026-07-07,TRADER JOE'S,55.65,,267100.41
2026-07-07,AMAZON MKTP,226.23,,266874.18
2026-07-07,HOME DEPOT,68.49,,266805.69
2026-07-08,EZ PASS TOLL,69.63,,266736.06
2026-07-11,APPLE.COM/BILL,241.16,,266494.90
2026-07-12,LOCAL BISTRO,26.86,,266468.04
2026-07-13,WALGREENS,23.37,,266444.67
2026-07-15,CHEVRON,19.96,,266424.71
2026-07-15,AIRLINE TICKET,545.87,,265878.84
2026-07-16,CITY WATER BILL,136.21,,265742.63
2026-07-16,TRADER JOE'S,25.58,,265717.05
2026-07-16,WALMART SUPERCENTER,50.16,,265666.89
2026-07-16,CHIPOTLE ONLINE,39.97,,265626.92
2026-07-17,STARBUCKS STORE,74.62,,265552.30
2026-07-18,TICKETMASTER,28.16,,265524.14
2026-07-20,CHEVRON,27.85,,265496.29
2026-07-21,MCDONALD'S,52.56,,265443.73
2026-07-21,UBER TRIP,64.18,,265379.55
2026-07-22,STARBUCKS STORE,79.87,,265299.68
2026-07-23,CITY MEDICAL CLINIC,35.77,,265263.91
2026-07-26,COMCAST CABLE,94.51,,265169.40
