Trans Date,Remarks,Debit,Credit,Balance
26-Jul-2016,VENMO PAYMENT,133.73,,8366.27
28-Jul-2016,UBER TRIP,32.50,,8333.77
29-Jul-2016,EZ PASS TOLL,46.89,,8286.88
31-Jul-2016,STARBUCKS STORE,50.04,,8236.84
31-Jul-2016,AMAZON MKTP,60.54,,8176.30
2-Aug-2016,ACH CREDIT EMPLOYER PAYROLL,,5261.87,13438.17
3-Aug-2016,BILL PAY RENT LANDLORD,1342.34,,12095.83
5-Aug-2016,SHELL OIL,7.25,,12088.58
7-Aug-2016,LOCAL BISTRO,24.01,,12064.57
8-Aug-2016,ALDI 729,118.16,,11946.41
8-Aug-2016,PIZZA HUT,33.63,,11912.78
9-Aug-2016,CHEVRON,64.42,,11848.36
9-Aug-2016,PARKING GARAGE,20.04,,11828.32
10-Aug-2016,NETFLIX.COM,43.44,,11784.88
11-Aug-2016,WALMART SUPERCENTER,134.44,,11650.44
11-Aug-2016,ZELLE TO FRIEND,84.84,,11565.60
13-Aug-2016,KROGER #1190,133.23,,11432.37
13-Aug-2016,WALMART SUPERCENTER,112.27,,11320.10
15-Aug-2016,IKEA,140.08,,11180.02
16-Aug-2016,ELECTRIC COMPANY,39.41,,11140.61
16-Aug-2016,TRADER JOE'S,38.15,,11102.46
17-Aug-2016,PIZZA HUT,53.64,,11048.82
17-Aug-2016,PIZZA HUT,38.81,,11010.01
17-Aug-2016,SHELL OIL,34.22,,10975.79
17-Aug-2016,UBER TRIP,46.21,,10929.58
17-Aug-2016,STEAM GAMES,63.45,,10866.13
17-Aug-2016,HOTEL BOOKING,846.32,,10019.81
18-Aug-2016,ZELLE FROM CLIENT,,954.31,10974.12
18-Aug-2016,METRO TRANSIT,13.90,,10960.22
19-Aug-2016,CHEVRON,7.08,,10953.14
20-Aug-2016,AMAZON MKTP,216.16,,10736.98
21-Aug-2016,ELECTRIC COMPANY,133.54,,10603.44
22-Aug-2016,GAS UTILITY,112.76,,10490.68
22-Aug-2016,WALGREENS,103.11,,10387.57
23-Aug-2016,COMCAST CABLE,48.50,,10339.07
23-Aug-2016,AMAZON.COM,216.88,,10122.19
24-Aug-2016,MCDONALD'S,44.93,,10077.26
24-Aug-2016,EZ PASS TOLL,12.49,,10064.77
25-Aug-2016,DOORDASH*RESTAURANT,68.22,,9996.55
26-Aug-2016,TRADER JOE'S,22.33,,9974.22
26-Aug-2016,LOCAL BISTRO,15.16,,9959.06
27-Aug-2016,NETFLIX.COM,25.29,,9933.77
27-Aug-2016,DISNEYPLUS,39.66,,9894.11
29-Aug-2016,SHELL OIL,49.25,,9844.86
30-Aug-2016,DENTAL CARE,196.12,,9648.74
31-Aug-2016,ALDI 729,83.41,,9565.33
1-Sep-2016,CHEVRON,30.39,,9534.94
2-Sep-2016,ACH CREDIT EMPLOYER PAYROLL,,5268.48,14803.42
2-Sep-2016,KROGER #1190,149.22,,14654.20
3-Sep-2016,BILL PAY RENT LANDLORD,1365.06,,13289.14
3-Sep-2016,STEAM GAMES,63.33,,13225.81
5-Sep-2016,PIZZA HUT,54.56,,13171.25
6-Sep-2016,COMCAST CABLE,155.63,,13015.62
6-Sep-2016,MCDONALD'S,61.34,,12954.28
7-Sep-2016,GAS UTILITY,75.31,,12878.97
7-Sep-2016,SUSHI HOUSE,9.80,,12869.17
7-Sep-2016,STEAM GAMES,37.44,,12831.73
9-Sep-2016,METRO TRANSIT,4.91,,12826.82
9-Sep-2016,METRO TRANSIT,68.70,,12758.12
10-Sep-2016,ACH CREDIT FREELANCE,,240.92,12999.04
10-Sep-2016,WALMART SUPERCENTER,148.34,,12850.70
11-Sep-2016,WALGREENS,38.76,,12811.94
12-Sep-2016,TRADER JOE'S,85.50,,12726.44
12-Sep-2016,WHOLE FOODS #4821,56.11,,12670.33
12-Sep-2016,LOCAL BISTRO,59.06,,12611.27
12-Sep-2016,AMAZON MKTP,193.25,,12418.02
13-Sep-2016,HOME DEPOT,44.62,,12373.40
13-Sep-2016,CITY MEDICAL CLINIC,27.36,,12346.04
14-Sep-2016,COSTCO WHSE,30.71,,12315.33
14-Sep-2016,DOORDASH*RESTAURANT,14.07,,12301.26
15-Sep-2016,SUSHI HOUSE,41.71,,12259.55
16-Sep-2016,TRADER JOE'S,61.93,,12197.62
17-Sep-2016,GAS UTILITY,89.06,,12108.56
17-Sep-2016,DISNEYPLUS,14.95,,12093.61
18-Sep-2016,VERIZON WIRELESS,80.93,,12012.68
18-Sep-2016,WHOLE FOODS #4821,40.23,,11972.45
18-Sep-2016,UBER EATS,33.68,,11938.77
18-Sep-2016,IKEA,255.11,,11683.66
22-Sep-2016,UBER TRIP,65.13,,11618.53
22-Sep-2016,METRO TRANSIT,46.76,,11571.77
23-Sep-2016,METRO TRANSIT,35.43,,11536.34
25-Sep-2016,CHEVRON,69.99,,11466.35
26-Sep-2016,TARGET.COM,22.70,,11443.65
27-Sep-2016,WHOLE FOODS #4821,132.69,,11310.96
27-Sep-2016,CHIPOTLE ONLINE,10.81,,11300.15
27-Sep-2016,UBER TRIP,57.95,,11242.20
28-Sep-2016,APPLE.COM/BILL,243.27,,10998.93
28-Sep-2016,AMC THEATRES,19.72,,10979.21
28-Sep-2016,ATM WITHDRAWAL,239.45,,10739.76
29-Sep-2016,TARGET.COM,29.79,,10709.97
29-Sep-2016,DISNEYPLUS,63.22,,10646.75
30-Sep-2016,UBER EATS,10.72,,10636.03
1-Oct-2016,ACH CREDIT EMPLOYER PAYROLL,,5343.79,15979.82
1-Oct-2016,SPOTIFY USA,41.60,,15938.22
2-Oct-2016,VENMO PAYMENT,65.34,,15872.88
3-Oct-2016,BILL PAY RENT LANDLORD,1349.15,,14523.73
4-Oct-2016,UBER EATS,84.24,,14439.49
4-Oct-2016,CHIPOTLE ONLINE,41.79,,14397.70
5-Oct-2016,CITY WATER BILL,156.66,,14241.04
6-Oct-2016,COSTCO WHSE,29.73,,14211.31
6-Oct-2016,HOME DEPOT,13.27,,14198.04
7-Oct-2016,PLANET FITNESS,29.32,,14168.72
8-Oct-2016,PARKING GARAGE,50.01,,14118.71
9-Oct-2016,COSTCO WHSE,110.84,,14007.87
10-Oct-2016,CHEVRON,4.70,,14003.17
11-Oct-2016,IKEA,247.96,,13755.21
12-Oct-2016,LOCAL BISTRO,25.07,,13730.14
13-Oct-2016,STARBUCKS STORE,8.83,,13721.31
13-Oct-2016,PARKING GARAGE,22.87,,13698.44
14-Oct-2016,VERIZON WIRELESS,176.26,,13522.18
14-Oct-2016,WALMART SUPERCENTER,25.77,,13496.41
14-Oct-2016,UBER EATS,47.12,,13449.29
14-Oct-2016,METRO TRANSIT,30.19,,13419.10
15-Oct-2016,ALDI 729,120.21,,13298.89
16-Oct-2016,WHOLE FOODS #4821,23.51,,13275.38
16-Oct-2016,PARKING GARAGE,29.69,,13245.69
19-Oct-2016,HOME DEPOT,149.72,,13095.97
20-Oct-2016,SUSHI HOUSE,54.86,,13041.11
20-Oct-2016,AMAZON.COM,162.82,,12878.29
20-Oct-2016,CVS/PHARMACY,58.70,,12819.59
22-Oct-2016,LYFT RIDE,8.20,,12811.39
23-Oct-2016,LOCAL BISTRO,73.90,,12737.49
23-Oct-2016,UBER TRIP,46.09,,12691.40
24-Oct-2016,DISNEYPLUS,43.24,,12648.16
25-Oct-2016,COMCAST CABLE,181.37,,12466.79
25-Oct-2016,COMCAST CABLE,184.80,,12281.99
26-Oct-2016,WHOLE FOODS #4821,123.08,,12158.91
27-Oct-2016,WHOLE FOODS #4821,113.57,,12045.34
27-Oct-2016,PARKING GARAGE,9.16,,12036.18
28-Oct-2016,SUSHI HOUSE,43.73,,11992.45
28-Oct-2016,CHEVRON,54.31,,11938.14
28-Oct-2016,SPOTIFY USA,37.15,,11900.99
31-Oct-2016,FRESH MARKET,94.32,,11806.67
1-Nov-2016,TRADER JOE'S,75.43,,11731.24
1-Nov-2016,ALDI 729,35.74,,11695.50
2-Nov-2016,EZ PASS TOLL,70.17,,11625.33
2-Nov-2016,HOME DEPOT,49.43,,11575.90
3-Nov-2016,ACH CREDIT EMPLOYER PAYROLL,,5160.92,16736.82
3-Nov-2016,BILL PAY RENT LANDLORD,1344.83,,15391.99
3-Nov-2016,COSTCO WHSE,43.80,,15348.19
3-Nov-2016,CHIPOTLE ONLINE,78.98,,15269.21
3-Nov-2016,METRO TRANSIT,34.77,,15234.44
4-Nov-2016,MCDONALD'S,34.78,,15199.66
4-Nov-2016,CHEVRON,52.30,,15147.36
5-Nov-2016,CVS/PHARMACY,106.07,,15041.29
6-Nov-2016,EZ PASS TOLL,25.22,,15016.07
8-Nov-2016,CHIPOTLE ONLINE,16.26,,14999.81
8-Nov-2016,LYFT RIDE,16.51,,14983.30
8-Nov-2016,SHELL OIL,36.99,,14946.31
9-Nov-2016,ELECTRIC COMPANY,58.81,,14887.50
9-Nov-2016,ALDI 729,79.99,,14807.51
9-Nov-2016,IKEA,276.51,,14531.00
10-Nov-2016,ETSY.COM,245.71,,14285.29
11-Nov-2016,PIZZA HUT,65.75,,14219.54
11-Nov-2016,ATM WITHDRAWAL,207.40,,14012.14
12-Nov-2016,PIZZA HUT,66.21,,13945.93
12-Nov-2016,TICKETMASTER,23.65,,13922.28
13-Nov-2016,FRESH MARKET,73.33,,13848.95
13-Nov-2016,CHEVRON,16.40,,13832.55
14-Nov-2016,CITY MEDICAL CLINIC,100.91,,13731.64
15-Nov-2016,VERIZON WIRELESS,123.02,,13608.62
16-Nov-2016,VENMO CASHOUT,,1079.31,14687.93
16-Nov-2016,PARKING GARAGE,47.84,,14640.09
16-Nov-2016,LYFT RIDE,8.92,,14631.17
17-Nov-2016,COSTCO WHSE,130.37,,14500.80
17-Nov-2016,BEST BUY,199.74,,14301.06
18-Nov-2016,WHOLE FOODS #4821,59.85,,14241.21
20-Nov-2016,PARKING GARAGE,22.65,,14218.56
21-Nov-2016,AMAZON MKTP,241.42,,13977.14
21-Nov-2016,STEAM GAMES,39.40,,13937.74
22-Nov-2016,ETSY.COM,173.47,,13764.27
23-Nov-2016,ELECTRIC COMPANY,88.14,,13676.13
23-Nov-2016,LYFT RIDE,25.10,,13651.03
24-Nov-2016,ETSY.COM,30.98,,13620.05
25-Nov-2016,TARGET.COM,33.83,,13586.22
25-Nov-2016,BEST BUY,203.98,,13382.24
26-Nov-2016,BEST BUY,90.38,,13291.86
26-Nov-2016,ETSY.COM,122.05,,13169.81
27-Nov-2016,AMAZON.COM,207.34,,12962.47
28-Nov-2016,COSTCO WHSE,60.41,,12902.06
2-Dec-2016,ACH CREDIT EMPLOYER PAYROLL,,5223.70,18125.76
2-Dec-2016,WALMART SUPERCENTER,131.89,,17993.87
2-Dec-2016,UBER TRIP,26.93,,17966.94
3-Dec-2016,BILL PAY RENT LANDLORD,1347.57,,16619.37
3-Dec-2016,KROGER #1190,69.80,,16549.57
5-Dec-2016,DOORDASH*RESTAURANT,8.37,,16541.20
5-Dec-2016,AMC THEATRES,15.99,,16525.21
7-Dec-2016,VERIZON WIRELESS,192.34,,16332.87
8-Dec-2016,CITY WATER BILL,111.81,,16221.06
8-Dec-2016,SUSHI HOUSE,53.95,,16167.11
9-Dec-2016,SPOTIFY USA,63.54,,16103.57
10-Dec-2016,COMCAST CABLE,105.93,,15997.64
11-Dec-2016,UBER TRIP,20.89,,15976.75
13-Dec-2016,DISNEYPLUS,9.36,,15967.39
14-Dec-2016,CHEVRON,30.50,,15936.89
15-Dec-2016,STARBUCKS STORE,64.19,,15872.70
15-Dec-2016,UBER TRIP,32.42,,15840.28
15-Dec-2016,BEST BUY,64.74,,15775.54
16-Dec-2016,VENMO CASHOUT,,532.39,16307.93
16-Dec-2016,MCDONALD'S,56.41,,16251.52
16-Dec-2016,DOORDASH*RESTAURANT,30.36,,16221.16
16-Dec-2016,EZ PASS TOLL,24.78,,16196.38
18-Dec-2016,TRADER JOE'S,77.42,,16118.96
18-Dec-2016,CHEVRON,30.80,,16088.16
18-Dec-2016,APPLE.COM/BILL,127.74,,15960.42
19-Dec-2016,VENMO PAYMENT,67.03,,15893.39
21-Dec-2016,ACH CREDIT YEAR END BONUS,,2064.20,17957.59
21-Dec-2016,COSTCO WHSE,100.81,,17856.78
22-Dec-2016,TRADER JOE'S,138.95,,17717.83
22-Dec-2016,UBER TRIP,41.22,,17676.61
23-Dec-2016,PARKING GARAGE,33.69,,17642.92
24-Dec-2016,PIZZA HUT,64.86,,17578.06
26-Dec-2016,APPLE.COM/BILL,239.61,,17338.45
27-Dec-2016,WALMART SUPERCENTER,117.70,,17220.75
28-Dec-2016,WALMART SUPERCENTER,111.65,,17109.10
29-Dec-2016,COSTCO WHSE,144.60,,16964.50
29-Dec-2016,PLANET FITNESS,72.74,,16891.76
30-Dec-2016,MCDONALD'S,32.36,,16859.40
1-Jan-2017,ACH CREDIT EMPLOYER PAYROLL,,5548.22,22407.62
1-Jan-2017,WHOLE FOODS #4821,153.91,,22253.71
1-Jan-2017,TRADER JOE'S,37.62,,22216.09
2-Jan-2017,PIZZA HUT,62.01,,22154.08
2-Jan-2017,IKEA,54.74,,22099.34
3-Jan-2017,BILL PAY RENT LANDLORD,1395.84,,20703.50
4-Jan-2017,KROGER #1190,109.61,,20593.89
4-Jan-2017,PIZZA HUT,76.20,,20517.69
6-Jan-2017,GAS UTILITY,84.48,,20433.21
7-Jan-2017,SPOTIFY USA,19.59,,20413.62
7-Jan-2017,STEAM GAMES,45.58,,20368.04
10-Jan-2017,SPOTIFY USA,18.06,,20349.98
11-Jan-2017,AMAZON.COM,194.67,,20155.31
12-Jan-2017,LOCAL BISTRO,52.19,,20103.12
12-Jan-2017,BEST BUY,85.18,,20017.94
14-Jan-2017,VERIZON WIRELESS,95.68,,19922.26
14-Jan-2017,FRESH MARKET,101.29,,19820.97
14-Jan-2017,EZ PASS TOLL,30.89,,19790.08
15-Jan-2017,ALDI 729,140.49,,19649.59
15-Jan-2017,INSURANCE ANNUAL PREMIUM,975.96,,18673.63
16-Jan-2017,UBER TRIP,49.18,,18624.45
16-Jan-2017,VENMO PAYMENT,131.27,,18493.18
17-Jan-2017,DENTAL CARE,138.59,,18354.59
18-Jan-2017,MCDONALD'S,54.14,,18300.45
18-Jan-2017,IKEA,149.28,,18151.17
20-Jan-2017,SHELL OIL,45.30,,18105.87
20-Jan-2017,LYFT RIDE,30.00,,18075.87
21-Jan-2017,EZ PASS TOLL,69.01,,18006.86
21-Jan-2017,SHELL OIL,38.08,,17968.78
21-Jan-2017,IKEA,264.66,,17704.12
23-Jan-2017,MCDONALD'S,61.97,,17642.15
24-Jan-2017,ALDI 729,48.16,,17593.99
24-Jan-2017,UBER EATS,8.69,,17585.30
24-Jan-2017,UBER EATS,10.29,,17575.01
24-Jan-2017,EZ PASS TOLL,6.66,,17568.35
24-Jan-2017,CHEVRON,23.87,,17544.48
24-Jan-2017,WALGREENS,9.43,,17535.05
26-Jan-2017,STARBUCKS STORE,72.83,,17462.22
27-Jan-2017,COSTCO WHSE,150.42,,17311.80
28-Jan-2017,EZ PASS TOLL,10.65,,17301.15
29-Jan-2017,AMC THEATRES,30.21,,17270.94
30-Jan-2017,UBER TRIP,60.39,,17210.55
30-Jan-2017,METRO TRANSIT,54.03,,17156.52
31-Jan-2017,SHELL OIL,33.38,,17123.14
1-Feb-2017,ACH CREDIT EMPLOYER PAYROLL,,5380.36,22503.50
2-Feb-2017,PIZZA HUT,81.48,,22422.02
2-Feb-2017,UBER EATS,12.85,,22409.17
2-Feb-2017,SHELL OIL,14.59,,22394.58
2-Feb-2017,EZ PASS TOLL,10.01,,22384.57
2-Feb-2017,METRO TRANSIT,13.81,,22370.76
2-Feb-2017,APPLE.COM/BILL,225.47,,22145.29
2-Feb-2017,TICKETMASTER,58.67,,22086.62
3-Feb-2017,BILL PAY RENT LANDLORD,1390.44,,20696.18
4-Feb-2017,VENMO PAYMENT,120.55,,20575.63
5-Feb-2017,SUSHI HOUSE,72.27,,20503.36
5-Feb-2017,PARKING GARAGE,56.41,,20446.95
7-Feb-2017,METRO TRANSIT,16.65,,20430.30
7-Feb-2017,AMAZON.COM,192.43,,20237.87
7-Feb-2017,AMC THEATRES,9.25,,20228.62
9-Feb-2017,TRADER JOE'S,29.13,,20199.49
9-Feb-2017,ALDI 729,25.13,,20174.36
9-Feb-2017,WHOLE FOODS #4821,22.07,,20152.29
10-Feb-2017,TRADER JOE'S,35.42,,20116.87
10-Feb-2017,WALMART SUPERCENTER,52.95,,20063.92
10-Feb-2017,MCDONALD'S,69.09,,19994.83
11-Feb-2017,DENTAL CARE,91.62,,19903.21
12-Feb-2017,CITY WATER BILL,83.21,,19820.00
12-Feb-2017,PIZZA HUT,31.12,,19788.88
13-Feb-2017,ELECTRIC COMPANY,131.46,,19657.42
13-Feb-2017,WHOLE FOODS #4821,91.36,,19566.06
13-Feb-2017,CHEVRON,19.46,,19546.60
14-Feb-2017,DOORDASH*RESTAURANT,19.82,,19526.78
16-Feb-2017,EZ PASS TOLL,45.26,,19481.52
16-Feb-2017,SHELL OIL,20.26,,19461.26
17-Feb-2017,DISNEYPLUS,38.44,,19422.82
19-Feb-2017,PIZZA HUT,77.13,,19345.69
20-Feb-2017,TRADER JOE'S,54.44,,19291.25
21-Feb-2017,AMAZON.COM,220.34,,19070.91
22-Feb-2017,CHEVRON,5.44,,19065.47
24-Feb-2017,AMAZON MKTP,207.67,,18857.80
26-Feb-2017,PLANET FITNESS,179.56,,18678.24
27-Feb-2017,METRO TRANSIT,7.03,,18671.21
27-Feb-2017,NETFLIX.COM,24.21,,18647.00
28-Feb-2017,ALDI 729,157.01,,18489.99
1-Mar-2017,ACH CREDIT EMPLOYER PAYROLL,,5466.06,23956.05
3-Mar-2017,BILL PAY RENT LANDLORD,1405.83,,22550.22
4-Mar-2017,UBER EATS,12.47,,22537.75
5-Mar-2017,ELECTRIC COMPANY,94.69,,22443.06
5-Mar-2017,DOORDASH*RESTAURANT,50.74,,22392.32
5-Mar-2017,TARGET.COM,61.68,,22330.64
6-Mar-2017,LOCAL BISTRO,19.32,,22311.32
7-Mar-2017,EZ PASS TOLL,64.54,,22246.78
7-Mar-2017,TARGET.COM,220.61,,22026.17
9-Mar-2017,UBER TRIP,25.37,,22000.80
9-Mar-2017,BEST BUY,140.69,,21860.11
11-Mar-2017,UBER TRIP,22.55,,21837.56
12-Mar-2017,PARKING GARAGE,27.38,,21810.18
13-Mar-2017,EZ PASS TOLL,65.95,,21744.23
13-Mar-2017,PARKING GARAGE,53.92,,21690.31
14-Mar-2017,DOORDASH*RESTAURANT,75.12,,21615.19
15-Mar-2017,CVS/PHARMACY,27.77,,21587.42
15-Mar-2017,NETFLIX.COM,29.53,,21557.89
16-Mar-2017,PARKING GARAGE,29.52,,21528.37
16-Mar-2017,METRO TRANSIT,54.89,,21473.48
17-Mar-2017,WHOLE FOODS #4821,142.44,,21331.04
17-Mar-2017,ALDI 729,67.07,,21263.97
17-Mar-2017,PIZZA HUT,41.38,,21222.59
17-Mar-2017,EZ PASS TOLL,46.59,,21176.00
17-Mar-2017,VENMO PAYMENT,88.42,,21087.58
18-Mar-2017,COSTCO WHSE,125.82,,20961.76
20-Mar-2017,LYFT RIDE,53.19,,20908.57
21-Mar-2017,DENTAL CARE,84.60,,20823.97
21-Mar-2017,AMC THEATRES,57.76,,20766.21
22-Mar-2017,VERIZON WIRELESS,192.59,,20573.62
22-Mar-2017,WHOLE FOODS #4821,95.93,,20477.69
22-Mar-2017,EZ PASS TOLL,26.94,,20450.75
22-Mar-2017,AMAZON.COM,176.37,,20274.38
22-Mar-2017,AMC THEATRES,31.26,,20243.12
26-Mar-2017,TRADER JOE'S,89.73,,20153.39
26-Mar-2017,HOME DEPOT,83.41,,20069.98
27-Mar-2017,WHOLE FOODS #4821,145.21,,19924.77
28-Mar-2017,TARGET.COM,78.93,,19845.84
29-Mar-2017,BEST BUY,106.85,,19738.99
30-Mar-2017,LYFT RIDE,42.94,,19696.05
30-Mar-2017,METRO TRANSIT,16.96,,19679.09
31-Mar-2017,STARBUCKS STORE,59.82,,19619.27
1-Apr-2017,WHOLE FOODS #4821,131.26,,19488.01
1-Apr-2017,PARKING GARAGE,60.84,,19427.17
1-Apr-2017,BEST BUY,134.63,,19292.54
2-Apr-2017,ACH CREDIT EMPLOYER PAYROLL,,5542.06,24834.60
3-Apr-2017,BILL PAY RENT LANDLORD,1395.10,,23439.50
3-Apr-2017,AMAZON MKTP,163.59,,23275.91
3-Apr-2017,NETFLIX.COM,50.54,,23225.37
4-Apr-2017,CHEVRON,47.71,,23177.66
5-Apr-2017,WHOLE FOODS #4821,100.18,,23077.48
5-Apr-2017,CHIPOTLE ONLINE,24.01,,23053.47
5-Apr-2017,SHELL OIL,51.51,,23001.96
6-Apr-2017,METRO TRANSIT,55.77,,22946.19
7-Apr-2017,METRO TRANSIT,16.72,,22929.47
8-Apr-2017,TRADER JOE'S,37.89,,22891.58
8-Apr-2017,DENTAL CARE,48.43,,22843.15
9-Apr-2017,LOCAL BISTRO,26.72,,22816.43
9-Apr-2017,UBER TRIP,45.64,,22770.79
9-Apr-2017,SPOTIFY USA,48.69,,22722.10
10-Apr-2017,STARBUCKS STORE,74.97,,22647.13
10-Apr-2017,IRS USATAXPYMT,1539.70,,21107.43
11-Apr-2017,VENMO CASHOUT,,1134.55,22241.98
11-Apr-2017,WHOLE FOODS #4821,48.47,,22193.51
11-Apr-2017,WALMART SUPERCENTER,103.24,,22090.27
11-Apr-2017,EZ PASS TOLL,47.85,,22042.42
13-Apr-2017,CHEVRON,20.63,,22021.79
13-Apr-2017,STEAM GAMES,13.94,,22007.85
14-Apr-2017,VERIZON WIRELESS,133.30,,21874.55
14-Apr-2017,WHOLE FOODS #4821,113.32,,21761.23
15-Apr-2017,MCDONALD'S,74.15,,21687.08
16-Apr-2017,SUSHI HOUSE,78.39,,21608.69
16-Apr-2017,CITY MEDICAL CLINIC,156.95,,21451.74
16-Apr-2017,VENMO PAYMENT,284.72,,21167.02
18-Apr-2017,BEST BUY,249.74,,20917.28
19-Apr-2017,METRO TRANSIT,60.00,,20857.28
21-Apr-2017,CHIPOTLE ONLINE,36.51,,20820.77
21-Apr-2017,LYFT RIDE,34.95,,20785.82
22-Apr-2017,CVS/PHARMACY,193.36,,20592.46
24-Apr-2017,CITY WATER BILL,76.02,,20516.44
25-Apr-2017,WALMART SUPERCENTER,134.38,,20382.06
25-Apr-2017,PARKING GARAGE,60.25,,20321.81
26-Apr-2017,COSTCO WHSE,46.77,,20275.04
26-Apr-2017,NIKE STORE,168.20,,20106.84
27-Apr-2017,FRESH MARKET,127.31,,19979.53
29-Apr-2017,STARBUCKS STORE,56.18,,19923.35
29-Apr-2017,DISNEYPLUS,63.27,,19860.08
30-Apr-2017,MCDONALD'S,38.10,,19821.98
30-Apr-2017,APPLE.COM/BILL,95.80,,19726.18
2-May-2017,ACH CREDIT EMPLOYER PAYROLL,,5483.40,25209.58
2-May-2017,SUSHI HOUSE,43.40,,25166.18
2-May-2017,APPLE.COM/BILL,139.40,,25026.78
3-May-2017,BILL PAY RENT LANDLORD,1388.28,,23638.50
3-May-2017,SHELL OIL,17.02,,23621.48
4-May-2017,KROGER #1190,74.99,,23546.49
4-May-2017,WALMART SUPERCENTER,155.30,,23391.19
5-May-2017,FRESH MARKET,48.17,,23343.02
5-May-2017,AMAZON.COM,146.04,,23196.98
7-May-2017,PLANET FITNESS,206.51,,22990.47
8-May-2017,ALDI 729,143.80,,22846.67
9-May-2017,SHELL OIL,28.01,,22818.66
10-May-2017,SHELL OIL,9.58,,22809.08
10-May-2017,CHEVRON,52.80,,22756.28
12-May-2017,ELECTRIC COMPANY,63.58,,22692.70
14-May-2017,LOCAL BISTRO,29.24,,22663.46
14-May-2017,AMAZON.COM,201.83,,22461.63
15-May-2017,COMCAST CABLE,176.55,,22285.08
15-May-2017,COMCAST CABLE,156.85,,22128.23
15-May-2017,AMC THEATRES,11.80,,22116.43
16-May-2017,SUSHI HOUSE,9.42,,22107.01
16-May-2017,DISNEYPLUS,48.85,,22058.16
17-May-2017,UBER EATS,6.87,,22051.29
18-May-2017,COSTCO WHSE,45.77,,22005.52
19-May-2017,CHEVRON,44.98,,21960.54
20-May-2017,LOCAL BISTRO,46.39,,21914.15
20-May-2017,CVS/PHARMACY,196.11,,21718.04
21-May-2017,TARGET.COM,236.00,,21482.04
22-May-2017,LOCAL BISTRO,43.41,,21438.63
23-May-2017,FRESH MARKET,79.19,,21359.44
25-May-2017,UBER TRIP,30.21,,21329.23
26-May-2017,LYFT RIDE,32.54,,21296.69
26-May-2017,AMC THEATRES,21.90,,21274.79
27-May-2017,PARKING GARAGE,7.95,,21266.84
28-May-2017,PIZZA HUT,12.25,,21254.59
28-May-2017,CHEVRON,6.76,,21247.83
29-May-2017,ZELLE TO FRIEND,290.60,,20957.23
31-May-2017,WALMART SUPERCENTER,33.16,,20924.07
31-May-2017,HOME DEPOT,271.53,,20652.54
2-Jun-2017,ACH CREDIT EMPLOYER PAYROLL,,5428.51,26081.05
3-Jun-2017,BILL PAY RENT LANDLORD,1385.49,,24695.56
4-Jun-2017,DOORDASH*RESTAURANT,61.02,,24634.54
4-Jun-2017,METRO TRANSIT,62.33,,24572.21
4-Jun-2017,NIKE STORE,85.86,,24486.35
4-Jun-2017,WALGREENS,122.21,,24364.14
5-Jun-2017,EZ PASS TOLL,16.43,,24347.71
7-Jun-2017,DOORDASH*RESTAURANT,9.17,,24338.54
8-Jun-2017,STARBUCKS STORE,26.62,,24311.92
9-Jun-2017,TARGET.COM,209.04,,24102.88
10-Jun-2017,KROGER #1190,129.30,,23973.58
12-Jun-2017,PAYPAL TRANSFER,,602.49,24576.07
13-Jun-2017,DENTAL CARE,185.38,,24390.69
14-Jun-2017,ALDI 729,20.56,,24370.13
14-Jun-2017,UBER TRIP,4.84,,24365.29
14-Jun-2017,LYFT RIDE,69.58,,24295.71
14-Jun-2017,TARGET.COM,202.07,,24093.64
14-Jun-2017,AMC THEATRES,47.30,,24046.34
15-Jun-2017,AMC THEATRES,26.28,,24020.06
16-Jun-2017,CHIPOTLE ONLINE,48.89,,23971.17
17-Jun-2017,COMCAST CABLE,140.64,,23830.53
17-Jun-2017,PARKING GARAGE,4.87,,23825.66
18-Jun-2017,SUSHI HOUSE,73.57,,23752.09
19-Jun-2017,TRADER JOE'S,116.21,,23635.88
20-Jun-2017,ELECTRIC COMPANY,52.07,,23583.81
20-Jun-2017,CITY WATER BILL,98.61,,23485.20
20-Jun-2017,PARKING GARAGE,32.02,,23453.18
20-Jun-2017,LYFT RIDE,70.97,,23382.21
21-Jun-2017,COSTCO WHSE,59.36,,23322.85
21-Jun-2017,PIZZA HUT,70.92,,23251.93
22-Jun-2017,COSTCO WHSE,62.50,,23189.43
22-Jun-2017,PARKING GARAGE,5.68,,23183.75
22-Jun-2017,SHELL OIL,47.60,,23136.15
24-Jun-2017,GAS UTILITY,194.41,,22941.74
24-Jun-2017,STEAM GAMES,38.28,,22903.46
25-Jun-2017,MCDONALD'S,68.68,,22834.78
25-Jun-2017,CVS/PHARMACY,112.12,,22722.66
26-Jun-2017,LOCAL BISTRO,8.34,,22714.32
28-Jun-2017,TRADER JOE'S,97.31,,22617.01
30-Jun-2017,ALDI 729,117.40,,22499.61
30-Jun-2017,CHIPOTLE ONLINE,46.49,,22453.12
30-Jun-2017,UBER TRIP,17.65,,22435.47
2-Jul-2017,ACH CREDIT EMPLOYER PAYROLL,,5644.79,28080.26
2-Jul-2017,MCDONALD'S,52.59,,28027.67
2-Jul-2017,EZ PASS TOLL,20.62,,28007.05
3-Jul-2017,BILL PAY RENT LANDLORD,1396.28,,26610.77
3-Jul-2017,PARKING GARAGE,40.22,,26570.55
4-Jul-2017,FRESH MARKET,84.96,,26485.59
6-Jul-2017,CHEVRON,47.46,,26438.13
6-Jul-2017,METRO TRANSIT,33.13,,26405.00
6-Jul-2017,ATM WITHDRAWAL,136.40,,26268.60
7-Jul-2017,FRESH MARKET,122.87,,26145.73
7-Jul-2017,LYFT RIDE,46.51,,26099.22
7-Jul-2017,SHELL OIL,21.76,,26077.46
7-Jul-2017,AMAZON.COM,143.40,,25934.06
7-Jul-2017,NETFLIX.COM,58.45,,25875.61
7-Jul-2017,SPOTIFY USA,26.55,,25849.06
9-Jul-2017,WALMART SUPERCENTER,111.50,,25737.56
10-Jul-2017,CVS/PHARMACY,182.59,,25554.97
11-Jul-2017,TRADER JOE'S,104.19,,25450.78
14-Jul-2017,UBER EATS,60.88,,25389.90
14-Jul-2017,DOORDASH*RESTAURANT,73.64,,25316.26
15-Jul-2017,DOORDASH*RESTAURANT,47.47,,25268.79
18-Jul-2017,KROGER #1190,104.56,,25164.23
18-Jul-2017,AIRLINE TICKET,1123.06,,24041.17
19-Jul-2017,ELECTRIC COMPANY,153.29,,23887.88
19-Jul-2017,UBER TRIP,42.70,,23845.18
19-Jul-2017,IKEA,116.44,,23728.74
20-Jul-2017,UBER EATS,44.56,,23684.18
21-Jul-2017,GAS UTILITY,186.45,,23497.73
21-Jul-2017,METRO TRANSIT,71.10,,23426.63
23-Jul-2017,METRO TRANSIT,32.22,,23394.41
24-Jul-2017,LYFT RIDE,44.02,,23350.39
25-Jul-2017,SUSHI HOUSE,50.59,,23299.80
25-Jul-2017,CHEVRON,24.15,,23275.65
25-Jul-2017,TARGET.COM,118.25,,23157.40
25-Jul-2017,NIKE STORE,116.45,,23040.95
26-Jul-2017,DENTAL CARE,187.83,,22853.12
27-Jul-2017,COSTCO WHSE,145.67,,22707.45
29-Jul-2017,COSTCO WHSE,67.00,,22640.45
31-Jul-2017,SPOTIFY USA,28.41,,22612.04
1-Aug-2017,METRO TRANSIT,57.42,,22554.62
2-Aug-2017,UBER EATS,35.72,,22518.90
2-Aug-2017,NETFLIX.COM,38.43,,22480.47
3-Aug-2017,ACH CREDIT EMPLOYER PAYROLL,,5525.29,28005.76
3-Aug-2017,BILL PAY RENT LANDLORD,1407.19,,26598.57
3-Aug-2017,APPLE.COM/BILL,15.70,,26582.87
3-Aug-2017,AMAZON.COM,106.99,,26475.88
4-Aug-2017,HOME DEPOT,27.81,,26448.07
5-Aug-2017,NETFLIX.COM,31.72,,26416.35
6-Aug-2017,UBER TRIP,23.89,,26392.46
8-Aug-2017,KROGER #1190,136.41,,26256.05
9-Aug-2017,STARBUCKS STORE,73.13,,26182.92
10-Aug-2017,SHELL OIL,51.15,,26131.77
10-Aug-2017,DENTAL CARE,127.56,,26004.21
11-Aug-2017,EZ PASS TOLL,25.29,,25978.92
11-Aug-2017,STEAM GAMES,54.69,,25924.23
13-Aug-2017,SUSHI HOUSE,56.49,,25867.74
14-Aug-2017,WALMART SUPERCENTER,131.04,,25736.70
16-Aug-2017,ACH CREDIT FREELANCE,,1014.90,26751.60
16-Aug-2017,AIRBNB *STAY,1030.88,,25720.72
19-Aug-2017,GAS UTILITY,193.22,,25527.50
19-Aug-2017,COSTCO WHSE,61.56,,25465.94
19-Aug-2017,DOORDASH*RESTAURANT,32.99,,25432.95
19-Aug-2017,METRO TRANSIT,20.68,,25412.27
19-Aug-2017,HOME DEPOT,104.97,,25307.30
20-Aug-2017,COSTCO WHSE,141.22,,25166.08
20-Aug-2017,CHIPOTLE ONLINE,80.14,,25085.94
22-Aug-2017,CITY WATER BILL,110.57,,24975.37
22-Aug-2017,LOCAL BISTRO,39.26,,24936.11
22-Aug-2017,PARKING GARAGE,59.64,,24876.47
23-Aug-2017,LYFT RIDE,20.18,,24856.29
24-Aug-2017,PIZZA HUT,84.37,,24771.92
24-Aug-2017,SUSHI HOUSE,79.73,,24692.19
24-Aug-2017,MCDONALD'S,9.99,,24682.20
24-Aug-2017,METRO TRANSIT,24.47,,24657.73
27-Aug-2017,APPLE.COM/BILL,103.01,,24554.72
27-Aug-2017,PLANET FITNESS,103.34,,24451.38
28-Aug-2017,SHELL OIL,23.64,,24427.74
29-Aug-2017,KROGER #1190,56.94,,24370.80
30-Aug-2017,ALDI 729,117.11,,24253.69
31-Aug-2017,TRADER JOE'S,119.59,,24134.10
31-Aug-2017,LOCAL BISTRO,12.06,,24122.04
1-Sep-2017,APPLE.COM/BILL,156.31,,23965.73
3-Sep-2017,ACH CREDIT EMPLOYER PAYROLL,,5466.56,29432.29
3-Sep-2017,BILL PAY RENT LANDLORD,1396.67,,28035.62
3-Sep-2017,DENTAL CARE,165.34,,27870.28
4-Sep-2017,KROGER #1190,75.50,,27794.78
4-Sep-2017,NETFLIX.COM,51.41,,27743.37
5-Sep-2017,ALDI 729,153.82,,27589.55
5-Sep-2017,CHEVRON,57.71,,27531.84
6-Sep-2017,ALDI 729,103.65,,27428.19
6-Sep-2017,CHIPOTLE ONLINE,15.43,,27412.76
7-Sep-2017,PARKING GARAGE,56.56,,27356.20
7-Sep-2017,CHEVRON,5.35,,27350.85
8-Sep-2017,ALDI 729,36.33,,27314.52
9-Sep-2017,MCDONALD'S,43.10,,27271.42
9-Sep-2017,AMAZON MKTP,49.21,,27222.21
10-Sep-2017,UBER EATS,65.85,,27156.36
10-Sep-2017,CITY MEDICAL CLINIC,102.64,,27053.72
11-Sep-2017,ELECTRIC COMPANY,84.56,,26969.16
11-Sep-2017,KROGER #1190,29.19,,26939.97
11-Sep-2017,CHIPOTLE ONLINE,14.46,,26925.51
11-Sep-2017,STARBUCKS STORE,42.55,,26882.96
12-Sep-2017,CITY WATER BILL,168.34,,26714.62
14-Sep-2017,AMC THEATRES,57.07,,26657.55
16-Sep-2017,ZELLE FROM CLIENT,,1130.16,27787.71
17-Sep-2017,COSTCO WHSE,135.81,,27651.90
17-Sep-2017,EZ PASS TOLL,14.29,,27637.61
18-Sep-2017,PIZZA HUT,81.32,,27556.29
18-Sep-2017,EZ PASS TOLL,39.54,,27516.75
18-Sep-2017,APPLE.COM/BILL,36.84,,27479.91
19-Sep-2017,STARBUCKS STORE,81.23,,27398.68
20-Sep-2017,CITY WATER BILL,80.97,,27317.71
20-Sep-2017,CVS/PHARMACY,53.17,,27264.54
22-Sep-2017,STARBUCKS STORE,43.17,,27221.37
25-Sep-2017,PIZZA HUT,17.59,,27203.78
25-Sep-2017,CHEVRON,62.15,,27141.63
27-Sep-2017,LYFT RIDE,67.94,,27073.69
27-Sep-2017,STEAM GAMES,55.48,,27018.21
28-Sep-2017,APPLE.COM/BILL,196.57,,26821.64
29-Sep-2017,DOORDASH*RESTAURANT,9.96,,26811.68
30-Sep-2017,METRO TRANSIT,63.68,,26748.00
3-Oct-2017,ACH CREDIT EMPLOYER PAYROLL,,5658.62,32406.62
3-Oct-2017,BILL PAY RENT LANDLORD,1395.74,,31010.88
3-Oct-2017,LOCAL BISTRO,39.54,,30971.34
3-Oct-2017,PARKING GARAGE,30.00,,30941.34
8-Oct-2017,DOORDASH*RESTAURANT,55.37,,30885.97
8-Oct-2017,CHEVRON,40.94,,30845.03
8-Oct-2017,AMAZON MKTP,196.95,,30648.08
9-Oct-2017,PARKING GARAGE,71.41,,30576.67
10-Oct-2017,ELECTRIC COMPANY,71.83,,30504.84
10-Oct-2017,KROGER #1190,129.61,,30375.23
10-Oct-2017,METRO TRANSIT,5.93,,30369.30
10-Oct-2017,CHEVRON,71.89,,30297.41
10-Oct-2017,AMC THEATRES,22.65,,30274.76
11-Oct-2017,WALMART SUPERCENTER,19.42,,30255.34
11-Oct-2017,LOCAL BISTRO,32.98,,30222.36
13-Oct-2017,NIKE STORE,115.46,,30106.90
15-Oct-2017,UBER EATS,29.89,,30077.01
17-Oct-2017,VERIZON WIRELESS,156.46,,29920.55
17-Oct-2017,HOME DEPOT,70.92,,29849.63
18-Oct-2017,WHOLE FOODS #4821,115.32,,29734.31
21-Oct-2017,MCDONALD'S,72.29,,29662.02
22-Oct-2017,LYFT RIDE,23.93,,29638.09
23-Oct-2017,AMAZON.COM,196.36,,29441.73
24-Oct-2017,SHELL OIL,50.86,,29390.87
25-Oct-2017,AMAZON MKTP,106.16,,29284.71
25-Oct-2017,PLANET FITNESS,47.95,,29236.76
26-Oct-2017,GAS UTILITY,110.92,,29125.84
27-Oct-2017,ALDI 729,37.25,,29088.59
27-Oct-2017,COSTCO WHSE,151.82,,28936.77
27-Oct-2017,SHELL OIL,66.85,,28869.92
28-Oct-2017,LYFT RIDE,9.53,,28860.39
28-Oct-2017,SHELL OIL,17.41,,28842.98
29-Oct-2017,FRESH MARKET,98.44,,28744.54
29-Oct-2017,NETFLIX.COM,58.80,,28685.74
30-Oct-2017,FRESH MARKET,87.77,,28597.97
31-Oct-2017,CHEVRON,46.37,,28551.60
1-Nov-2017,WALMART SUPERCENTER,29.49,,28522.11
2-Nov-2017,ACH CREDIT EMPLOYER PAYROLL,,5467.77,33989.88
3-Nov-2017,BILL PAY RENT LANDLORD,1402.29,,32587.59
3-Nov-2017,STARBUCKS STORE,8.39,,32579.20
6-Nov-2017,GAS UTILITY,105.14,,32474.06
6-Nov-2017,BEST BUY,196.57,,32277.49
7-Nov-2017,WALMART SUPERCENTER,128.93,,32148.56
7-Nov-2017,MCDONALD'S,67.24,,32081.32
7-Nov-2017,TARGET.COM,171.16,,31910.16
8-Nov-2017,CITY WATER BILL,62.64,,31847.52
8-Nov-2017,EZ PASS TOLL,32.79,,31814.73
9-Nov-2017,HOME DEPOT,276.16,,31538.57
9-Nov-2017,STEAM GAMES,29.42,,31509.15
9-Nov-2017,AMC THEATRES,27.26,,31481.89
9-Nov-2017,NETFLIX.COM,54.13,,31427.76
10-Nov-2017,CHIPOTLE ONLINE,38.37,,31389.39
11-Nov-2017,SHELL OIL,20.49,,31368.90
12-Nov-2017,VENMO CASHOUT,,981.42,32350.32
12-Nov-2017,TRADER JOE'S,126.14,,32224.18
13-Nov-2017,STARBUCKS STORE,30.14,,32194.04
13-Nov-2017,ETSY.COM,110.35,,32083.69
14-Nov-2017,EZ PASS TOLL,24.36,,32059.33
14-Nov-2017,TARGET.COM,117.54,,31941.79
15-Nov-2017,BEST BUY,158.15,,31783.64
16-Nov-2017,CHEVRON,5.74,,31777.90
17-Nov-2017,BEST BUY,231.06,,31546.84
18-Nov-2017,ALDI 729,58.22,,31488.62
18-Nov-2017,DOORDASH*RESTAURANT,75.71,,31412.91
18-Nov-2017,WALGREENS,204.51,,31208.40
19-Nov-2017,CHEVRON,33.38,,31175.02
20-Nov-2017,ALDI 729,82.79,,31092.23
20-Nov-2017,METRO TRANSIT,23.94,,31068.29
21-Nov-2017,SUSHI HOUSE,55.39,,31012.90
21-Nov-2017,METRO TRANSIT,49.79,,30963.11
21-Nov-2017,HOME DEPOT,218.69,,30744.42
21-Nov-2017,DISNEYPLUS,35.67,,30708.75
22-Nov-2017,CITY MEDICAL CLINIC,43.34,,30665.41
22-Nov-2017,ETSY.COM,74.36,,30591.05
23-Nov-2017,TRADER JOE'S,77.46,,30513.59
23-Nov-2017,TARGET.COM,147.99,,30365.60
24-Nov-2017,COSTCO WHSE,31.85,,30333.75
24-Nov-2017,SUSHI HOUSE,64.06,,30269.69
24-Nov-2017,CHEVRON,32.48,,30237.21
24-Nov-2017,HOME DEPOT,264.85,,29972.36
24-Nov-2017,DENTAL CARE,155.04,,29817.32
26-Nov-2017,SHELL OIL,41.77,,29775.55
26-Nov-2017,TARGET.COM,184.52,,29591.03
29-Nov-2017,SHELL OIL,30.23,,29560.80
30-Nov-2017,BEST BUY,67.05,,29493.75
1-Dec-2017,ACH CREDIT EMPLOYER PAYROLL,,5487.22,34980.97
1-Dec-2017,TRADER JOE'S,144.68,,34836.29
2-Dec-2017,CHIPOTLE ONLINE,22.13,,34814.16
3-Dec-2017,BILL PAY RENT LANDLORD,1414.25,,33399.91
3-Dec-2017,CHEVRON,38.14,,33361.77
4-Dec-2017,MCDONALD'S,74.05,,33287.72
4-Dec-2017,DENTAL CARE,183.18,,33104.54
5-Dec-2017,ALDI 729,137.42,,32967.12
5-Dec-2017,NETFLIX.COM,24.58,,32942.54
6-Dec-2017,SHELL OIL,4.42,,32938.12
6-Dec-2017,METRO TRANSIT,18.60,,32919.52
6-Dec-2017,AMAZON.COM,172.61,,32746.91
7-Dec-2017,SHELL OIL,37.55,,32709.36
9-Dec-2017,FRESH MARKET,30.90,,32678.46
9-Dec-2017,DOORDASH*RESTAURANT,73.76,,32604.70
9-Dec-2017,SUSHI HOUSE,13.87,,32590.83
9-Dec-2017,IKEA,33.06,,32557.77
10-Dec-2017,WHOLE FOODS #4821,128.72,,32429.05
10-Dec-2017,CHEVRON,63.62,,32365.43
11-Dec-2017,DISNEYPLUS,36.66,,32328.77
12-Dec-2017,WALGREENS,91.07,,32237.70
13-Dec-2017,ALDI 729,58.01,,32179.69
13-Dec-2017,IKEA,177.96,,32001.73
14-Dec-2017,DOORDASH*RESTAURANT,69.16,,31932.57
16-Dec-2017,SPOTIFY USA,59.64,,31872.93
17-Dec-2017,DOORDASH*RESTAURANT,61.85,,31811.08
17-Dec-2017,CHEVRON,18.46,,31792.62
18-Dec-2017,ACH CREDIT YEAR END BONUS,,2367.56,34160.18
18-Dec-2017,COSTCO WHSE,54.58,,34105.60
18-Dec-2017,ALDI 729,82.72,,34022.88
19-Dec-2017,CHEVRON,39.47,,33983.41
19-Dec-2017,STEAM GAMES,41.23,,33942.18
20-Dec-2017,METRO TRANSIT,69.55,,33872.63
21-Dec-2017,IKEA,126.61,,33746.02
24-Dec-2017,COMCAST CABLE,91.39,,33654.63
24-Dec-2017,GAS UTILITY,182.11,,33472.52
24-Dec-2017,STARBUCKS STORE,37.84,,33434.68
27-Dec-2017,TICKETMASTER,34.49,,33400.19
28-Dec-2017,TRADER JOE'S,112.84,,33287.35
28-Dec-2017,PARKING GARAGE,43.90,,33243.45
30-Dec-2017,SUSHI HOUSE,84.81,,33158.64
31-Dec-2017,MCDONALD'S,7.94,,33150.70
1-Jan-2018,PIZZA HUT,49.89,,33100.81
2-Jan-2018,DENTAL CARE,169.01,,32931.80
3-Jan-2018,ACH CREDIT EMPLOYER PAYROLL,,5763.50,38695.30
3-Jan-2018,BILL PAY RENT LANDLORD,1438.68,,37256.62
3-Jan-2018,PARKING GARAGE,62.54,,37194.08
3-Jan-2018,EZ PASS TOLL,33.04,,37161.04
3-Jan-2018,NIKE STORE,118.87,,37042.17
4-Jan-2018,MCDONALD'S,80.90,,36961.27
5-Jan-2018,GAS UTILITY,125.14,,36836.13
5-Jan-2018,LYFT RIDE,48.48,,36787.65
6-Jan-2018,UBER EATS,24.35,,36763.30
6-Jan-2018,STEAM GAMES,40.85,,36722.45
7-Jan-2018,DOORDASH*RESTAURANT,52.29,,36670.16
8-Jan-2018,KROGER #1190,86.21,,36583.95
8-Jan-2018,IKEA,135.23,,36448.72
8-Jan-2018,WALGREENS,32.10,,36416.62
11-Jan-2018,ALDI 729,80.79,,36335.83
11-Jan-2018,UBER TRIP,38.93,,36296.90
12-Jan-2018,SHELL OIL,57.16,,36239.74
14-Jan-2018,WALMART SUPERCENTER,140.31,,36099.43
15-Jan-2018,LOCAL BISTRO,18.44,,36080.99
15-Jan-2018,STEAM GAMES,60.79,,36020.20
15-Jan-2018,INSURANCE ANNUAL PREMIUM,950.77,,35069.43
18-Jan-2018,UBER TRIP,66.63,,35002.80
18-Jan-2018,SHELL OIL,63.30,,34939.50
19-Jan-2018,PLANET FITNESS,14.72,,34924.78
20-Jan-2018,NIKE STORE,197.32,,34727.46
21-Jan-2018,ELECTRIC COMPANY,128.85,,34598.61
25-Jan-2018,COSTCO WHSE,23.64,,34574.97
25-Jan-2018,AMC THEATRES,29.47,,34545.50
26-Jan-2018,KROGER #1190,126.96,,34418.54
26-Jan-2018,ATM WITHDRAWAL,47.91,,34370.63
27-Jan-2018,MCDONALD'S,54.45,,34316.18
27-Jan-2018,METRO TRANSIT,30.97,,34285.21
27-Jan-2018,UBER TRIP,19.33,,34265.88
28-Jan-2018,TRADER JOE'S,150.07,,34115.81
28-Jan-2018,SUSHI HOUSE,49.27,,34066.54
28-Jan-2018,EZ PASS TOLL,11.63,,34054.91
29-Jan-2018,NETFLIX.COM,42.30,,34012.61
31-Jan-2018,WALMART SUPERCENTER,114.36,,33898.25
31-Jan-2018,STARBUCKS STORE,51.77,,33846.48
31-Jan-2018,TICKETMASTER,29.94,,33816.54
1-Feb-2018,PLANET FITNESS,118.27,,33698.27
2-Feb-2018,UBER TRIP,19.73,,33678.54
2-Feb-2018,APPLE.COM/BILL,183.98,,33494.56
3-Feb-2018,ACH CREDIT EMPLOYER PAYROLL,,5686.76,39181.32
3-Feb-2018,BILL PAY RENT LANDLORD,1453.05,,37728.27
3-Feb-2018,DOORDASH*RESTAURANT,49.66,,37678.61
3-Feb-2018,EZ PASS TOLL,54.24,,37624.37
3-Feb-2018,CHEVRON,30.08,,37594.29
4-Feb-2018,TRADER JOE'S,22.41,,37571.88
4-Feb-2018,PARKING GARAGE,39.21,,37532.67
4-Feb-2018,STEAM GAMES,64.46,,37468.21
5-Feb-2018,SHELL OIL,58.46,,37409.75
6-Feb-2018,KROGER #1190,113.10,,37296.65
6-Feb-2018,MCDONALD'S,72.68,,37223.97
7-Feb-2018,WALMART SUPERCENTER,39.86,,37184.11
7-Feb-2018,LOCAL BISTRO,62.80,,37121.31
8-Feb-2018,MCDONALD'S,68.01,,37053.30
8-Feb-2018,SUSHI HOUSE,15.88,,37037.42
10-Feb-2018,SHELL OIL,52.07,,36985.35
13-Feb-2018,AMAZON MKTP,196.22,,36789.13
15-Feb-2018,MCDONALD'S,40.24,,36748.89
16-Feb-2018,WALMART SUPERCENTER,25.68,,36723.21
18-Feb-2018,DISNEYPLUS,61.17,,36662.04
19-Feb-2018,ELECTRIC COMPANY,169.94,,36492.10
19-Feb-2018,STARBUCKS STORE,44.62,,36447.48
20-Feb-2018,ELECTRIC COMPANY,119.31,,36328.17
20-Feb-2018,VERIZON WIRELESS,43.73,,36284.44
20-Feb-2018,TRADER JOE'S,159.77,,36124.67
20-Feb-2018,IKEA,40.59,,36084.08
20-Feb-2018,CVS/PHARMACY,30.00,,36054.08
22-Feb-2018,METRO TRANSIT,36.78,,36017.30
23-Feb-2018,KROGER #1190,159.82,,35857.48
24-Feb-2018,FRESH MARKET,55.22,,35802.26
25-Feb-2018,LYFT RIDE,47.11,,35755.15
27-Feb-2018,HOME DEPOT,138.48,,35616.67
28-Feb-2018,LYFT RIDE,30.86,,35585.81
28-Feb-2018,PARKING GARAGE,5.77,,35580.04
1-Mar-2018,LYFT RIDE,20.67,,35559.37
1-Mar-2018,SHELL OIL,16.35,,35543.02
2-Mar-2018,CVS/PHARMACY,112.64,,35430.38
3-Mar-2018,ACH CREDIT EMPLOYER PAYROLL,,5714.04,41144.42
3-Mar-2018,BILL PAY RENT LANDLORD,1443.93,,39700.49
4-Mar-2018,CITY MEDICAL CLINIC,139.59,,39560.90
5-Mar-2018,PARKING GARAGE,27.36,,39533.54
7-Mar-2018,WHOLE FOODS #4821,18.33,,39515.21
7-Mar-2018,DISNEYPLUS,18.40,,39496.81
8-Mar-2018,WALMART SUPERCENTER,70.09,,39426.72
8-Mar-2018,LYFT RIDE,10.75,,39415.97
9-Mar-2018,LOCAL BISTRO,6.14,,39409.83
10-Mar-2018,EZ PASS TOLL,59.39,,39350.44
13-Mar-2018,KROGER #1190,107.60,,39242.84
13-Mar-2018,LOCAL BISTRO,59.92,,39182.92
14-Mar-2018,PIZZA HUT,63.46,,39119.46
14-Mar-2018,EZ PASS TOLL,49.99,,39069.47
15-Mar-2018,ELECTRIC COMPANY,73.54,,38995.93
15-Mar-2018,EZ PASS TOLL,46.39,,38949.54
16-Mar-2018,IKEA,267.31,,38682.23
16-Mar-2018,ZELLE TO FRIEND,251.09,,38431.14
17-Mar-2018,COMCAST CABLE,90.15,,38340.99
17-Mar-2018,SUSHI HOUSE,71.18,,38269.81
18-Mar-2018,ALDI 729,26.87,,38242.94
18-Mar-2018,EZ PASS TOLL,53.75,,38189.19
18-Mar-2018,APPLE.COM/BILL,235.51,,37953.68
19-Mar-2018,WALMART SUPERCENTER,45.32,,37908.36
20-Mar-2018,LOCAL BISTRO,32.53,,37875.83
20-Mar-2018,METRO TRANSIT,16.33,,37859.50
20-Mar-2018,NETFLIX.COM,34.31,,37825.19
21-Mar-2018,LYFT RIDE,63.68,,37761.51
22-Mar-2018,DOORDASH*RESTAURANT,12.92,,37748.59
23-Mar-2018,EZ PASS TOLL,20.73,,37727.86
24-Mar-2018,UBER EATS,41.77,,37686.09
29-Mar-2018,PARKING GARAGE,11.31,,37674.78
29-Mar-2018,LYFT RIDE,61.14,,37613.64
30-Mar-2018,IKEA,119.77,,37493.87
31-Mar-2018,FRESH MARKET,71.74,,37422.13
1-Apr-2018,ACH CREDIT EMPLOYER PAYROLL,,5901.24,43323.37
1-Apr-2018,FRESH MARKET,120.92,,43202.45
1-Apr-2018,SHELL OIL,34.83,,43167.62
1-Apr-2018,EZ PASS TOLL,71.29,,43096.33
3-Apr-2018,BILL PAY RENT LANDLORD,1425.15,,41671.18
3-Apr-2018,EZ PASS TOLL,23.37,,41647.81
5-Apr-2018,GAS UTILITY,166.84,,41480.97
5-Apr-2018,MCDONALD'S,35.31,,41445.66
5-Apr-2018,SUSHI HOUSE,59.79,,41385.87
7-Apr-2018,FRESH MARKET,38.61,,41347.26
8-Apr-2018,WHOLE FOODS #4821,45.41,,41301.85
8-Apr-2018,DOORDASH*RESTAURANT,30.66,,41271.19
8-Apr-2018,PIZZA HUT,31.48,,41239.71
10-Apr-2018,TARGET.COM,33.20,,41206.51
10-Apr-2018,AMC THEATRES,25.62,,41180.89
11-Apr-2018,PAYPAL TRANSFER,,725.34,41906.23
11-Apr-2018,LYFT RIDE,20.03,,41886.20
13-Apr-2018,IRS USATAXPYMT,776.61,,41109.59
14-Apr-2018,EZ PASS TOLL,68.46,,41041.13
16-Apr-2018,SHELL OIL,67.20,,40973.93
18-Apr-2018,MCDONALD'S,36.60,,40937.33
19-Apr-2018,SHELL OIL,24.30,,40913.03
21-Apr-2018,PIZZA HUT,72.45,,40840.58
21-Apr-2018,AMAZON MKTP,143.17,,40697.41
21-Apr-2018,TARGET.COM,29.04,,40668.37
22-Apr-2018,PIZZA HUT,58.77,,40609.60
22-Apr-2018,SHELL OIL,18.33,,40591.27
22-Apr-2018,AMAZON.COM,130.31,,40460.96
22-Apr-2018,ZELLE TO FRIEND,130.41,,40330.55
23-Apr-2018,VERIZON WIRELESS,37.68,,40292.87
23-Apr-2018,WHOLE FOODS #4821,65.70,,40227.17
23-Apr-2018,AMAZON MKTP,173.79,,40053.38
24-Apr-2018,SHELL OIL,64.97,,39988.41
25-Apr-2018,LOCAL BISTRO,16.53,,39971.88
27-Apr-2018,TRADER JOE'S,79.03,,39892.85
27-Apr-2018,DENTAL CARE,20.73,,39872.12
28-Apr-2018,TRADER JOE'S,97.44,,39774.68
28-Apr-2018,SUSHI HOUSE,58.21,,39716.47
29-Apr-2018,COSTCO WHSE,47.10,,39669.37
29-Apr-2018,SHELL OIL,28.71,,39640.66
29-Apr-2018,CVS/PHARMACY,58.80,,39581.86
29-Apr-2018,TICKETMASTER,44.78,,39537.08
30-Apr-2018,WALMART SUPERCENTER,136.87,,39400.21
30-Apr-2018,PARKING GARAGE,20.11,,39380.10
30-Apr-2018,METRO TRANSIT,68.61,,39311.49
1-May-2018,CHEVRON,70.56,,39240.93
2-May-2018,ACH CREDIT EMPLOYER PAYROLL,,5600.15,44841.08
2-May-2018,TRADER JOE'S,118.39,,44722.69
2-May-2018,AMC THEATRES,56.76,,44665.93
3-May-2018,BILL PAY RENT LANDLORD,1426.54,,43239.39
3-May-2018,ALDI 729,88.55,,43150.84
3-May-2018,SHELL OIL,66.91,,43083.93
3-May-2018,NETFLIX.COM,46.80,,43037.13
4-May-2018,UBER EATS,17.17,,43019.96
5-May-2018,METRO TRANSIT,52.46,,42967.50
6-May-2018,GAS UTILITY,82.52,,42884.98
6-May-2018,VERIZON WIRELESS,79.31,,42805.67
6-May-2018,NIKE STORE,19.58,,42786.09
7-May-2018,CHEVRON,71.51,,42714.58
7-May-2018,SPOTIFY USA,36.14,,42678.44
8-May-2018,LOCAL BISTRO,21.59,,42656.85
10-May-2018,NIKE STORE,62.10,,42594.75
13-May-2018,IKEA,170.98,,42423.77
14-May-2018,MCDONALD'S,18.21,,42405.56
15-May-2018,ELECTRIC COMPANY,65.74,,42339.82
16-May-2018,AMAZON MKTP,261.50,,42078.32
17-May-2018,FRESH MARKET,143.65,,41934.67
18-May-2018,BEST BUY,68.12,,41866.55
19-May-2018,SHELL OIL,51.20,,41815.35
21-May-2018,KROGER #1190,151.57,,41663.78
21-May-2018,PARKING GARAGE,15.65,,41648.13
21-May-2018,EZ PASS TOLL,7.26,,41640.87
21-May-2018,BEST BUY,71.59,,41569.28
21-May-2018,AMAZON MKTP,250.78,,41318.50
21-May-2018,NETFLIX.COM,33.03,,41285.47
22-May-2018,WHOLE FOODS #4821,62.65,,41222.82
23-May-2018,KROGER #1190,55.94,,41166.88
24-May-2018,ALDI 729,102.03,,41064.85
25-May-2018,MCDONALD'S,54.58,,41010.27
25-May-2018,CHIPOTLE ONLINE,28.10,,40982.17
25-May-2018,METRO TRANSIT,43.79,,40938.38
25-May-2018,PLANET FITNESS,100.46,,40837.92
26-May-2018,METRO TRANSIT,21.23,,40816.69
28-May-2018,FRESH MARKET,45.10,,40771.59
28-May-2018,FRESH MARKET,144.70,,40626.89
28-May-2018,CHIPOTLE ONLINE,13.48,,40613.41
29-May-2018,CITY MEDICAL CLINIC,47.35,,40566.06
30-May-2018,WHOLE FOODS #4821,116.60,,40449.46
31-May-2018,SUSHI HOUSE,46.81,,40402.65
31-May-2018,PARKING GARAGE,58.66,,40343.99
1-Jun-2018,ACH CREDIT EMPLOYER PAYROLL,,5672.23,46016.22
3-Jun-2018,BILL PAY RENT LANDLORD,1434.71,,44581.51
3-Jun-2018,EZ PASS TOLL,39.77,,44541.74
3-Jun-2018,NETFLIX.COM,57.76,,44483.98
5-Jun-2018,VERIZON WIRELESS,170.50,,44313.48
5-Jun-2018,EZ PASS TOLL,37.25,,44276.23
6-Jun-2018,AMC THEATRES,58.34,,44217.89
7-Jun-2018,LOCAL BISTRO,63.52,,44154.37
8-Jun-2018,PARKING GARAGE,58.82,,44095.55
9-Jun-2018,WHOLE FOODS #4821,111.69,,43983.86
10-Jun-2018,EZ PASS TOLL,49.96,,43933.90
10-Jun-2018,METRO TRANSIT,22.30,,43911.60
12-Jun-2018,TRADER JOE'S,21.94,,43889.66
12-Jun-2018,TARGET.COM,84.25,,43805.41
14-Jun-2018,DOORDASH*RESTAURANT,73.87,,43731.54
14-Jun-2018,LOCAL BISTRO,51.14,,43680.40
14-Jun-2018,DISNEYPLUS,42.59,,43637.81
16-Jun-2018,COSTCO WHSE,140.85,,43496.96
16-Jun-2018,DOORDASH*RESTAURANT,34.27,,43462.69
16-Jun-2018,HOME DEPOT,183.48,,43279.21
18-Jun-2018,EZ PASS TOLL,11.56,,43267.65
20-Jun-2018,COSTCO WHSE,48.58,,43219.07
20-Jun-2018,LOCAL BISTRO,66.35,,43152.72
21-Jun-2018,TRADER JOE'S,155.21,,42997.51
22-Jun-2018,UBER TRIP,64.74,,42932.77
22-Jun-2018,AMAZON MKTP,62.33,,42870.44
24-Jun-2018,PARKING GARAGE,4.23,,42866.21
24-Jun-2018,NIKE STORE,71.44,,42794.77
24-Jun-2018,DENTAL CARE,29.75,,42765.02
24-Jun-2018,NETFLIX.COM,39.79,,42725.23
25-Jun-2018,KROGER #1190,36.79,,42688.44
25-Jun-2018,PARKING GARAGE,69.21,,42619.23
25-Jun-2018,PARKING GARAGE,16.85,,42602.38
26-Jun-2018,COMCAST CABLE,190.71,,42411.67
26-Jun-2018,SHELL OIL,20.25,,42391.42
26-Jun-2018,EZ PASS TOLL,48.81,,42342.61
26-Jun-2018,ATM WITHDRAWAL,118.81,,42223.80
28-Jun-2018,APPLE.COM/BILL,135.11,,42088.69
1-Jul-2018,ACH CREDIT EMPLOYER PAYROLL,,5854.74,47943.43
2-Jul-2018,DISNEYPLUS,51.64,,47891.79
3-Jul-2018,BILL PAY RENT LANDLORD,1427.92,,46463.87
3-Jul-2018,LYFT RIDE,20.37,,46443.50
4-Jul-2018,SUSHI HOUSE,79.92,,46363.58
4-Jul-2018,SPOTIFY USA,34.06,,46329.52
5-Jul-2018,VERIZON WIRELESS,79.23,,46250.29
5-Jul-2018,SHELL OIL,69.68,,46180.61
5-Jul-2018,ZELLE TO FRIEND,237.63,,45942.98
6-Jul-2018,ELECTRIC COMPANY,50.55,,45892.43
6-Jul-2018,UBER TRIP,22.17,,45870.26
7-Jul-2018,TRADER JOE'S,95.98,,45774.28
8-Jul-2018,SUSHI HOUSE,10.07,,45764.21
9-Jul-2018,PARKING GARAGE,10.74,,45753.47
10-Jul-2018,COMCAST CABLE,105.34,,45648.13
10-Jul-2018,ALDI 729,93.99,,45554.14
10-Jul-2018,STEAM GAMES,26.61,,45527.53
12-Jul-2018,PIZZA HUT,10.56,,45516.97
13-Jul-2018,WHOLE FOODS #4821,83.69,,45433.28
15-Jul-2018,TRADER JOE'S,48.45,,45384.83
15-Jul-2018,TRADER JOE'S,114.81,,45270.02
15-Jul-2018,MCDONALD'S,6.03,,45263.99
15-Jul-2018,UBER TRIP,47.93,,45216.06
15-Jul-2018,AIRLINE TICKET,284.07,,44931.99
16-Jul-2018,IKEA,25.07,,44906.92
17-Jul-2018,STARBUCKS STORE,8.85,,44898.07
18-Jul-2018,GAS UTILITY,39.36,,44858.71
19-Jul-2018,WALGREENS,195.16,,44663.55
21-Jul-2018,DOORDASH*RESTAURANT,50.36,,44613.19
22-Jul-2018,CHEVRON,61.79,,44551.40
22-Jul-2018,CITY MEDICAL CLINIC,115.44,,44435.96
23-Jul-2018,COSTCO WHSE,57.63,,44378.33
23-Jul-2018,NIKE STORE,255.30,,44123.03
24-Jul-2018,CHIPOTLE ONLINE,29.60,,44093.43
25-Jul-2018,PARKING GARAGE,20.94,,44072.49
25-Jul-2018,EZ PASS TOLL,16.61,,44055.88
28-Jul-2018,WALMART SUPERCENTER,92.63,,43963.25
28-Jul-2018,METRO TRANSIT,48.67,,43914.58
28-Jul-2018,DISNEYPLUS,48.76,,43865.82
29-Jul-2018,WALMART SUPERCENTER,84.46,,43781.36
29-Jul-2018,AMAZON MKTP,141.03,,43640.33
30-Jul-2018,WALGREENS,133.57,,43506.76
31-Jul-2018,SHELL OIL,48.23,,43458.53
1-Aug-2018,ACH CREDIT EMPLOYER PAYROLL,,5688.92,49147.45
1-Aug-2018,ALDI 729,60.00,,49087.45
1-Aug-2018,APPLE.COM/BILL,260.04,,48827.41
3-Aug-2018,BILL PAY RENT LANDLORD,1456.14,,47371.27
3-Aug-2018,TRADER JOE'S,33.08,,47338.19
3-Aug-2018,HOME DEPOT,86.46,,47251.73
5-Aug-2018,TRADER JOE'S,99.35,,47152.38
6-Aug-2018,ALDI 729,126.12,,47026.26
6-Aug-2018,EZ PASS TOLL,53.10,,46973.16
6-Aug-2018,DENTAL CARE,110.94,,46862.22
8-Aug-2018,DISNEYPLUS,47.52,,46814.70
9-Aug-2018,LYFT RIDE,10.36,,46804.34
10-Aug-2018,CITY WATER BILL,111.69,,46692.65
10-Aug-2018,AMC THEATRES,46.48,,46646.17
11-Aug-2018,ALDI 729,90.18,,46555.99
12-Aug-2018,DOORDASH*RESTAURANT,6.21,,46549.78
13-Aug-2018,EZ PASS TOLL,51.13,,46498.65
13-Aug-2018,EZ PASS TOLL,42.93,,46455.72
13-Aug-2018,DISNEYPLUS,59.70,,46396.02
14-Aug-2018,CITY WATER BILL,179.36,,46216.66
14-Aug-2018,LOCAL BISTRO,43.65,,46173.01
14-Aug-2018,UBER EATS,60.00,,46113.01
14-Aug-2018,AMAZON MKTP,79.55,,46033.46
14-Aug-2018,SPOTIFY USA,20.70,,46012.76
15-Aug-2018,AIRLINE TICKET,301.00,,45711.76
18-Aug-2018,ATM WITHDRAWAL,130.82,,45580.94
20-Aug-2018,PARKING GARAGE,12.43,,45568.51
22-Aug-2018,TRADER JOE'S,60.62,,45507.89
25-Aug-2018,TRADER JOE'S,144.39,,45363.50
25-Aug-2018,AMAZON MKTP,119.83,,45243.67
26-Aug-2018,VERIZON WIRELESS,47.26,,45196.41
26-Aug-2018,WALMART SUPERCENTER,47.23,,45149.18
28-Aug-2018,FRESH MARKET,55.63,,45093.55
28-Aug-2018,PIZZA HUT,57.32,,45036.23
28-Aug-2018,LYFT RIDE,70.14,,44966.09
28-Aug-2018,SHELL OIL,4.19,,44961.90
28-Aug-2018,EZ PASS TOLL,50.89,,44911.01
28-Aug-2018,METRO TRANSIT,27.16,,44883.85
28-Aug-2018,CVS/PHARMACY,154.65,,44729.20
30-Aug-2018,SUSHI HOUSE,66.07,,44663.13
31-Aug-2018,UBER EATS,34.13,,44629.00
1-Sep-2018,STARBUCKS STORE,52.54,,44576.46
1-Sep-2018,METRO TRANSIT,67.99,,44508.47
1-Sep-2018,AMAZON MKTP,147.95,,44360.52
2-Sep-2018,DISNEYPLUS,32.52,,44328.00
3-Sep-2018,ACH CREDIT EMPLOYER PAYROLL,,5757.95,50085.95
3-Sep-2018,BILL PAY RENT LANDLORD,1435.00,,48650.95
3-Sep-2018,FRESH MARKET,104.77,,48546.18
3-Sep-2018,APPLE.COM/BILL,135.77,,48410.41
6-Sep-2018,SUSHI HOUSE,31.43,,48378.98
7-Sep-2018,WALMART SUPERCENTER,75.36,,48303.62
7-Sep-2018,MCDONALD'S,19.13,,48284.49
7-Sep-2018,PARKING GARAGE,19.74,,48264.75
7-Sep-2018,ATM WITHDRAWAL,50.43,,48214.32
9-Sep-2018,VERIZON WIRELESS,48.30,,48166.02
10-Sep-2018,GAS UTILITY,57.85,,48108.17
10-Sep-2018,LYFT RIDE,49.40,,48058.77
10-Sep-2018,SPOTIFY USA,16.97,,48041.80
11-Sep-2018,ELECTRIC COMPANY,173.24,,47868.56
11-Sep-2018,TRADER JOE'S,133.30,,47735.26
16-Sep-2018,PIZZA HUT,47.08,,47688.18
17-Sep-2018,PLANET FITNESS,148.39,,47539.79
17-Sep-2018,TICKETMASTER,13.95,,47525.84
18-Sep-2018,WHOLE FOODS #4821,112.49,,47413.35
19-Sep-2018,FRESH MARKET,143.52,,47269.83
19-Sep-2018,CHEVRON,59.11,,47210.72
20-Sep-2018,UBER TRIP,50.63,,47160.09
20-Sep-2018,BEST BUY,57.81,,47102.28
21-Sep-2018,UBER TRIP,57.36,,47044.92
22-Sep-2018,PIZZA HUT,26.96,,47017.96
22-Sep-2018,TICKETMASTER,59.49,,46958.47
23-Sep-2018,COSTCO WHSE,102.11,,46856.36
24-Sep-2018,SHELL OIL,24.37,,46831.99
24-Sep-2018,CHEVRON,4.71,,46827.28
25-Sep-2018,STARBUCKS STORE,78.80,,46748.48
27-Sep-2018,COSTCO WHSE,84.34,,46664.14
27-Sep-2018,PLANET FITNESS,66.05,,46598.09
30-Sep-2018,SHELL OIL,33.00,,46565.09
30-Sep-2018,AMAZON.COM,251.64,,46313.45
1-Oct-2018,ACH CREDIT EMPLOYER PAYROLL,,5825.81,52139.26
2-Oct-2018,EZ PASS TOLL,4.76,,52134.50
2-Oct-2018,TICKETMASTER,64.51,,52069.99
3-Oct-2018,BILL PAY RENT LANDLORD,1440.75,,50629.24
4-Oct-2018,WALMART SUPERCENTER,157.54,,50471.70
5-Oct-2018,IKEA,222.67,,50249.03
6-Oct-2018,SUSHI HOUSE,42.83,,50206.20
6-Oct-2018,APPLE.COM/BILL,43.99,,50162.21
7-Oct-2018,CITY MEDICAL CLINIC,150.82,,50011.39
8-Oct-2018,SHELL OIL,54.02,,49957.37
9-Oct-2018,VERIZON WIRELESS,151.01,,49806.36
9-Oct-2018,EZ PASS TOLL,41.60,,49764.76
9-Oct-2018,PARKING GARAGE,35.68,,49729.08
10-Oct-2018,COSTCO WHSE,126.44,,49602.64
12-Oct-2018,COSTCO WHSE,81.80,,49520.84
14-Oct-2018,LOCAL BISTRO,17.36,,49503.48
15-Oct-2018,NETFLIX.COM,42.14,,49461.34
16-Oct-2018,SUSHI HOUSE,59.09,,49402.25
16-Oct-2018,PIZZA HUT,83.31,,49318.94
16-Oct-2018,SHELL OIL,61.58,,49257.36
18-Oct-2018,HOME DEPOT,160.80,,49096.56
18-Oct-2018,TARGET.COM,91.74,,49004.82
19-Oct-2018,CHIPOTLE ONLINE,32.85,,48971.97
20-Oct-2018,SUSHI HOUSE,49.86,,48922.11
21-Oct-2018,VERIZON WIRELESS,189.81,,48732.30
21-Oct-2018,CHIPOTLE ONLINE,50.11,,48682.19
22-Oct-2018,CHEVRON,30.33,,48651.86
22-Oct-2018,SHELL OIL,29.34,,48622.52
22-Oct-2018,CHEVRON,24.30,,48598.22
23-Oct-2018,LOCAL BISTRO,31.12,,48567.10
23-Oct-2018,EZ PASS TOLL,19.38,,48547.72
24-Oct-2018,TRADER JOE'S,20.64,,48527.08
24-Oct-2018,METRO TRANSIT,46.72,,48480.36
25-Oct-2018,PLANET FITNESS,65.22,,48415.14
26-Oct-2018,ELECTRIC COMPANY,100.41,,48314.73
26-Oct-2018,CITY MEDICAL CLINIC,69.85,,48244.88
26-Oct-2018,AMC THEATRES,39.39,,48205.49
27-Oct-2018,WALMART SUPERCENTER,96.50,,48108.99
28-Oct-2018,CHIPOTLE ONLINE,76.07,,48032.92
29-Oct-2018,METRO TRANSIT,19.26,,48013.66
29-Oct-2018,LYFT RIDE,68.47,,47945.19
29-Oct-2018,STEAM GAMES,29.02,,47916.17
30-Oct-2018,COSTCO WHSE,92.88,,47823.29
30-Oct-2018,LYFT RIDE,5.66,,47817.63
31-Oct-2018,STARBUCKS STORE,9.83,,47807.80
31-Oct-2018,METRO TRANSIT,42.32,,47765.48
1-Nov-2018,ACH CREDIT EMPLOYER PAYROLL,,5652.45,53417.93
1-Nov-2018,TARGET.COM,47.19,,53370.74
2-Nov-2018,UBER TRIP,64.89,,53305.85
2-Nov-2018,CITY MEDICAL CLINIC,118.68,,53187.17
3-Nov-2018,BILL PAY RENT LANDLORD,1451.27,,51735.90
3-Nov-2018,COSTCO WHSE,66.88,,51669.02
4-Nov-2018,SHELL OIL,28.59,,51640.43
5-Nov-2018,DOORDASH*RESTAURANT,36.18,,51604.25
5-Nov-2018,DENTAL CARE,118.24,,51486.01
7-Nov-2018,COSTCO WHSE,46.51,,51439.50
7-Nov-2018,LOCAL BISTRO,84.50,,51355.00
7-Nov-2018,TICKETMASTER,47.46,,51307.54
8-Nov-2018,PAYPAL TRANSFER,,860.36,52167.90
9-Nov-2018,CHEVRON,53.11,,52114.79
9-Nov-2018,BEST BUY,92.64,,52022.15
10-Nov-2018,WALMART SUPERCENTER,96.45,,51925.70
10-Nov-2018,TARGET.COM,83.37,,51842.33
10-Nov-2018,BEST BUY,206.68,,51635.65
11-Nov-2018,ZELLE TO FRIEND,180.80,,51454.85
13-Nov-2018,ALDI 729,88.03,,51366.82
14-Nov-2018,ELECTRIC COMPANY,120.43,,51246.39
14-Nov-2018,MCDONALD'S,33.90,,51212.49
16-Nov-2018,VERIZON WIRELESS,132.35,,51080.14
16-Nov-2018,LYFT RIDE,56.89,,51023.25
17-Nov-2018,CVS/PHARMACY,17.01,,51006.24
18-Nov-2018,COMCAST CABLE,155.36,,50850.88
18-Nov-2018,TRADER JOE'S,77.23,,50773.65
18-Nov-2018,HOME DEPOT,121.47,,50652.18
20-Nov-2018,WHOLE FOODS #4821,128.91,,50523.27
20-Nov-2018,DOORDASH*RESTAURANT,62.39,,50460.88
23-Nov-2018,HOME DEPOT,28.62,,50432.26
23-Nov-2018,ETSY.COM,66.41,,50365.85
24-Nov-2018,PARKING GARAGE,17.01,,50348.84
25-Nov-2018,CHEVRON,42.44,,50306.40
26-Nov-2018,AMAZON MKTP,144.61,,50161.79
26-Nov-2018,AMAZON.COM,150.06,,50011.73
27-Nov-2018,STARBUCKS STORE,62.77,,49948.96
27-Nov-2018,CHEVRON,55.79,,49893.17
27-Nov-2018,BEST BUY,41.37,,49851.80
28-Nov-2018,COSTCO WHSE,86.18,,49765.62
28-Nov-2018,EZ PASS TOLL,40.24,,49725.38
29-Nov-2018,TRADER JOE'S,69.94,,49655.44
29-Nov-2018,ALDI 729,115.11,,49540.33
30-Nov-2018,STARBUCKS STORE,10.23,,49530.10
30-Nov-2018,AMC THEATRES,21.37,,49508.73
30-Nov-2018,TICKETMASTER,43.72,,49465.01
2-Dec-2018,ACH CREDIT EMPLOYER PAYROLL,,5605.28,55070.29
3-Dec-2018,BILL PAY RENT LANDLORD,1449.54,,53620.75
3-Dec-2018,ATM WITHDRAWAL,235.80,,53384.95
4-Dec-2018,UBER TRIP,15.78,,53369.17
5-Dec-2018,CITY WATER BILL,167.88,,53201.29
5-Dec-2018,EZ PASS TOLL,34.09,,53167.20
6-Dec-2018,SHELL OIL,36.66,,53130.54
7-Dec-2018,ALDI 729,122.80,,53007.74
7-Dec-2018,SHELL OIL,59.14,,52948.60
8-Dec-2018,LOCAL BISTRO,68.16,,52880.44
9-Dec-2018,UBER TRIP,68.91,,52811.53
10-Dec-2018,VERIZON WIRELESS,127.93,,52683.60
11-Dec-2018,KROGER #1190,58.15,,52625.45
11-Dec-2018,METRO TRANSIT,70.50,,52554.95
11-Dec-2018,BEST BUY,38.42,,52516.53
13-Dec-2018,LOCAL BISTRO,82.59,,52433.94
13-Dec-2018,CHEVRON,36.45,,52397.49
14-Dec-2018,HOME DEPOT,159.40,,52238.09
15-Dec-2018,UBER TRIP,65.19,,52172.90
15-Dec-2018,DENTAL CARE,204.98,,51967.92
16-Dec-2018,LYFT RIDE,11.03,,51956.89
18-Dec-2018,METRO TRANSIT,38.53,,51918.36
19-Dec-2018,SPOTIFY USA,13.87,,51904.49
20-Dec-2018,ACH CREDIT YEAR END BONUS,,1254.78,53159.27
20-Dec-2018,BEST BUY,154.33,,53004.94
21-Dec-2018,KROGER #1190,66.32,,52938.62
21-Dec-2018,EZ PASS TOLL,52.62,,52886.00
22-Dec-2018,UBER EATS,71.29,,52814.71
23-Dec-2018,FRESH MARKET,50.92,,52763.79
25-Dec-2018,MCDONALD'S,27.88,,52735.91
25-Dec-2018,STARBUCKS STORE,23.33,,52712.58
26-Dec-2018,FRESH MARKET,128.76,,52583.82
27-Dec-2018,STARBUCKS STORE,48.07,,52535.75
27-Dec-2018,APPLE.COM/BILL,104.92,,52430.83
27-Dec-2018,WALGREENS,146.29,,52284.54
28-Dec-2018,CVS/PHARMACY,86.46,,52198.08
29-Dec-2018,SPOTIFY USA,57.49,,52140.59
29-Dec-2018,AMC THEATRES,62.69,,52077.90
30-Dec-2018,KROGER #1190,106.83,,51971.07
30-Dec-2018,WALMART SUPERCENTER,100.22,,51870.85
31-Dec-2018,SUSHI HOUSE,20.59,,51850.26
2-Jan-2019,ACH CREDIT EMPLOYER PAYROLL,,6091.90,57942.16
2-Jan-2019,SHELL OIL,70.39,,57871.77
2-Jan-2019,DENTAL CARE,188.57,,57683.20
2-Jan-2019,SPOTIFY USA,42.58,,57640.62
2-Jan-2019,TICKETMASTER,56.79,,57583.83
3-Jan-2019,BILL PAY RENT LANDLORD,1483.67,,56100.16
3-Jan-2019,EZ PASS TOLL,50.19,,56049.97
4-Jan-2019,WHOLE FOODS #4821,152.80,,55897.17
4-Jan-2019,WHOLE FOODS #4821,128.04,,55769.13
4-Jan-2019,NIKE STORE,194.99,,55574.14
6-Jan-2019,METRO TRANSIT,24.69,,55549.45
9-Jan-2019,STARBUCKS STORE,52.08,,55497.37
10-Jan-2019,SHELL OIL,41.73,,55455.64
10-Jan-2019,STEAM GAMES,40.98,,55414.66
13-Jan-2019,WHOLE FOODS #4821,25.53,,55389.13
13-Jan-2019,ALDI 729,21.91,,55367.22
13-Jan-2019,CHEVRON,8.62,,55358.60
14-Jan-2019,CHIPOTLE ONLINE,52.24,,55306.36
15-Jan-2019,ELECTRIC COMPANY,171.78,,55134.58
15-Jan-2019,TRADER JOE'S,56.70,,55077.88
15-Jan-2019,SHELL OIL,7.02,,55070.86
15-Jan-2019,INSURANCE ANNUAL PREMIUM,1048.36,,54022.50
20-Jan-2019,UBER EATS,51.53,,53970.97
20-Jan-2019,UBER TRIP,56.32,,53914.65
20-Jan-2019,IKEA,41.78,,53872.87
21-Jan-2019,LYFT RIDE,55.57,,53817.30
21-Jan-2019,EZ PASS TOLL,23.30,,53794.00
23-Jan-2019,GAS UTILITY,169.34,,53624.66
23-Jan-2019,COSTCO WHSE,57.29,,53567.37
24-Jan-2019,HOME DEPOT,93.76,,53473.61
25-Jan-2019,ALDI 729,64.82,,53408.79
25-Jan-2019,STARBUCKS STORE,39.67,,53369.12
25-Jan-2019,CHEVRON,60.30,,53308.82
28-Jan-2019,PARKING GARAGE,23.34,,53285.48
28-Jan-2019,CVS/PHARMACY,176.82,,53108.66
29-Jan-2019,MCDONALD'S,41.31,,53067.35
29-Jan-2019,HOME DEPOT,177.78,,52889.57
31-Jan-2019,FRESH MARKET,43.69,,52845.88
31-Jan-2019,IKEA,239.58,,52606.30
2-Feb-2019,ACH CREDIT EMPLOYER PAYROLL,,5953.31,58559.61
2-Feb-2019,ALDI 729,27.95,,58531.66
2-Feb-2019,STARBUCKS STORE,7.17,,58524.49
2-Feb-2019,UBER EATS,12.98,,58511.51
3-Feb-2019,BILL PAY RENT LANDLORD,1477.16,,57034.35
3-Feb-2019,SHELL OIL,64.03,,56970.32
3-Feb-2019,TARGET.COM,258.94,,56711.38
4-Feb-2019,WHOLE FOODS #4821,121.94,,56589.44
7-Feb-2019,WALMART SUPERCENTER,39.81,,56549.63
8-Feb-2019,HOME DEPOT,273.44,,56276.19
9-Feb-2019,LYFT RIDE,36.27,,56239.92
9-Feb-2019,AMAZON MKTP,245.05,,55994.87
10-Feb-2019,WALMART SUPERCENTER,102.04,,55892.83
10-Feb-2019,SUSHI HOUSE,42.19,,55850.64
10-Feb-2019,SPOTIFY USA,47.59,,55803.05
11-Feb-2019,ACH CREDIT FREELANCE,,1042.28,56845.33
11-Feb-2019,SUSHI HOUSE,19.21,,56826.12
11-Feb-2019,WALGREENS,129.81,,56696.31
12-Feb-2019,WHOLE FOODS #4821,128.45,,56567.86
12-Feb-2019,DENTAL CARE,167.78,,56400.08
14-Feb-2019,ZELLE TO FRIEND,55.50,,56344.58
15-Feb-2019,KROGER #1190,83.60,,56260.98
15-Feb-2019,KROGER #1190,63.64,,56197.34
15-Feb-2019,EZ PASS TOLL,30.34,,56167.00
15-Feb-2019,EZ PASS TOLL,4.64,,56162.36
15-Feb-2019,UBER TRIP,35.46,,56126.90
16-Feb-2019,PARKING GARAGE,49.21,,56077.69
17-Feb-2019,COMCAST CABLE,118.57,,55959.12
17-Feb-2019,CHEVRON,25.46,,55933.66
17-Feb-2019,LYFT RIDE,32.41,,55901.25
17-Feb-2019,BEST BUY,87.18,,55814.07
18-Feb-2019,PIZZA HUT,10.23,,55803.84
18-Feb-2019,IKEA,136.17,,55667.67
18-Feb-2019,NETFLIX.COM,12.28,,55655.39
20-Feb-2019,WALMART SUPERCENTER,100.76,,55554.63
22-Feb-2019,COMCAST CABLE,152.47,,55402.16
22-Feb-2019,CHEVRON,70.57,,55331.59
23-Feb-2019,METRO TRANSIT,55.86,,55275.73
23-Feb-2019,AMAZON MKTP,27.47,,55248.26
26-Feb-2019,CITY MEDICAL CLINIC,193.93,,55054.33
27-Feb-2019,WHOLE FOODS #4821,115.73,,54938.60
28-Feb-2019,CHEVRON,71.04,,54867.56
28-Feb-2019,NETFLIX.COM,45.86,,54821.70
1-Mar-2019,ACH CREDIT EMPLOYER PAYROLL,,5965.84,60787.54
1-Mar-2019,DISNEYPLUS,39.20,,60748.34
2-Mar-2019,METRO TRANSIT,65.86,,60682.48
2-Mar-2019,TICKETMASTER,45.93,,60636.55
2-Mar-2019,STEAM GAMES,49.11,,60587.44
3-Mar-2019,BILL PAY RENT LANDLORD,1502.56,,59084.88
3-Mar-2019,WHOLE FOODS #4821,135.98,,58948.90
5-Mar-2019,METRO TRANSIT,51.41,,58897.49
6-Mar-2019,WHOLE FOODS #4821,104.40,,58793.09
6-Mar-2019,LYFT RIDE,17.08,,58776.01
6-Mar-2019,TARGET.COM,100.24,,58675.77
7-Mar-2019,LYFT RIDE,32.43,,58643.34
8-Mar-2019,WHOLE FOODS #4821,31.52,,58611.82
8-Mar-2019,DOORDASH*RESTAURANT,16.97,,58594.85
8-Mar-2019,CHEVRON,64.14,,58530.71
9-Mar-2019,UBER TRIP,23.34,,58507.37
10-Mar-2019,APPLE.COM/BILL,263.22,,58244.15
12-Mar-2019,EZ PASS TOLL,38.40,,58205.75
13-Mar-2019,CITY WATER BILL,140.36,,58065.39
13-Mar-2019,IKEA,243.33,,57822.06
13-Mar-2019,DENTAL CARE,189.24,,57632.82
14-Mar-2019,KROGER #1190,119.72,,57513.10
15-Mar-2019,KROGER #1190,129.64,,57383.46
15-Mar-2019,LOCAL BISTRO,79.18,,57304.28
15-Mar-2019,NETFLIX.COM,35.89,,57268.39
17-Mar-2019,EZ PASS TOLL,45.71,,57222.68
17-Mar-2019,BEST BUY,244.65,,56978.03
18-Mar-2019,VERIZON WIRELESS,190.26,,56787.77
19-Mar-2019,CHIPOTLE ONLINE,15.77,,56772.00
21-Mar-2019,CHEVRON,40.99,,56731.01
21-Mar-2019,UBER TRIP,34.08,,56696.93
22-Mar-2019,ELECTRIC COMPANY,72.16,,56624.77
23-Mar-2019,GAS UTILITY,88.52,,56536.25
23-Mar-2019,MCDONALD'S,78.92,,56457.33
23-Mar-2019,BEST BUY,128.27,,56329.06
23-Mar-2019,NETFLIX.COM,43.92,,56285.14
26-Mar-2019,ALDI 729,149.08,,56136.06
26-Mar-2019,LOCAL BISTRO,57.72,,56078.34
28-Mar-2019,MCDONALD'S,34.66,,56043.68
30-Mar-2019,COSTCO WHSE,24.05,,56019.63
30-Mar-2019,TRADER JOE'S,39.75,,55979.88
30-Mar-2019,KROGER #1190,113.16,,55866.72
30-Mar-2019,DOORDASH*RESTAURANT,9.65,,55857.07
30-Mar-2019,CITY MEDICAL CLINIC,104.86,,55752.21
1-Apr-2019,ACH CREDIT EMPLOYER PAYROLL,,5972.32,61724.53
1-Apr-2019,CHEVRON,54.14,,61670.39
2-Apr-2019,TARGET.COM,245.40,,61424.99
3-Apr-2019,BILL PAY RENT LANDLORD,1471.91,,59953.08
4-Apr-2019,WALMART SUPERCENTER,141.27,,59811.81
4-Apr-2019,SHELL OIL,11.31,,59800.50
5-Apr-2019,COMCAST CABLE,125.44,,59675.06
6-Apr-2019,UBER TRIP,54.45,,59620.61
8-Apr-2019,MCDONALD'S,10.57,,59610.04
8-Apr-2019,TICKETMASTER,37.60,,59572.44
10-Apr-2019,UBER TRIP,48.30,,59524.14
11-Apr-2019,VERIZON WIRELESS,137.69,,59386.45
11-Apr-2019,METRO TRANSIT,60.71,,59325.74
11-Apr-2019,APPLE.COM/BILL,130.74,,59195.00
12-Apr-2019,IRS USATAXPYMT,231.77,,58963.23
13-Apr-2019,WHOLE FOODS #4821,136.74,,58826.49
13-Apr-2019,WALGREENS,39.38,,58787.11
14-Apr-2019,TRADER JOE'S,39.52,,58747.59
14-Apr-2019,MCDONALD'S,22.55,,58725.04
15-Apr-2019,FRESH MARKET,53.37,,58671.67
17-Apr-2019,SUSHI HOUSE,79.67,,58592.00
17-Apr-2019,NIKE STORE,36.62,,58555.38
19-Apr-2019,CITY WATER BILL,62.33,,58493.05
19-Apr-2019,LOCAL BISTRO,22.40,,58470.65
19-Apr-2019,STARBUCKS STORE,20.06,,58450.59
21-Apr-2019,EZ PASS TOLL,30.80,,58419.79
21-Apr-2019,SHELL OIL,14.27,,58405.52
22-Apr-2019,CITY MEDICAL CLINIC,132.02,,58273.50
23-Apr-2019,KROGER #1190,107.99,,58165.51
23-Apr-2019,EZ PASS TOLL,27.25,,58138.26
23-Apr-2019,CHEVRON,16.40,,58121.86
23-Apr-2019,STEAM GAMES,43.07,,58078.79
24-Apr-2019,FRESH MARKET,143.70,,57935.09
25-Apr-2019,PAYPAL TRANSFER,,662.71,58597.80
25-Apr-2019,GAS UTILITY,77.63,,58520.17
25-Apr-2019,KROGER #1190,147.95,,58372.22
25-Apr-2019,SPOTIFY USA,26.25,,58345.97
26-Apr-2019,CHEVRON,27.54,,58318.43
27-Apr-2019,FRESH MARKET,27.46,,58290.97
27-Apr-2019,CHIPOTLE ONLINE,29.32,,58261.65
27-Apr-2019,STEAM GAMES,11.73,,58249.92
28-Apr-2019,LOCAL BISTRO,44.02,,58205.90
29-Apr-2019,PARKING GARAGE,6.05,,58199.85
30-Apr-2019,ZELLE TO FRIEND,43.56,,58156.29
1-May-2019,ACH CREDIT EMPLOYER PAYROLL,,5863.31,64019.60
1-May-2019,SUSHI HOUSE,16.88,,64002.72
1-May-2019,STARBUCKS STORE,59.85,,63942.87
1-May-2019,PARKING GARAGE,71.68,,63871.19
2-May-2019,KROGER #1190,85.52,,63785.67
3-May-2019,BILL PAY RENT LANDLORD,1485.44,,62300.23
3-May-2019,PIZZA HUT,36.85,,62263.38
5-May-2019,GAS UTILITY,128.76,,62134.62
6-May-2019,ALDI 729,22.12,,62112.50
7-May-2019,METRO TRANSIT,27.47,,62085.03
8-May-2019,AMAZON MKTP,55.07,,62029.96
10-May-2019,UBER TRIP,66.83,,61963.13
11-May-2019,SPOTIFY USA,21.99,,61941.14
12-May-2019,MCDONALD'S,30.32,,61910.82
14-May-2019,METRO TRANSIT,19.58,,61891.24
14-May-2019,EZ PASS TOLL,25.74,,61865.50
14-May-2019,TICKETMASTER,63.73,,61801.77
15-May-2019,VERIZON WIRELESS,134.37,,61667.40
15-May-2019,STARBUCKS STORE,16.26,,61651.14
15-May-2019,NIKE STORE,236.79,,61414.35
15-May-2019,CVS/PHARMACY,214.84,,61199.51
16-May-2019,WHOLE FOODS #4821,31.97,,61167.54
16-May-2019,DOORDASH*RESTAURANT,34.74,,61132.80
16-May-2019,UBER TRIP,49.30,,61083.50
17-May-2019,CITY WATER BILL,191.66,,60891.84
18-May-2019,MCDONALD'S,8.82,,60883.02
18-May-2019,NETFLIX.COM,26.74,,60856.28
19-May-2019,ACH CREDIT FREELANCE,,1190.63,62046.91
19-May-2019,FRESH MARKET,150.70,,61896.21
19-May-2019,PIZZA HUT,58.21,,61838.00
22-May-2019,COSTCO WHSE,51.43,,61786.57
22-May-2019,NETFLIX.COM,19.14,,61767.43
23-May-2019,WALMART SUPERCENTER,112.98,,61654.45
23-May-2019,PARKING GARAGE,24.55,,61629.90
24-May-2019,SHELL OIL,17.35,,61612.55
24-May-2019,UBER TRIP,6.61,,61605.94
25-May-2019,UBER TRIP,70.88,,61535.06
25-May-2019,DENTAL CARE,10.21,,61524.85
26-May-2019,MCDONALD'S,41.23,,61483.62
26-May-2019,CHEVRON,14.80,,61468.82
28-May-2019,BEST BUY,86.51,,61382.31
28-May-2019,HOME DEPOT,57.09,,61325.22
28-May-2019,VENMO PAYMENT,70.04,,61255.18
30-May-2019,ALDI 729,119.46,,61135.72
30-May-2019,LYFT RIDE,34.33,,61101.39
1-Jun-2019,PIZZA HUT,23.96,,61077.43
3-Jun-2019,ACH CREDIT EMPLOYER PAYROLL,,5821.59,66899.02
3-Jun-2019,BILL PAY RENT LANDLORD,1492.72,,65406.30
3-Jun-2019,STARBUCKS STORE,23.37,,65382.93
6-Jun-2019,TRADER JOE'S,127.63,,65255.30
6-Jun-2019,CHIPOTLE ONLINE,75.89,,65179.41
6-Jun-2019,SPOTIFY USA,41.56,,65137.85
7-Jun-2019,WALMART SUPERCENTER,77.42,,65060.43
7-Jun-2019,TRADER JOE'S,115.10,,64945.33
7-Jun-2019,MCDONALD'S,66.46,,64878.87
7-Jun-2019,UBER TRIP,61.18,,64817.69
8-Jun-2019,UBER TRIP,54.43,,64763.26
9-Jun-2019,UBER EATS,10.73,,64752.53
10-Jun-2019,CHEVRON,36.15,,64716.38
13-Jun-2019,ALDI 729,30.17,,64686.21
15-Jun-2019,FRESH MARKET,44.36,,64641.85
16-Jun-2019,DISNEYPLUS,47.94,,64593.91
18-Jun-2019,LYFT RIDE,10.16,,64583.75
18-Jun-2019,METRO TRANSIT,8.17,,64575.58
19-Jun-2019,COMCAST CABLE,121.28,,64454.30
20-Jun-2019,UBER TRIP,58.26,,64396.04
21-Jun-2019,DISNEYPLUS,55.23,,64340.81
22-Jun-2019,VERIZON WIRELESS,166.50,,64174.31
22-Jun-2019,UBER TRIP,11.53,,64162.78
22-Jun-2019,UBER TRIP,16.95,,64145.83
23-Jun-2019,TRADER JOE'S,137.59,,64008.24
23-Jun-2019,NIKE STORE,268.61,,63739.63
23-Jun-2019,AMAZON MKTP,64.05,,63675.58
23-Jun-2019,CVS/PHARMACY,91.04,,63584.54
24-Jun-2019,ELECTRIC COMPANY,121.10,,63463.44
25-Jun-2019,TARGET.COM,260.89,,63202.55
27-Jun-2019,METRO TRANSIT,13.00,,63189.55
28-Jun-2019,WHOLE FOODS #4821,31.51,,63158.04
29-Jun-2019,BEST BUY,92.16,,63065.88
29-Jun-2019,PLANET FITNESS,97.31,,62968.57
1-Jul-2019,ACH CREDIT EMPLOYER PAYROLL,,6028.73,68997.30
1-Jul-2019,LOCAL BISTRO,34.44,,68962.86
2-Jul-2019,STEAM GAMES,64.11,,68898.75
3-Jul-2019,BILL PAY RENT LANDLORD,1496.74,,67402.01
3-Jul-2019,FRESH MARKET,54.96,,67347.05
3-Jul-2019,PIZZA HUT,16.43,,67330.62
4-Jul-2019,LYFT RIDE,37.94,,67292.68
4-Jul-2019,PLANET FITNESS,114.79,,67177.89
5-Jul-2019,CITY WATER BILL,71.58,,67106.31
7-Jul-2019,DOORDASH*RESTAURANT,75.71,,67030.60
7-Jul-2019,CHEVRON,9.89,,67020.71
10-Jul-2019,ALDI 729,112.32,,66908.39
10-Jul-2019,KROGER #1190,90.89,,66817.50
10-Jul-2019,SHELL OIL,50.68,,66766.82
11-Jul-2019,ALDI 729,133.37,,66633.45
13-Jul-2019,CITY WATER BILL,71.81,,66561.64
13-Jul-2019,COMCAST CABLE,110.17,,66451.47
13-Jul-2019,PARKING GARAGE,67.67,,66383.80
14-Jul-2019,STARBUCKS STORE,52.68,,66331.12
14-Jul-2019,UBER TRIP,47.56,,66283.56
14-Jul-2019,PARKING GARAGE,33.56,,66250.00
15-Jul-2019,BEST BUY,215.89,,66034.11
16-Jul-2019,MCDONALD'S,15.11,,66019.00
17-Jul-2019,DOORDASH*RESTAURANT,47.45,,65971.55
17-Jul-2019,UBER EATS,64.96,,65906.59
17-Jul-2019,HOTEL BOOKING,754.19,,65152.40
20-Jul-2019,COSTCO WHSE,54.73,,65097.67
20-Jul-2019,TRADER JOE'S,40.24,,65057.43
21-Jul-2019,NIKE STORE,273.97,,64783.46
22-Jul-2019,ALDI 729,157.92,,64625.54
22-Jul-2019,SPOTIFY USA,64.63,,64560.91
23-Jul-2019,EZ PASS TOLL,42.00,,64518.91
24-Jul-2019,SHELL OIL,68.70,,64450.21
24-Jul-2019,HOME DEPOT,255.77,,64194.44
27-Jul-2019,COSTCO WHSE,60.04,,64134.40
27-Jul-2019,LOCAL BISTRO,56.75,,64077.65
29-Jul-2019,EZ PASS TOLL,65.71,,64011.94
30-Jul-2019,ALDI 729,37.06,,63974.88
30-Jul-2019,METRO TRANSIT,28.44,,63946.44
31-Jul-2019,UBER TRIP,10.60,,63935.84
31-Jul-2019,UBER TRIP,35.73,,63900.11
31-Jul-2019,TARGET.COM,227.95,,63672.16
31-Jul-2019,ZELLE TO FRIEND,216.25,,63455.91
2-Aug-2019,ACH CREDIT EMPLOYER PAYROLL,,5969.76,69425.67
3-Aug-2019,BILL PAY RENT LANDLORD,1467.08,,67958.59
3-Aug-2019,LOCAL BISTRO,55.61,,67902.98
4-Aug-2019,LOCAL BISTRO,52.60,,67850.38
6-Aug-2019,MCDONALD'S,67.51,,67782.87
7-Aug-2019,AMAZON.COM,125.10,,67657.77
8-Aug-2019,CITY WATER BILL,166.67,,67491.10
8-Aug-2019,KROGER #1190,43.32,,67447.78
8-Aug-2019,KROGER #1190,50.89,,67396.89
10-Aug-2019,TRADER JOE'S,129.14,,67267.75
11-Aug-2019,SUSHI HOUSE,47.51,,67220.24
11-Aug-2019,PARKING GARAGE,38.02,,67182.22
11-Aug-2019,NETFLIX.COM,55.94,,67126.28
12-Aug-2019,VERIZON WIRELESS,97.82,,67028.46
12-Aug-2019,UBER TRIP,8.02,,67020.44
12-Aug-2019,NETFLIX.COM,25.37,,66995.07
13-Aug-2019,SHELL OIL,47.07,,66948.00
13-Aug-2019,HOME DEPOT,67.80,,66880.20
13-Aug-2019,BEST BUY,130.26,,66749.94
14-Aug-2019,TRADER JOE'S,37.80,,66712.14
14-Aug-2019,AMAZON.COM,272.99,,66439.15
15-Aug-2019,FRESH MARKET,124.66,,66314.49
15-Aug-2019,METRO TRANSIT,27.15,,66287.34
15-Aug-2019,AMC THEATRES,41.77,,66245.57
19-Aug-2019,MCDONALD'S,82.90,,66162.67
21-Aug-2019,VENMO CASHOUT,,600.07,66762.74
22-Aug-2019,FRESH MARKET,73.07,,66689.67
22-Aug-2019,EZ PASS TOLL,11.42,,66678.25
23-Aug-2019,CHEVRON,44.11,,66634.14
23-Aug-2019,LYFT RIDE,50.68,,66583.46
23-Aug-2019,VENMO PAYMENT,111.53,,66471.93
24-Aug-2019,VERIZON WIRELESS,174.22,,66297.71
24-Aug-2019,UBER TRIP,55.79,,66241.92
25-Aug-2019,LOCAL BISTRO,6.45,,66235.47
25-Aug-2019,TARGET.COM,100.92,,66134.55
26-Aug-2019,WHOLE FOODS #4821,28.67,,66105.88
26-Aug-2019,WALMART SUPERCENTER,109.08,,65996.80
26-Aug-2019,STARBUCKS STORE,82.20,,65914.60
26-Aug-2019,CHIPOTLE ONLINE,67.38,,65847.22
28-Aug-2019,PIZZA HUT,35.24,,65811.98
28-Aug-2019,UBER TRIP,9.62,,65802.36
29-Aug-2019,TRADER JOE'S,77.80,,65724.56
29-Aug-2019,DENTAL CARE,214.16,,65510.40
31-Aug-2019,LYFT RIDE,69.79,,65440.61
2-Sep-2019,ACH CREDIT EMPLOYER PAYROLL,,5867.49,71308.10
2-Sep-2019,PARKING GARAGE,32.27,,71275.83
3-Sep-2019,BILL PAY RENT LANDLORD,1501.79,,69774.04
4-Sep-2019,ALDI 729,98.81,,69675.23
4-Sep-2019,UBER TRIP,71.87,,69603.36
6-Sep-2019,AMAZON.COM,92.36,,69511.00
7-Sep-2019,WALMART SUPERCENTER,119.72,,69391.28
7-Sep-2019,COSTCO WHSE,85.46,,69305.82
7-Sep-2019,PARKING GARAGE,14.42,,69291.40
8-Sep-2019,ZELLE FROM CLIENT,,211.50,69502.90
9-Sep-2019,ELECTRIC COMPANY,80.23,,69422.67
9-Sep-2019,UBER EATS,30.91,,69391.76
9-Sep-2019,EZ PASS TOLL,43.06,,69348.70
9-Sep-2019,LYFT RIDE,36.66,,69312.04
9-Sep-2019,AMAZON MKTP,18.39,,69293.65
10-Sep-2019,SUSHI HOUSE,12.67,,69280.98
10-Sep-2019,EZ PASS TOLL,20.35,,69260.63
10-Sep-2019,AMAZON.COM,186.37,,69074.26
12-Sep-2019,COSTCO WHSE,41.05,,69033.21
12-Sep-2019,UBER EATS,21.38,,69011.83
12-Sep-2019,STARBUCKS STORE,52.05,,68959.78
12-Sep-2019,DENTAL CARE,14.42,,68945.36
13-Sep-2019,ALDI 729,159.82,,68785.54
13-Sep-2019,CHEVRON,64.69,,68720.85
14-Sep-2019,HOME DEPOT,263.11,,68457.74
14-Sep-2019,SPOTIFY USA,52.72,,68405.02
15-Sep-2019,COSTCO WHSE,52.70,,68352.32
16-Sep-2019,FRESH MARKET,147.07,,68205.25
16-Sep-2019,CHEVRON,16.92,,68188.33
17-Sep-2019,PARKING GARAGE,34.27,,68154.06
17-Sep-2019,CITY MEDICAL CLINIC,132.58,,68021.48
18-Sep-2019,ZELLE TO FRIEND,242.31,,67779.17
19-Sep-2019,ELECTRIC COMPANY,180.99,,67598.18
19-Sep-2019,STARBUCKS STORE,83.60,,67514.58
19-Sep-2019,AMC THEATRES,45.10,,67469.48
20-Sep-2019,UBER TRIP,49.78,,67419.70
22-Sep-2019,FRESH MARKET,29.29,,67390.41
23-Sep-2019,CITY WATER BILL,166.39,,67224.02
25-Sep-2019,UBER EATS,33.98,,67190.04
25-Sep-2019,UBER TRIP,35.18,,67154.86
26-Sep-2019,HOME DEPOT,155.39,,66999.47
27-Sep-2019,DOORDASH*RESTAURANT,20.15,,66979.32
1-Oct-2019,ACH CREDIT EMPLOYER PAYROLL,,6086.80,73066.12
2-Oct-2019,COSTCO WHSE,69.50,,72996.62
3-Oct-2019,BILL PAY RENT LANDLORD,1471.00,,71525.62
4-Oct-2019,PIZZA HUT,48.15,,71477.47
4-Oct-2019,PARKING GARAGE,10.10,,71467.37
5-Oct-2019,UBER TRIP,60.27,,71407.10
6-Oct-2019,COMCAST CABLE,82.37,,71324.73
6-Oct-2019,BEST BUY,209.55,,71115.18
7-Oct-2019,DOORDASH*RESTAURANT,71.81,,71043.37
7-Oct-2019,PLANET FITNESS,18.93,,71024.44
8-Oct-2019,DOORDASH*RESTAURANT,25.29,,70999.15
9-Oct-2019,DOORDASH*RESTAURANT,53.52,,70945.63
10-Oct-2019,CHIPOTLE ONLINE,44.55,,70901.08
10-Oct-2019,EZ PASS TOLL,67.19,,70833.89
10-Oct-2019,AMC THEATRES,11.11,,70822.78
11-Oct-2019,WHOLE FOODS #4821,84.90,,70737.88
12-Oct-2019,ELECTRIC COMPANY,83.03,,70654.85
13-Oct-2019,METRO TRANSIT,60.56,,70594.29
13-Oct-2019,SHELL OIL,63.66,,70530.63
14-Oct-2019,VENMO CASHOUT,,500.30,71030.93
14-Oct-2019,AMAZON MKTP,279.24,,70751.69
15-Oct-2019,TICKETMASTER,53.10,,70698.59
15-Oct-2019,SPOTIFY USA,48.21,,70650.38
19-Oct-2019,CITY WATER BILL,175.44,,70474.94
20-Oct-2019,FRESH MARKET,114.89,,70360.05
20-Oct-2019,CHEVRON,4.74,,70355.31
21-Oct-2019,DOORDASH*RESTAURANT,62.64,,70292.67
21-Oct-2019,LYFT RIDE,26.22,,70266.45
22-Oct-2019,KROGER #1190,129.14,,70137.31
22-Oct-2019,LOCAL BISTRO,51.77,,70085.54
23-Oct-2019,TARGET.COM,154.40,,69931.14
24-Oct-2019,SUSHI HOUSE,78.17,,69852.97
24-Oct-2019,EZ PASS TOLL,11.36,,69841.61
24-Oct-2019,EZ PASS TOLL,49.64,,69791.97
26-Oct-2019,SUSHI HOUSE,48.59,,69743.38
26-Oct-2019,IKEA,104.11,,69639.27
26-Oct-2019,AMC THEATRES,18.54,,69620.73
26-Oct-2019,VENMO PAYMENT,236.02,,69384.71
27-Oct-2019,EZ PASS TOLL,46.23,,69338.48
28-Oct-2019,KROGER #1190,150.90,,69187.58
29-Oct-2019,PLANET FITNESS,208.99,,68978.59
31-Oct-2019,COSTCO WHSE,114.47,,68864.12
31-Oct-2019,LYFT RIDE,45.00,,68819.12
1-Nov-2019,WALGREENS,68.01,,68751.11
2-Nov-2019,ACH CREDIT EMPLOYER PAYROLL,,5835.38,74586.49
2-Nov-2019,AMAZON MKTP,243.66,,74342.83
3-Nov-2019,BILL PAY RENT LANDLORD,1472.03,,72870.80
3-Nov-2019,IKEA,105.69,,72765.11
4-Nov-2019,FRESH MARKET,67.49,,72697.62
4-Nov-2019,SUSHI HOUSE,50.82,,72646.80
4-Nov-2019,LOCAL BISTRO,32.38,,72614.42
4-Nov-2019,EZ PASS TOLL,42.00,,72572.42
5-Nov-2019,SPOTIFY USA,44.46,,72527.96
6-Nov-2019,TARGET.COM,66.09,,72461.87
6-Nov-2019,SPOTIFY USA,59.88,,72401.99
7-Nov-2019,DOORDASH*RESTAURANT,83.28,,72318.71
7-Nov-2019,HOME DEPOT,233.67,,72085.04
7-Nov-2019,AMC THEATRES,35.23,,72049.81
8-Nov-2019,GAS UTILITY,139.51,,71910.30
9-Nov-2019,ALDI 729,33.41,,71876.89
9-Nov-2019,DOORDASH*RESTAURANT,33.21,,71843.68
9-Nov-2019,BEST BUY,43.92,,71799.76
10-Nov-2019,ACH CREDIT FREELANCE,,769.62,72569.38
10-Nov-2019,METRO TRANSIT,41.27,,72528.11
10-Nov-2019,ETSY.COM,118.70,,72409.41
11-Nov-2019,COSTCO WHSE,94.18,,72315.23
11-Nov-2019,CHEVRON,36.63,,72278.60
11-Nov-2019,ETSY.COM,59.92,,72218.68
11-Nov-2019,TARGET.COM,166.18,,72052.50
12-Nov-2019,LOCAL BISTRO,64.80,,71987.70
12-Nov-2019,ATM WITHDRAWAL,132.98,,71854.72
13-Nov-2019,PARKING GARAGE,27.39,,71827.33
14-Nov-2019,AMAZON.COM,66.16,,71761.17
15-Nov-2019,WHOLE FOODS #4821,47.83,,71713.34
16-Nov-2019,ELECTRIC COMPANY,53.26,,71660.08
17-Nov-2019,CHEVRON,50.17,,71609.91
17-Nov-2019,SHELL OIL,66.14,,71543.77
17-Nov-2019,NETFLIX.COM,60.39,,71483.38
18-Nov-2019,MCDONALD'S,60.03,,71423.35
19-Nov-2019,APPLE.COM/BILL,223.97,,71199.38
20-Nov-2019,UBER TRIP,33.31,,71166.07
22-Nov-2019,ALDI 729,30.51,,71135.56
22-Nov-2019,AMAZON.COM,37.83,,71097.73
24-Nov-2019,METRO TRANSIT,47.36,,71050.37
24-Nov-2019,APPLE.COM/BILL,113.75,,70936.62
25-Nov-2019,EZ PASS TOLL,32.40,,70904.22
25-Nov-2019,METRO TRANSIT,48.92,,70855.30
29-Nov-2019,UBER EATS,8.98,,70846.32
30-Nov-2019,COSTCO WHSE,60.64,,70785.68
30-Nov-2019,FRESH MARKET,93.46,,70692.22
30-Nov-2019,PIZZA HUT,50.66,,70641.56
30-Nov-2019,CHEVRON,53.23,,70588.33
1-Dec-2019,ACH CREDIT EMPLOYER PAYROLL,,5896.36,76484.69
2-Dec-2019,AMAZON.COM,253.57,,76231.12
2-Dec-2019,HOME DEPOT,186.81,,76044.31
3-Dec-2019,BILL PAY RENT LANDLORD,1489.43,,74554.88
3-Dec-2019,KROGER #1190,21.29,,74533.59
3-Dec-2019,DOORDASH*RESTAURANT,22.44,,74511.15
4-Dec-2019,FRESH MARKET,94.85,,74416.30
4-Dec-2019,LOCAL BISTRO,27.37,,74388.93
4-Dec-2019,HOME DEPOT,78.11,,74310.82
5-Dec-2019,ALDI 729,80.88,,74229.94
5-Dec-2019,PARKING GARAGE,14.96,,74214.98
6-Dec-2019,APPLE.COM/BILL,180.69,,74034.29
7-Dec-2019,CHIPOTLE ONLINE,12.58,,74021.71
7-Dec-2019,SPOTIFY USA,29.56,,73992.15
7-Dec-2019,DISNEYPLUS,20.67,,73971.48
8-Dec-2019,EZ PASS TOLL,57.04,,73914.44
8-Dec-2019,DISNEYPLUS,54.47,,73859.97
9-Dec-2019,STARBUCKS STORE,69.49,,73790.48
10-Dec-2019,UBER TRIP,68.92,,73721.56
10-Dec-2019,PARKING GARAGE,41.29,,73680.27
11-Dec-2019,ELECTRIC COMPANY,189.26,,73491.01
11-Dec-2019,ELECTRIC COMPANY,81.82,,73409.19
11-Dec-2019,TRADER JOE'S,76.66,,73332.53
12-Dec-2019,LOCAL BISTRO,27.84,,73304.69
12-Dec-2019,EZ PASS TOLL,13.63,,73291.06
13-Dec-2019,NIKE STORE,169.67,,73121.39
14-Dec-2019,PARKING GARAGE,44.09,,73077.30
14-Dec-2019,DENTAL CARE,93.66,,72983.64
15-Dec-2019,UBER TRIP,48.51,,72935.13
16-Dec-2019,HOME DEPOT,105.91,,72829.22
18-Dec-2019,ELECTRIC COMPANY,155.47,,72673.75
18-Dec-2019,DISNEYPLUS,63.60,,72610.15
19-Dec-2019,STARBUCKS STORE,78.73,,72531.42
20-Dec-2019,FRESH MARKET,104.29,,72427.13
20-Dec-2019,SPOTIFY USA,25.32,,72401.81
21-Dec-2019,WHOLE FOODS #4821,44.36,,72357.45
21-Dec-2019,UBER EATS,32.48,,72324.97
21-Dec-2019,MCDONALD'S,40.71,,72284.26
21-Dec-2019,CITY MEDICAL CLINIC,170.67,,72113.59
22-Dec-2019,DOORDASH*RESTAURANT,23.77,,72089.82
22-Dec-2019,BEST BUY,221.67,,71868.15
23-Dec-2019,ACH CREDIT YEAR END BONUS,,998.96,72867.11
24-Dec-2019,METRO TRANSIT,45.40,,72821.71
27-Dec-2019,WALMART SUPERCENTER,77.04,,72744.67
29-Dec-2019,PIZZA HUT,43.70,,72700.97
29-Dec-2019,SHELL OIL,41.28,,72659.69
30-Dec-2019,CHEVRON,52.27,,72607.42
31-Dec-2019,PARKING GARAGE,57.80,,72549.62
1-Jan-2020,IKEA,67.63,,72481.99
2-Jan-2020,EZ PASS TOLL,70.84,,72411.15
2-Jan-2020,AMAZON.COM,72.58,,72338.57
2-Jan-2020,AMAZON MKTP,260.21,,72078.36
3-Jan-2020,ACH CREDIT EMPLOYER PAYROLL,,6208.35,78286.71
3-Jan-2020,BILL PAY RENT LANDLORD,1542.04,,76744.67
3-Jan-2020,TICKETMASTER,54.36,,76690.31
6-Jan-2020,WHOLE FOODS #4821,155.74,,76534.57
6-Jan-2020,LOCAL BISTRO,36.35,,76498.22
6-Jan-2020,STEAM GAMES,29.44,,76468.78
6-Jan-2020,DISNEYPLUS,31.03,,76437.75
7-Jan-2020,COSTCO WHSE,31.98,,76405.77
7-Jan-2020,MCDONALD'S,55.38,,76350.39
8-Jan-2020,SHELL OIL,42.70,,76307.69
9-Jan-2020,CHIPOTLE ONLINE,33.73,,76273.96
9-Jan-2020,SUSHI HOUSE,79.38,,76194.58
9-Jan-2020,LYFT RIDE,16.51,,76178.07
9-Jan-2020,CHEVRON,42.18,,76135.89
9-Jan-2020,EZ PASS TOLL,9.57,,76126.32
11-Jan-2020,TRADER JOE'S,126.66,,75999.66
12-Jan-2020,VERIZON WIRELESS,147.26,,75852.40
13-Jan-2020,METRO TRANSIT,20.00,,75832.40
14-Jan-2020,SHELL OIL,52.62,,75779.78
15-Jan-2020,CITY MEDICAL CLINIC,175.92,,75603.86
15-Jan-2020,INSURANCE ANNUAL PREMIUM,1364.30,,74239.56
17-Jan-2020,MCDONALD'S,26.39,,74213.17
18-Jan-2020,PAYPAL TRANSFER,,252.64,74465.81
18-Jan-2020,KROGER #1190,78.02,,74387.79
20-Jan-2020,WHOLE FOODS #4821,84.11,,74303.68
21-Jan-2020,EZ PASS TOLL,6.26,,74297.42
22-Jan-2020,VERIZON WIRELESS,91.29,,74206.13
23-Jan-2020,MCDONALD'S,82.81,,74123.32
24-Jan-2020,COSTCO WHSE,48.25,,74075.07
24-Jan-2020,PARKING GARAGE,4.87,,74070.20
25-Jan-2020,UBER TRIP,11.48,,74058.72
25-Jan-2020,EZ PASS TOLL,29.68,,74029.04
25-Jan-2020,DENTAL CARE,147.77,,73881.27
28-Jan-2020,UBER EATS,72.76,,73808.51
29-Jan-2020,WALMART SUPERCENTER,119.32,,73689.19
29-Jan-2020,METRO TRANSIT,54.42,,73634.77
1-Feb-2020,WALMART SUPERCENTER,26.51,,73608.26
2-Feb-2020,METRO TRANSIT,40.58,,73567.68
2-Feb-2020,CHEVRON,49.92,,73517.76
3-Feb-2020,ACH CREDIT EMPLOYER PAYROLL,,6044.95,79562.71
3-Feb-2020,BILL PAY RENT LANDLORD,1514.52,,78048.19
3-Feb-2020,UBER EATS,24.59,,78023.60
3-Feb-2020,DISNEYPLUS,34.87,,77988.73
5-Feb-2020,WALMART SUPERCENTER,127.97,,77860.76
7-Feb-2020,TRADER JOE'S,29.52,,77831.24
8-Feb-2020,KROGER #1190,91.43,,77739.81
8-Feb-2020,LYFT RIDE,59.70,,77680.11
8-Feb-2020,STEAM GAMES,50.50,,77629.61
10-Feb-2020,CHIPOTLE ONLINE,8.03,,77621.58
10-Feb-2020,HOME DEPOT,155.19,,77466.39
11-Feb-2020,VENMO CASHOUT,,1050.94,78517.33
11-Feb-2020,EZ PASS TOLL,68.66,,78448.67
11-Feb-2020,AMAZON.COM,157.09,,78291.58
12-Feb-2020,MCDONALD'S,32.30,,78259.28
13-Feb-2020,PLANET FITNESS,73.10,,78186.18
14-Feb-2020,ELECTRIC COMPANY,76.78,,78109.40
15-Feb-2020,LOCAL BISTRO,48.73,,78060.67
15-Feb-2020,PARKING GARAGE,23.42,,78037.25
15-Feb-2020,UBER TRIP,38.01,,77999.24
16-Feb-2020,COMCAST CABLE,87.75,,77911.49
18-Feb-2020,DOORDASH*RESTAURANT,75.75,,77835.74
18-Feb-2020,BEST BUY,119.49,,77716.25
21-Feb-2020,IKEA,220.97,,77495.28
22-Feb-2020,STARBUCKS STORE,59.83,,77435.45
22-Feb-2020,EZ PASS TOLL,35.50,,77399.95
24-Feb-2020,KROGER #1190,115.24,,77284.71
26-Feb-2020,ELECTRIC COMPANY,138.72,,77145.99
26-Feb-2020,VERIZON WIRELESS,141.72,,77004.27
26-Feb-2020,WHOLE FOODS #4821,57.96,,76946.31
27-Feb-2020,CHEVRON,66.34,,76879.97
27-Feb-2020,NIKE STORE,203.12,,76676.85
28-Feb-2020,STEAM GAMES,19.89,,76656.96
29-Feb-2020,NETFLIX.COM,14.47,,76642.49
1-Mar-2020,STARBUCKS STORE,69.76,,76572.73
1-Mar-2020,LYFT RIDE,49.94,,76522.79
1-Mar-2020,CHEVRON,18.30,,76504.49
2-Mar-2020,ACH CREDIT EMPLOYER PAYROLL,,6061.51,82566.00
2-Mar-2020,SHELL OIL,39.07,,82526.93
2-Mar-2020,EZ PASS TOLL,51.19,,82475.74
3-Mar-2020,BILL PAY RENT LANDLORD,1519.99,,80955.75
4-Mar-2020,FRESH MARKET,73.56,,80882.19
5-Mar-2020,WHOLE FOODS #4821,85.05,,80797.14
5-Mar-2020,MCDONALD'S,20.37,,80776.77
5-Mar-2020,DOORDASH*RESTAURANT,44.62,,80732.15
6-Mar-2020,AMAZON MKTP,191.54,,80540.61
7-Mar-2020,METRO TRANSIT,11.76,,80528.85
7-Mar-2020,AMAZON MKTP,25.99,,80502.86
8-Mar-2020,CITY WATER BILL,115.52,,80387.34
8-Mar-2020,NIKE STORE,137.30,,80250.04
8-Mar-2020,CITY MEDICAL CLINIC,60.78,,80189.26
8-Mar-2020,TICKETMASTER,17.69,,80171.57
9-Mar-2020,CHIPOTLE ONLINE,10.46,,80161.11
9-Mar-2020,CHIPOTLE ONLINE,72.46,,80088.65
9-Mar-2020,CHIPOTLE ONLINE,74.56,,80014.09
10-Mar-2020,VENMO CASHOUT,,904.28,80918.37
12-Mar-2020,LYFT RIDE,15.29,,80903.08
14-Mar-2020,ELECTRIC COMPANY,92.46,,80810.62
15-Mar-2020,VERIZON WIRELESS,161.60,,80649.02
16-Mar-2020,FRESH MARKET,148.88,,80500.14
16-Mar-2020,TICKETMASTER,57.15,,80442.99
17-Mar-2020,VERIZON WIRELESS,71.59,,80371.40
17-Mar-2020,KROGER #1190,58.77,,80312.63
17-Mar-2020,EZ PASS TOLL,14.78,,80297.85
18-Mar-2020,PARKING GARAGE,56.01,,80241.84
20-Mar-2020,KROGER #1190,107.24,,80134.60
22-Mar-2020,CVS/PHARMACY,185.02,,79949.58
24-Mar-2020,CHIPOTLE ONLINE,80.24,,79869.34
24-Mar-2020,EZ PASS TOLL,7.56,,79861.78
25-Mar-2020,UBER TRIP,22.66,,79839.12
26-Mar-2020,TRADER JOE'S,140.84,,79698.28
27-Mar-2020,UBER TRIP,63.14,,79635.14
28-Mar-2020,WHOLE FOODS #4821,118.95,,79516.19
28-Mar-2020,EZ PASS TOLL,66.36,,79449.83
2-Apr-2020,ACH CREDIT EMPLOYER PAYROLL,,6197.80,85647.63
2-Apr-2020,BEST BUY,267.28,,85380.35
3-Apr-2020,BILL PAY RENT LANDLORD,1521.01,,83859.34
3-Apr-2020,ALDI 729,91.07,,83768.27
3-Apr-2020,METRO TRANSIT,22.38,,83745.89
3-Apr-2020,AMC THEATRES,15.03,,83730.86
4-Apr-2020,EZ PASS TOLL,34.94,,83695.92
4-Apr-2020,SHELL OIL,68.84,,83627.08
5-Apr-2020,GAS UTILITY,183.69,,83443.39
5-Apr-2020,ALDI 729,57.79,,83385.60
5-Apr-2020,BEST BUY,158.83,,83226.77
5-Apr-2020,ATM WITHDRAWAL,165.01,,83061.76
7-Apr-2020,HOME DEPOT,242.44,,82819.32
9-Apr-2020,CHEVRON,68.94,,82750.38
9-Apr-2020,LYFT RIDE,59.49,,82690.89
12-Apr-2020,COSTCO WHSE,155.66,,82535.23
12-Apr-2020,PIZZA HUT,55.22,,82480.01
12-Apr-2020,DENTAL CARE,71.96,,82408.05
12-Apr-2020,AMC THEATRES,50.29,,82357.76
13-Apr-2020,GAS UTILITY,178.25,,82179.51
13-Apr-2020,CITY MEDICAL CLINIC,172.30,,82007.21
14-Apr-2020,PARKING GARAGE,52.65,,81954.56
14-Apr-2020,IRS USATAXPYMT,1345.73,,80608.83
15-Apr-2020,SUSHI HOUSE,16.91,,80591.92
15-Apr-2020,LYFT RIDE,36.64,,80555.28
16-Apr-2020,UBER EATS,62.81,,80492.47
17-Apr-2020,COSTCO WHSE,51.18,,80441.29
17-Apr-2020,PIZZA HUT,75.76,,80365.53
18-Apr-2020,APPLE.COM/BILL,120.36,,80245.17
18-Apr-2020,HOME DEPOT,249.46,,79995.71
19-Apr-2020,SUSHI HOUSE,18.92,,79976.79
20-Apr-2020,CHEVRON,56.04,,79920.75
21-Apr-2020,LYFT RIDE,51.91,,79868.84
22-Apr-2020,WALMART SUPERCENTER,108.80,,79760.04
22-Apr-2020,COSTCO WHSE,127.62,,79632.42
22-Apr-2020,CHIPOTLE ONLINE,79.10,,79553.32
22-Apr-2020,CHIPOTLE ONLINE,53.95,,79499.37
23-Apr-2020,COMCAST CABLE,105.11,,79394.26
24-Apr-2020,MCDONALD'S,15.91,,79378.35
25-Apr-2020,LOCAL BISTRO,48.58,,79329.77
26-Apr-2020,WALMART SUPERCENTER,90.52,,79239.25
27-Apr-2020,TICKETMASTER,48.16,,79191.09
30-Apr-2020,TRADER JOE'S,55.37,,79135.72
30-Apr-2020,TRADER JOE'S,38.74,,79096.98
30-Apr-2020,SUSHI HOUSE,15.92,,79081.06
30-Apr-2020,LYFT RIDE,36.12,,79044.94
30-Apr-2020,LYFT RIDE,27.04,,79017.90
1-May-2020,SUSHI HOUSE,54.10,,78963.80
1-May-2020,METRO TRANSIT,11.56,,78952.24
2-May-2020,LOCAL BISTRO,22.41,,78929.83
3-May-2020,ACH CREDIT EMPLOYER PAYROLL,,6176.10,85105.93
3-May-2020,BILL PAY RENT LANDLORD,1518.96,,83586.97
4-May-2020,ALDI 729,79.98,,83506.99
4-May-2020,FRESH MARKET,137.40,,83369.59
4-May-2020,DISNEYPLUS,11.53,,83358.06
5-May-2020,TRADER JOE'S,90.60,,83267.46
6-May-2020,COSTCO WHSE,91.38,,83176.08
6-May-2020,FRESH MARKET,153.52,,83022.56
6-May-2020,UBER TRIP,12.93,,83009.63
6-May-2020,BEST BUY,38.34,,82971.29
8-May-2020,LYFT RIDE,29.76,,82941.53
12-May-2020,CHEVRON,10.44,,82931.09
13-May-2020,KROGER #1190,90.02,,82841.07
14-May-2020,CITY WATER BILL,74.55,,82766.52
14-May-2020,FRESH MARKET,99.99,,82666.53
14-May-2020,UBER EATS,36.94,,82629.59
15-May-2020,PAYPAL TRANSFER,,433.20,83062.79
15-May-2020,LYFT RIDE,54.26,,83008.53
16-May-2020,STARBUCKS STORE,66.82,,82941.71
16-May-2020,APPLE.COM/BILL,24.38,,82917.33
17-May-2020,KROGER #1190,51.52,,82865.81
17-May-2020,MCDONALD'S,78.96,,82786.85
18-May-2020,CITY WATER BILL,182.96,,82603.89
19-May-2020,COMCAST CABLE,160.66,,82443.23
20-May-2020,COMCAST CABLE,43.01,,82400.22
20-May-2020,SUSHI HOUSE,46.95,,82353.27
22-May-2020,PARKING GARAGE,32.26,,82321.01
22-May-2020,LYFT RIDE,37.06,,82283.95
25-May-2020,UBER TRIP,6.40,,82277.55
25-May-2020,LYFT RIDE,49.58,,82227.97
25-May-2020,IKEA,64.79,,82163.18
25-May-2020,CVS/PHARMACY,195.07,,81968.11
26-May-2020,WALGREENS,209.15,,81758.96
26-May-2020,NETFLIX.COM,15.84,,81743.12
27-May-2020,TARGET.COM,174.12,,81569.00
30-May-2020,STARBUCKS STORE,65.26,,81503.74
30-May-2020,NIKE STORE,257.27,,81246.47
1-Jun-2020,BEST BUY,154.68,,81091.79
3-Jun-2020,ACH CREDIT EMPLOYER PAYROLL,,6168.70,87260.49
3-Jun-2020,BILL PAY RENT LANDLORD,1545.01,,85715.48
3-Jun-2020,KROGER #1190,37.92,,85677.56
5-Jun-2020,MCDONALD'S,78.47,,85599.09
5-Jun-2020,CITY MEDICAL CLINIC,86.04,,85513.05
6-Jun-2020,EZ PASS TOLL,67.37,,85445.68
7-Jun-2020,APPLE.COM/BILL,60.45,,85385.23
7-Jun-2020,NETFLIX.COM,45.26,,85339.97
9-Jun-2020,COSTCO WHSE,50.83,,85289.14
10-Jun-2020,MCDONALD'S,63.06,,85226.08
12-Jun-2020,WALMART SUPERCENTER,159.98,,85066.10
12-Jun-2020,SHELL OIL,40.51,,85025.59
12-Jun-2020,IKEA,235.46,,84790.13
13-Jun-2020,AMC THEATRES,61.94,,84728.19
15-Jun-2020,CHEVRON,54.12,,84674.07
18-Jun-2020,UBER EATS,13.61,,84660.46
18-Jun-2020,PARKING GARAGE,14.08,,84646.38
19-Jun-2020,LYFT RIDE,63.33,,84583.05
19-Jun-2020,CHEVRON,68.24,,84514.81
19-Jun-2020,PARKING GARAGE,56.68,,84458.13
20-Jun-2020,UBER TRIP,37.17,,84420.96
21-Jun-2020,VENMO CASHOUT,,397.25,84818.21
21-Jun-2020,VENMO PAYMENT,77.10,,84741.11
22-Jun-2020,TRADER JOE'S,98.73,,84642.38
22-Jun-2020,STEAM GAMES,55.39,,84586.99
23-Jun-2020,METRO TRANSIT,60.85,,84526.14
24-Jun-2020,VERIZON WIRELESS,193.68,,84332.46
24-Jun-2020,COMCAST CABLE,153.35,,84179.11
24-Jun-2020,COSTCO WHSE,27.96,,84151.15
24-Jun-2020,LYFT RIDE,8.64,,84142.51
25-Jun-2020,WHOLE FOODS #4821,61.74,,84080.77
25-Jun-2020,STARBUCKS STORE,41.87,,84038.90
25-Jun-2020,AMAZON.COM,241.05,,83797.85
26-Jun-2020,SUSHI HOUSE,58.05,,83739.80
27-Jun-2020,WHOLE FOODS #4821,130.34,,83609.46
27-Jun-2020,SUSHI HOUSE,43.56,,83565.90
27-Jun-2020,SHELL OIL,69.25,,83496.65
28-Jun-2020,LYFT RIDE,32.30,,83464.35
28-Jun-2020,EZ PASS TOLL,56.65,,83407.70
29-Jun-2020,CHEVRON,62.01,,83345.69
29-Jun-2020,DENTAL CARE,193.74,,83151.95
30-Jun-2020,IKEA,241.81,,82910.14
1-Jul-2020,CHEVRON,67.95,,82842.19
3-Jul-2020,ACH CREDIT EMPLOYER PAYROLL,,6207.94,89050.13
3-Jul-2020,BILL PAY RENT LANDLORD,1514.85,,87535.28
3-Jul-2020,CHIPOTLE ONLINE,69.22,,87466.06
3-Jul-2020,DOORDASH*RESTAURANT,32.22,,87433.84
3-Jul-2020,CHEVRON,37.23,,87396.61
5-Jul-2020,TICKETMASTER,23.65,,87372.96
7-Jul-2020,WHOLE FOODS #4821,45.45,,87327.51
8-Jul-2020,VERIZON WIRELESS,63.13,,87264.38
8-Jul-2020,STEAM GAMES,22.55,,87241.83
9-Jul-2020,TRADER JOE'S,67.66,,87174.17
10-Jul-2020,CITY WATER BILL,186.72,,86987.45
10-Jul-2020,IKEA,83.92,,86903.53
10-Jul-2020,DISNEYPLUS,12.33,,86891.20
11-Jul-2020,VENMO CASHOUT,,1193.45,88084.65
12-Jul-2020,KROGER #1190,62.99,,88021.66
13-Jul-2020,KROGER #1190,86.23,,87935.43
13-Jul-2020,PIZZA HUT,82.90,,87852.53
13-Jul-2020,SUSHI HOUSE,16.02,,87836.51
13-Jul-2020,METRO TRANSIT,9.31,,87827.20
13-Jul-2020,CVS/PHARMACY,201.49,,87625.71
14-Jul-2020,SHELL OIL,9.52,,87616.19
14-Jul-2020,UBER TRIP,68.86,,87547.33
17-Jul-2020,WALMART SUPERCENTER,139.07,,87408.26
18-Jul-2020,SHELL OIL,29.78,,87378.48
18-Jul-2020,BEST BUY,236.72,,87141.76
18-Jul-2020,PLANET FITNESS,129.33,,87012.43
19-Jul-2020,WALMART SUPERCENTER,104.68,,86907.75
20-Jul-2020,DOORDASH*RESTAURANT,60.53,,86847.22
21-Jul-2020,IKEA,220.10,,86627.12
21-Jul-2020,AIRLINE TICKET,953.05,,85674.07
22-Jul-2020,PIZZA HUT,57.85,,85616.22
22-Jul-2020,IKEA,32.55,,85583.67
23-Jul-2020,TRADER JOE'S,105.75,,85477.92
23-Jul-2020,ALDI 729,76.31,,85401.61
23-Jul-2020,LOCAL BISTRO,59.83,,85341.78
23-Jul-2020,CHEVRON,49.01,,85292.77
24-Jul-2020,METRO TRANSIT,8.89,,85283.88
24-Jul-2020,CITY MEDICAL CLINIC,148.95,,85134.93
25-Jul-2020,DOORDASH*RESTAURANT,9.56,,85125.37
25-Jul-2020,EZ PASS TOLL,63.63,,85061.74
25-Jul-2020,AMAZON.COM,137.22,,84924.52
26-Jul-2020,KROGER #1190,76.01,,84848.51
26-Jul-2020,CHIPOTLE ONLINE,55.38,,84793.13
27-Jul-2020,METRO TRANSIT,40.16,,84752.97
29-Jul-2020,SPOTIFY USA,10.16,,84742.81
30-Jul-2020,SHELL OIL,71.82,,84670.99
1-Aug-2020,DISNEYPLUS,59.89,,84611.10
3-Aug-2020,ACH CREDIT EMPLOYER PAYROLL,,6095.84,90706.94
3-Aug-2020,BILL PAY RENT LANDLORD,1541.29,,89165.65
3-Aug-2020,CHIPOTLE ONLINE,44.89,,89120.76
5-Aug-2020,SUSHI HOUSE,22.08,,89098.68
5-Aug-2020,CHEVRON,29.68,,89069.00
6-Aug-2020,APPLE.COM/BILL,63.72,,89005.28
7-Aug-2020,COMCAST CABLE,38.40,,88966.88
8-Aug-2020,CITY WATER BILL,53.12,,88913.76
8-Aug-2020,METRO TRANSIT,58.06,,88855.70
9-Aug-2020,CITY WATER BILL,41.16,,88814.54
9-Aug-2020,APPLE.COM/BILL,222.99,,88591.55
10-Aug-2020,TRADER JOE'S,21.56,,88569.99
10-Aug-2020,UBER TRIP,15.26,,88554.73
10-Aug-2020,CITY MEDICAL CLINIC,204.66,,88350.07
13-Aug-2020,STARBUCKS STORE,44.61,,88305.46
13-Aug-2020,AMAZON.COM,34.13,,88271.33
14-Aug-2020,UBER EATS,19.95,,88251.38
14-Aug-2020,IKEA,177.32,,88074.06
16-Aug-2020,CITY WATER BILL,71.39,,88002.67
16-Aug-2020,AIRBNB *STAY,780.48,,87222.19
17-Aug-2020,ATM WITHDRAWAL,50.33,,87171.86
18-Aug-2020,PARKING GARAGE,11.48,,87160.38
19-Aug-2020,ALDI 729,81.84,,87078.54
19-Aug-2020,CITY MEDICAL CLINIC,129.14,,86949.40
19-Aug-2020,DISNEYPLUS,13.89,,86935.51
20-Aug-2020,PARKING GARAGE,45.62,,86889.89
20-Aug-2020,NETFLIX.COM,32.11,,86857.78
21-Aug-2020,EZ PASS TOLL,57.69,,86800.09
21-Aug-2020,EZ PASS TOLL,58.56,,86741.53
22-Aug-2020,WHOLE FOODS #4821,104.46,,86637.07
22-Aug-2020,LYFT RIDE,32.26,,86604.81
22-Aug-2020,UBER TRIP,19.99,,86584.82
24-Aug-2020,FRESH MARKET,110.75,,86474.07
24-Aug-2020,WALMART SUPERCENTER,51.46,,86422.61
24-Aug-2020,LYFT RIDE,8.36,,86414.25
26-Aug-2020,COSTCO WHSE,110.18,,86304.07
26-Aug-2020,MCDONALD'S,53.28,,86250.79
26-Aug-2020,CHEVRON,19.13,,86231.66
27-Aug-2020,WHOLE FOODS #4821,65.21,,86166.45
27-Aug-2020,CITY MEDICAL CLINIC,183.07,,85983.38
29-Aug-2020,PIZZA HUT,31.07,,85952.31
29-Aug-2020,METRO TRANSIT,21.11,,85931.20
31-Aug-2020,KROGER #1190,141.82,,85789.38
1-Sep-2020,ACH CREDIT EMPLOYER PAYROLL,,6082.71,91872.09
1-Sep-2020,IKEA,268.96,,91603.13
2-Sep-2020,METRO TRANSIT,37.77,,91565.36
2-Sep-2020,PARKING GARAGE,44.76,,91520.60
3-Sep-2020,BILL PAY RENT LANDLORD,1534.14,,89986.46
4-Sep-2020,METRO TRANSIT,41.34,,89945.12
6-Sep-2020,AMAZON MKTP,31.52,,89913.60
6-Sep-2020,DENTAL CARE,58.12,,89855.48
7-Sep-2020,IKEA,91.55,,89763.93
8-Sep-2020,NETFLIX.COM,47.77,,89716.16
9-Sep-2020,UBER EATS,6.34,,89709.82
10-Sep-2020,METRO TRANSIT,4.69,,89705.13
10-Sep-2020,LYFT RIDE,14.83,,89690.30
12-Sep-2020,ZELLE FROM CLIENT,,812.29,90502.59
12-Sep-2020,CHIPOTLE ONLINE,81.12,,90421.47
13-Sep-2020,WALMART SUPERCENTER,104.95,,90316.52
13-Sep-2020,BEST BUY,190.95,,90125.57
14-Sep-2020,CITY WATER BILL,40.38,,90085.19
14-Sep-2020,MCDONALD'S,49.59,,90035.60
14-Sep-2020,UBER EATS,6.74,,90028.86
15-Sep-2020,MCDONALD'S,19.69,,90009.17
15-Sep-2020,STARBUCKS STORE,70.05,,89939.12
16-Sep-2020,AMC THEATRES,9.35,,89929.77
17-Sep-2020,WHOLE FOODS #4821,19.26,,89910.51
18-Sep-2020,PARKING GARAGE,38.39,,89872.12
18-Sep-2020,IKEA,131.91,,89740.21
19-Sep-2020,FRESH MARKET,130.71,,89609.50
19-Sep-2020,MCDONALD'S,14.65,,89594.85
20-Sep-2020,PIZZA HUT,6.57,,89588.28
23-Sep-2020,ALDI 729,90.52,,89497.76
24-Sep-2020,SHELL OIL,9.35,,89488.41
25-Sep-2020,GAS UTILITY,79.60,,89408.81
25-Sep-2020,FRESH MARKET,78.91,,89329.90
25-Sep-2020,COSTCO WHSE,61.14,,89268.76
25-Sep-2020,KROGER #1190,143.17,,89125.59
25-Sep-2020,EZ PASS TOLL,16.28,,89109.31
26-Sep-2020,COSTCO WHSE,61.28,,89048.03
26-Sep-2020,LOCAL BISTRO,56.41,,88991.62
27-Sep-2020,PARKING GARAGE,64.28,,88927.34
30-Sep-2020,PARKING GARAGE,65.28,,88862.06
1-Oct-2020,WHOLE FOODS #4821,81.44,,88780.62
1-Oct-2020,HOME DEPOT,34.92,,88745.70
1-Oct-2020,VENMO PAYMENT,240.06,,88505.64
2-Oct-2020,TRADER JOE'S,115.74,,88389.90
2-Oct-2020,COSTCO WHSE,37.07,,88352.83
3-Oct-2020,ACH CREDIT EMPLOYER PAYROLL,,6279.02,94631.85
3-Oct-2020,BILL PAY RENT LANDLORD,1528.38,,93103.47
3-Oct-2020,UBER EATS,63.63,,93039.84
5-Oct-2020,ELECTRIC COMPANY,174.75,,92865.09
5-Oct-2020,FRESH MARKET,134.82,,92730.27
7-Oct-2020,SPOTIFY USA,63.84,,92666.43
9-Oct-2020,GAS UTILITY,131.60,,92534.83
9-Oct-2020,WALMART SUPERCENTER,103.78,,92431.05
9-Oct-2020,WHOLE FOODS #4821,42.88,,92388.17
9-Oct-2020,PARKING GARAGE,17.09,,92371.08
9-Oct-2020,NETFLIX.COM,44.72,,92326.36
10-Oct-2020,PAYPAL TRANSFER,,511.93,92838.29
11-Oct-2020,MCDONALD'S,46.75,,92791.54
11-Oct-2020,CHEVRON,65.82,,92725.72
11-Oct-2020,METRO TRANSIT,64.33,,92661.39
12-Oct-2020,AMAZON.COM,40.86,,92620.53
13-Oct-2020,LYFT RIDE,34.82,,92585.71
13-Oct-2020,AMAZON.COM,220.34,,92365.37
13-Oct-2020,DENTAL CARE,161.49,,92203.88
14-Oct-2020,ELECTRIC COMPANY,81.16,,92122.72
14-Oct-2020,PIZZA HUT,20.63,,92102.09
15-Oct-2020,ALDI 729,45.62,,92056.47
15-Oct-2020,CHIPOTLE ONLINE,8.61,,92047.86
16-Oct-2020,DOORDASH*RESTAURANT,15.94,,92031.92
16-Oct-2020,DISNEYPLUS,49.53,,91982.39
17-Oct-2020,LYFT RIDE,64.53,,91917.86
17-Oct-2020,APPLE.COM/BILL,25.66,,91892.20
18-Oct-2020,CHEVRON,56.74,,91835.46
21-Oct-2020,CITY MEDICAL CLINIC,81.35,,91754.11
22-Oct-2020,METRO TRANSIT,23.25,,91730.86
24-Oct-2020,LOCAL BISTRO,11.68,,91719.18
24-Oct-2020,STARBUCKS STORE,23.33,,91695.85
24-Oct-2020,TICKETMASTER,56.84,,91639.01
25-Oct-2020,SUSHI HOUSE,22.25,,91616.76
27-Oct-2020,WHOLE FOODS #4821,131.37,,91485.39
27-Oct-2020,CHIPOTLE ONLINE,43.45,,91441.94
29-Oct-2020,EZ PASS TOLL,41.31,,91400.63
31-Oct-2020,WHOLE FOODS #4821,143.50,,91257.13
31-Oct-2020,CHEVRON,62.79,,91194.34
31-Oct-2020,DISNEYPLUS,27.37,,91166.97
2-Nov-2020,ACH CREDIT EMPLOYER PAYROLL,,6138.39,97305.36
2-Nov-2020,FRESH MARKET,142.42,,97162.94
2-Nov-2020,WALMART SUPERCENTER,76.24,,97086.70
2-Nov-2020,METRO TRANSIT,26.29,,97060.41
3-Nov-2020,BILL PAY RENT LANDLORD,1527.14,,95533.27
3-Nov-2020,SHELL OIL,20.57,,95512.70
4-Nov-2020,DOORDASH*RESTAURANT,16.78,,95495.92
4-Nov-2020,NETFLIX.COM,43.67,,95452.25
5-Nov-2020,COMCAST CABLE,95.27,,95356.98
5-Nov-2020,ALDI 729,89.94,,95267.04
6-Nov-2020,SHELL OIL,29.13,,95237.91
7-Nov-2020,CHEVRON,6.79,,95231.12
7-Nov-2020,BEST BUY,66.80,,95164.32
7-Nov-2020,AMAZON.COM,97.75,,95066.57
8-Nov-2020,WALMART SUPERCENTER,129.81,,94936.76
8-Nov-2020,SUSHI HOUSE,27.19,,94909.57
8-Nov-2020,UBER TRIP,60.41,,94849.16
8-Nov-2020,APPLE.COM/BILL,20.76,,94828.40
8-Nov-2020,VENMO PAYMENT,202.62,,94625.78
9-Nov-2020,EZ PASS TOLL,16.95,,94608.83
10-Nov-2020,TRADER JOE'S,115.92,,94492.91
10-Nov-2020,STARBUCKS STORE,52.57,,94440.34
10-Nov-2020,SHELL OIL,43.03,,94397.31
11-Nov-2020,EZ PASS TOLL,31.17,,94366.14
11-Nov-2020,NIKE STORE,164.13,,94202.01
11-Nov-2020,TARGET.COM,180.72,,94021.29
12-Nov-2020,TRADER JOE'S,90.04,,93931.25
12-Nov-2020,UBER EATS,32.77,,93898.48
13-Nov-2020,GAS UTILITY,94.96,,93803.52
13-Nov-2020,SUSHI HOUSE,78.89,,93724.63
13-Nov-2020,UBER TRIP,9.73,,93714.90
14-Nov-2020,STEAM GAMES,35.27,,93679.63
15-Nov-2020,DISNEYPLUS,21.16,,93658.47
16-Nov-2020,FRESH MARKET,115.90,,93542.57
16-Nov-2020,METRO TRANSIT,23.64,,93518.93
17-Nov-2020,TARGET.COM,245.66,,93273.27
18-Nov-2020,ALDI 729,86.51,,93186.76
18-Nov-2020,UBER TRIP,38.83,,93147.93
23-Nov-2020,AMAZON.COM,235.09,,92912.84
24-Nov-2020,BEST BUY,135.92,,92776.92
25-Nov-2020,TARGET.COM,31.08,,92745.84
26-Nov-2020,VERIZON WIRELESS,142.77,,92603.07
28-Nov-2020,COSTCO WHSE,38.86,,92564.21
28-Nov-2020,CITY MEDICAL CLINIC,115.42,,92448.79
30-Nov-2020,MCDONALD'S,10.21,,92438.58
1-Dec-2020,FRESH MARKET,46.84,,92391.74
1-Dec-2020,PARKING GARAGE,6.65,,92385.09
1-Dec-2020,METRO TRANSIT,12.62,,92372.47
2-Dec-2020,ACH CREDIT EMPLOYER PAYROLL,,6184.85,98557.32
2-Dec-2020,FRESH MARKET,45.93,,98511.39
2-Dec-2020,DOORDASH*RESTAURANT,83.40,,98427.99
3-Dec-2020,BILL PAY RENT LANDLORD,1528.04,,96899.95
3-Dec-2020,TARGET.COM,81.27,,96818.68
4-Dec-2020,CHEVRON,70.33,,96748.35
6-Dec-2020,MCDONALD'S,39.06,,96709.29
6-Dec-2020,UBER EATS,80.65,,96628.64
7-Dec-2020,DISNEYPLUS,43.64,,96585.00
10-Dec-2020,NIKE STORE,53.99,,96531.01
11-Dec-2020,ALDI 729,65.25,,96465.76
11-Dec-2020,PARKING GARAGE,67.08,,96398.68
11-Dec-2020,LYFT RIDE,10.31,,96388.37
12-Dec-2020,GAS UTILITY,64.10,,96324.27
12-Dec-2020,STEAM GAMES,45.44,,96278.83
14-Dec-2020,PARKING GARAGE,13.59,,96265.24
14-Dec-2020,CITY MEDICAL CLINIC,203.17,,96062.07
15-Dec-2020,EZ PASS TOLL,30.96,,96031.11
16-Dec-2020,VERIZON WIRELESS,137.04,,95894.07
16-Dec-2020,KROGER #1190,78.43,,95815.64
17-Dec-2020,ELECTRIC COMPANY,164.14,,95651.50
17-Dec-2020,TICKETMASTER,28.33,,95623.17
18-Dec-2020,DOORDASH*RESTAURANT,48.69,,95574.48
19-Dec-2020,KROGER #1190,51.07,,95523.41
19-Dec-2020,IKEA,42.69,,95480.72
22-Dec-2020,ACH CREDIT YEAR END BONUS,,1008.12,96488.84
23-Dec-2020,MCDONALD'S,67.04,,96421.80
23-Dec-2020,TARGET.COM,52.93,,96368.87
23-Dec-2020,WALGREENS,203.53,,96165.34
23-Dec-2020,ATM WITHDRAWAL,60.05,,96105.29
24-Dec-2020,VERIZON WIRELESS,97.10,,96008.19
25-Dec-2020,LOCAL BISTRO,54.44,,95953.75
25-Dec-2020,CHEVRON,10.18,,95943.57
25-Dec-2020,SHELL OIL,35.58,,95907.99
26-Dec-2020,CHIPOTLE ONLINE,67.43,,95840.56
27-Dec-2020,UBER TRIP,61.16,,95779.40
27-Dec-2020,SHELL OIL,62.10,,95717.30
28-Dec-2020,SPOTIFY USA,23.90,,95693.40
30-Dec-2020,TRADER JOE'S,67.75,,95625.65
30-Dec-2020,WALMART SUPERCENTER,95.97,,95529.68
1-Jan-2021,MCDONALD'S,20.67,,95509.01
1-Jan-2021,PARKING GARAGE,46.20,,95462.81
2-Jan-2021,ACH CREDIT EMPLOYER PAYROLL,,6426.39,101889.20
3-Jan-2021,BILL PAY RENT LANDLORD,1569.88,,100319.32
4-Jan-2021,WALMART SUPERCENTER,125.83,,100193.49
5-Jan-2021,METRO TRANSIT,30.48,,100163.01
5-Jan-2021,DISNEYPLUS,21.49,,100141.52
7-Jan-2021,CHIPOTLE ONLINE,64.06,,100077.46
7-Jan-2021,EZ PASS TOLL,28.77,,100048.69
8-Jan-2021,PAYPAL TRANSFER,,584.27,100632.96
8-Jan-2021,METRO TRANSIT,12.62,,100620.34
9-Jan-2021,AMAZON.COM,196.86,,100423.48
10-Jan-2021,WHOLE FOODS #4821,64.32,,100359.16
10-Jan-2021,PIZZA HUT,78.38,,100280.78
10-Jan-2021,METRO TRANSIT,28.93,,100251.85
11-Jan-2021,TRADER JOE'S,76.26,,100175.59
12-Jan-2021,TICKETMASTER,39.24,,100136.35
13-Jan-2021,CITY WATER BILL,91.55,,100044.80
14-Jan-2021,LOCAL BISTRO,80.88,,99963.92
15-Jan-2021,GAS UTILITY,192.70,,99771.22
15-Jan-2021,WHOLE FOODS #4821,149.99,,99621.23
15-Jan-2021,EZ PASS TOLL,69.79,,99551.44
15-Jan-2021,INSURANCE ANNUAL PREMIUM,1163.70,,98387.74
16-Jan-2021,PIZZA HUT,48.63,,98339.11
16-Jan-2021,AMAZON MKTP,51.49,,98287.62
18-Jan-2021,METRO TRANSIT,29.86,,98257.76
22-Jan-2021,FRESH MARKET,103.67,,98154.09
22-Jan-2021,CHEVRON,5.67,,98148.42
23-Jan-2021,DENTAL CARE,212.61,,97935.81
25-Jan-2021,IKEA,132.43,,97803.38
26-Jan-2021,SHELL OIL,38.25,,97765.13
26-Jan-2021,METRO TRANSIT,35.82,,97729.31
27-Jan-2021,ALDI 729,45.65,,97683.66
27-Jan-2021,DISNEYPLUS,15.29,,97668.37
29-Jan-2021,CHIPOTLE ONLINE,64.14,,97604.23
29-Jan-2021,SHELL OIL,20.78,,97583.45
29-Jan-2021,AMAZON MKTP,113.72,,97469.73
31-Jan-2021,BEST BUY,124.90,,97344.83
31-Jan-2021,STEAM GAMES,43.82,,97301.01
1-Feb-2021,DENTAL CARE,182.57,,97118.44
2-Feb-2021,ACH CREDIT EMPLOYER PAYROLL,,6380.53,103498.97
2-Feb-2021,TRADER JOE'S,26.08,,103472.89
2-Feb-2021,SUSHI HOUSE,6.52,,103466.37
3-Feb-2021,BILL PAY RENT LANDLORD,1555.24,,101911.13
3-Feb-2021,SHELL OIL,27.98,,101883.15
4-Feb-2021,METRO TRANSIT,61.19,,101821.96
5-Feb-2021,MCDONALD'S,72.71,,101749.25
6-Feb-2021,GAS UTILITY,101.18,,101648.07
7-Feb-2021,TRADER JOE'S,55.18,,101592.89
7-Feb-2021,METRO TRANSIT,56.88,,101536.01
7-Feb-2021,METRO TRANSIT,69.56,,101466.45
9-Feb-2021,IKEA,133.49,,101332.96
10-Feb-2021,TRADER JOE'S,39.14,,101293.82
10-Feb-2021,UBER EATS,30.23,,101263.59
10-Feb-2021,STEAM GAMES,61.94,,101201.65
11-Feb-2021,ZELLE FROM CLIENT,,1041.13,102242.78
11-Feb-2021,SHELL OIL,14.13,,102228.65
11-Feb-2021,AMC THEATRES,38.70,,102189.95
12-Feb-2021,NETFLIX.COM,53.35,,102136.60
13-Feb-2021,WALMART SUPERCENTER,71.63,,102064.97
13-Feb-2021,METRO TRANSIT,53.69,,102011.28
13-Feb-2021,TARGET.COM,162.60,,101848.68
13-Feb-2021,AMAZON.COM,241.05,,101607.63
13-Feb-2021,ZELLE TO FRIEND,185.06,,101422.57
14-Feb-2021,COMCAST CABLE,168.36,,101254.21
14-Feb-2021,AMC THEATRES,57.87,,101196.34
15-Feb-2021,WHOLE FOODS #4821,106.32,,101090.02
15-Feb-2021,MCDONALD'S,76.57,,101013.45
17-Feb-2021,ELECTRIC COMPANY,64.19,,100949.26
18-Feb-2021,TRADER JOE'S,18.46,,100930.80
18-Feb-2021,METRO TRANSIT,60.06,,100870.74
18-Feb-2021,BEST BUY,230.24,,100640.50
19-Feb-2021,CHEVRON,68.46,,100572.04
19-Feb-2021,LYFT RIDE,22.70,,100549.34
20-Feb-2021,STARBUCKS STORE,78.33,,100471.01
21-Feb-2021,EZ PASS TOLL,24.76,,100446.25
21-Feb-2021,CVS/PHARMACY,166.98,,100279.27
22-Feb-2021,MCDONALD'S,28.07,,100251.20
23-Feb-2021,GAS UTILITY,66.81,,100184.39
24-Feb-2021,EZ PASS TOLL,37.56,,100146.83
25-Feb-2021,WHOLE FOODS #4821,91.11,,100055.72
25-Feb-2021,COSTCO WHSE,57.08,,99998.64
25-Feb-2021,METRO TRANSIT,7.14,,99991.50
26-Feb-2021,UBER TRIP,35.76,,99955.74
27-Feb-2021,BEST BUY,214.96,,99740.78
1-Mar-2021,WALMART SUPERCENTER,38.37,,99702.41
1-Mar-2021,SHELL OIL,28.30,,99674.11
2-Mar-2021,ACH CREDIT EMPLOYER PAYROLL,,6382.84,106056.95
2-Mar-2021,SUSHI HOUSE,33.42,,106023.53
2-Mar-2021,AMC THEATRES,27.42,,105996.11
3-Mar-2021,BILL PAY RENT LANDLORD,1584.66,,104411.45
3-Mar-2021,MCDONALD'S,35.11,,104376.34
3-Mar-2021,METRO TRANSIT,31.10,,104345.24
3-Mar-2021,VENMO PAYMENT,139.92,,104205.32
4-Mar-2021,FRESH MARKET,139.74,,104065.58
4-Mar-2021,KROGER #1190,106.96,,103958.62
5-Mar-2021,ALDI 729,126.82,,103831.80
5-Mar-2021,CVS/PHARMACY,173.63,,103658.17
6-Mar-2021,VERIZON WIRELESS,39.79,,103618.38
8-Mar-2021,FRESH MARKET,101.64,,103516.74
9-Mar-2021,KROGER #1190,53.01,,103463.73
9-Mar-2021,COSTCO WHSE,84.45,,103379.28
9-Mar-2021,METRO TRANSIT,48.73,,103330.55
10-Mar-2021,HOME DEPOT,29.23,,103301.32
11-Mar-2021,PIZZA HUT,13.74,,103287.58
12-Mar-2021,KROGER #1190,134.02,,103153.56
14-Mar-2021,STARBUCKS STORE,24.77,,103128.79
14-Mar-2021,AMAZON MKTP,70.83,,103057.96
15-Mar-2021,AMAZON.COM,159.82,,102898.14
15-Mar-2021,TICKETMASTER,47.63,,102850.51
19-Mar-2021,LYFT RIDE,46.61,,102803.90
19-Mar-2021,LYFT RIDE,52.27,,102751.63
20-Mar-2021,ELECTRIC COMPANY,55.67,,102695.96
21-Mar-2021,PARKING GARAGE,57.17,,102638.79
22-Mar-2021,SHELL OIL,56.76,,102582.03
23-Mar-2021,LOCAL BISTRO,39.70,,102542.33
23-Mar-2021,IKEA,247.04,,102295.29
23-Mar-2021,NETFLIX.COM,36.71,,102258.58
24-Mar-2021,ZELLE FROM CLIENT,,980.34,103238.92
24-Mar-2021,CITY WATER BILL,69.99,,103168.93
24-Mar-2021,SHELL OIL,24.04,,103144.89
24-Mar-2021,EZ PASS TOLL,62.77,,103082.12
25-Mar-2021,MCDONALD'S,27.82,,103054.30
28-Mar-2021,CVS/PHARMACY,17.51,,103036.79
28-Mar-2021,DISNEYPLUS,53.79,,102983.00
29-Mar-2021,WALMART SUPERCENTER,110.06,,102872.94
29-Mar-2021,PARKING GARAGE,11.10,,102861.84
30-Mar-2021,UBER TRIP,44.10,,102817.74
30-Mar-2021,STEAM GAMES,24.99,,102792.75
31-Mar-2021,STARBUCKS STORE,24.56,,102768.19
31-Mar-2021,CHIPOTLE ONLINE,59.38,,102708.81
1-Apr-2021,SHELL OIL,53.21,,102655.60
1-Apr-2021,LYFT RIDE,31.27,,102624.33
2-Apr-2021,ACH CREDIT EMPLOYER PAYROLL,,6568.21,109192.54
3-Apr-2021,BILL PAY RENT LANDLORD,1575.21,,107617.33
3-Apr-2021,COSTCO WHSE,131.93,,107485.40
3-Apr-2021,ALDI 729,126.22,,107359.18
3-Apr-2021,STEAM GAMES,22.62,,107336.56
4-Apr-2021,CHEVRON,67.54,,107269.02
4-Apr-2021,SPOTIFY USA,56.38,,107212.64
6-Apr-2021,HOME DEPOT,93.89,,107118.75
8-Apr-2021,STEAM GAMES,29.03,,107089.72
9-Apr-2021,PIZZA HUT,33.12,,107056.60
10-Apr-2021,LYFT RIDE,15.31,,107041.29
11-Apr-2021,IRS USATAXPYMT,593.80,,106447.49
12-Apr-2021,GAS UTILITY,158.09,,106289.40
12-Apr-2021,WHOLE FOODS #4821,45.39,,106244.01
14-Apr-2021,GAS UTILITY,121.34,,106122.67
14-Apr-2021,DOORDASH*RESTAURANT,84.24,,106038.43
15-Apr-2021,PARKING GARAGE,59.18,,105979.25
16-Apr-2021,SUSHI HOUSE,12.49,,105966.76
16-Apr-2021,HOME DEPOT,16.83,,105949.93
17-Apr-2021,AMAZON.COM,240.47,,105709.46
18-Apr-2021,WALMART SUPERCENTER,75.38,,105634.08
21-Apr-2021,MCDONALD'S,36.90,,105597.18
21-Apr-2021,IKEA,126.45,,105470.73
22-Apr-2021,LOCAL BISTRO,14.18,,105456.55
22-Apr-2021,CHIPOTLE ONLINE,67.30,,105389.25
22-Apr-2021,CHIPOTLE ONLINE,84.64,,105304.61
23-Apr-2021,SPOTIFY USA,24.17,,105280.44
24-Apr-2021,SHELL OIL,7.43,,105273.01
27-Apr-2021,APPLE.COM/BILL,98.05,,105174.96
28-Apr-2021,MCDONALD'S,16.59,,105158.37
28-Apr-2021,MCDONALD'S,24.30,,105134.07
28-Apr-2021,LYFT RIDE,16.70,,105117.37
29-Apr-2021,CHEVRON,23.48,,105093.89
30-Apr-2021,COSTCO WHSE,156.61,,104937.28
30-Apr-2021,TRADER JOE'S,30.64,,104906.64
30-Apr-2021,LYFT RIDE,28.95,,104877.69
30-Apr-2021,CITY MEDICAL CLINIC,195.68,,104682.01
2-May-2021,ACH CREDIT EMPLOYER PAYROLL,,6403.06,111085.07
2-May-2021,DOORDASH*RESTAURANT,33.42,,111051.65
3-May-2021,BILL PAY RENT LANDLORD,1592.49,,109459.16
3-May-2021,CVS/PHARMACY,164.85,,109294.31
4-May-2021,TRADER JOE'S,64.58,,109229.73
4-May-2021,PIZZA HUT,19.84,,109209.89
4-May-2021,LOCAL BISTRO,14.08,,109195.81
4-May-2021,LOCAL BISTRO,41.11,,109154.70
4-May-2021,PARKING GARAGE,11.93,,109142.77
4-May-2021,AMC THEATRES,50.23,,109092.54
6-May-2021,CHEVRON,23.37,,109069.17
6-May-2021,AMAZON.COM,222.57,,108846.60
8-May-2021,TRADER JOE'S,56.59,,108790.01
9-May-2021,WHOLE FOODS #4821,87.33,,108702.68
9-May-2021,UBER TRIP,4.54,,108698.14
11-May-2021,COSTCO WHSE,112.16,,108585.98
11-May-2021,CHEVRON,41.04,,108544.94
11-May-2021,APPLE.COM/BILL,279.02,,108265.92
12-May-2021,CITY WATER BILL,134.96,,108130.96
12-May-2021,COSTCO WHSE,127.47,,108003.49
12-May-2021,DOORDASH*RESTAURANT,43.62,,107959.87
12-May-2021,CHEVRON,38.62,,107921.25
14-May-2021,MCDONALD'S,41.47,,107879.78
14-May-2021,PARKING GARAGE,8.42,,107871.36
16-May-2021,EZ PASS TOLL,65.92,,107805.44
16-May-2021,TARGET.COM,54.33,,107751.11
16-May-2021,AMC THEATRES,55.22,,107695.89
18-May-2021,AMC THEATRES,62.03,,107633.86
21-May-2021,COSTCO WHSE,23.68,,107610.18
22-May-2021,AMAZON MKTP,91.03,,107519.15
23-May-2021,LOCAL BISTRO,29.14,,107490.01
25-May-2021,CITY WATER BILL,83.55,,107406.46
25-May-2021,TRADER JOE'S,76.22,,107330.24
25-May-2021,CVS/PHARMACY,51.91,,107278.33
26-May-2021,TARGET.COM,61.18,,107217.15
28-May-2021,MCDONALD'S,33.21,,107183.94
30-May-2021,ALDI 729,123.96,,107059.98
30-May-2021,EZ PASS TOLL,20.72,,107039.26
31-May-2021,COSTCO WHSE,37.24,,107002.02
31-May-2021,WALGREENS,141.28,,106860.74
2-Jun-2021,ACH CREDIT EMPLOYER PAYROLL,,6280.41,113141.15
2-Jun-2021,TRADER JOE'S,103.11,,113038.04
3-Jun-2021,BILL PAY RENT LANDLORD,1561.45,,111476.59
3-Jun-2021,TRADER JOE'S,27.15,,111449.44
3-Jun-2021,PARKING GARAGE,67.20,,111382.24
4-Jun-2021,UBER EATS,19.07,,111363.17
4-Jun-2021,CHEVRON,55.05,,111308.12
6-Jun-2021,WHOLE FOODS #4821,48.31,,111259.81
6-Jun-2021,PLANET FITNESS,192.91,,111066.90
8-Jun-2021,LOCAL BISTRO,62.60,,111004.30
8-Jun-2021,NIKE STORE,157.23,,110847.07
9-Jun-2021,AMAZON MKTP,124.98,,110722.09
10-Jun-2021,MCDONALD'S,18.02,,110704.07
10-Jun-2021,EZ PASS TOLL,34.54,,110669.53
10-Jun-2021,SHELL OIL,37.57,,110631.96
11-Jun-2021,BEST BUY,23.28,,110608.68
11-Jun-2021,DISNEYPLUS,10.79,,110597.89
11-Jun-2021,TICKETMASTER,57.04,,110540.85
12-Jun-2021,NETFLIX.COM,31.12,,110509.73
13-Jun-2021,KROGER #1190,63.80,,110445.93
13-Jun-2021,SHELL OIL,9.80,,110436.13
14-Jun-2021,GAS UTILITY,49.30,,110386.83
14-Jun-2021,UBER TRIP,67.60,,110319.23
14-Jun-2021,ATM WITHDRAWAL,98.74,,110220.49
15-Jun-2021,ALDI 729,19.05,,110201.44
15-Jun-2021,METRO TRANSIT,64.73,,110136.71
15-Jun-2021,CHEVRON,11.16,,110125.55
15-Jun-2021,PARKING GARAGE,18.24,,110107.31
16-Jun-2021,CHIPOTLE ONLINE,82.99,,110024.32
16-Jun-2021,HOME DEPOT,195.66,,109828.66
17-Jun-2021,AMAZON.COM,30.84,,109797.82
20-Jun-2021,PARKING GARAGE,58.46,,109739.36
20-Jun-2021,DISNEYPLUS,39.58,,109699.78
21-Jun-2021,PIZZA HUT,74.38,,109625.40
21-Jun-2021,IKEA,20.24,,109605.16
23-Jun-2021,APPLE.COM/BILL,125.37,,109479.79
24-Jun-2021,STARBUCKS STORE,57.63,,109422.16
26-Jun-2021,COMCAST CABLE,124.57,,109297.59
26-Jun-2021,CVS/PHARMACY,192.93,,109104.66
27-Jun-2021,FRESH MARKET,27.88,,109076.78
1-Jul-2021,ACH CREDIT EMPLOYER PAYROLL,,6420.34,115497.12
3-Jul-2021,BILL PAY RENT LANDLORD,1577.54,,113919.58
3-Jul-2021,CHEVRON,53.94,,113865.64
3-Jul-2021,LYFT RIDE,56.68,,113808.96
5-Jul-2021,PARKING GARAGE,48.92,,113760.04
6-Jul-2021,KROGER #1190,85.55,,113674.49
6-Jul-2021,ZELLE TO FRIEND,123.63,,113550.86
7-Jul-2021,STARBUCKS STORE,30.64,,113520.22
9-Jul-2021,FRESH MARKET,83.01,,113437.21
10-Jul-2021,COSTCO WHSE,103.17,,113334.04
10-Jul-2021,COSTCO WHSE,31.89,,113302.15
11-Jul-2021,PIZZA HUT,58.79,,113243.36
11-Jul-2021,DISNEYPLUS,15.45,,113227.91
12-Jul-2021,AMC THEATRES,63.20,,113164.71
13-Jul-2021,FRESH MARKET,114.79,,113049.92
13-Jul-2021,TARGET.COM,182.29,,112867.63
14-Jul-2021,KROGER #1190,71.69,,112795.94
15-Jul-2021,LYFT RIDE,40.92,,112755.02
15-Jul-2021,AIRBNB *STAY,397.87,,112357.15
16-Jul-2021,ALDI 729,20.82,,112336.33
16-Jul-2021,PARKING GARAGE,67.12,,112269.21
16-Jul-2021,AMAZON MKTP,265.66,,112003.55
17-Jul-2021,SUSHI HOUSE,21.32,,111982.23
17-Jul-2021,METRO TRANSIT,16.29,,111965.94
17-Jul-2021,CHEVRON,70.98,,111894.96
18-Jul-2021,LOCAL BISTRO,44.80,,111850.16
18-Jul-2021,DENTAL CARE,154.28,,111695.88
18-Jul-2021,NETFLIX.COM,52.34,,111643.54
19-Jul-2021,WHOLE FOODS #4821,112.14,,111531.40
21-Jul-2021,AMAZON.COM,183.07,,111348.33
22-Jul-2021,SHELL OIL,21.21,,111327.12
23-Jul-2021,SUSHI HOUSE,14.60,,111312.52
23-Jul-2021,NIKE STORE,61.69,,111250.83
24-Jul-2021,ELECTRIC COMPANY,175.25,,111075.58
24-Jul-2021,GAS UTILITY,117.99,,110957.59
25-Jul-2021,ELECTRIC COMPANY,153.60,,110803.99
25-Jul-2021,WALMART SUPERCENTER,63.38,,110740.61
25-Jul-2021,SHELL OIL,46.87,,110693.74
28-Jul-2021,PIZZA HUT,12.49,,110681.25
29-Jul-2021,PARKING GARAGE,57.38,,110623.87
31-Jul-2021,SUSHI HOUSE,51.46,,110572.41
31-Jul-2021,BEST BUY,136.53,,110435.88
1-Aug-2021,AMAZON.COM,82.12,,110353.76
3-Aug-2021,ACH CREDIT EMPLOYER PAYROLL,,6268.81,116622.57
3-Aug-2021,BILL PAY RENT LANDLORD,1593.81,,115028.76
4-Aug-2021,WHOLE FOODS #4821,57.97,,114970.79
4-Aug-2021,EZ PASS TOLL,26.34,,114944.45
6-Aug-2021,WHOLE FOODS #4821,108.35,,114836.10
6-Aug-2021,EZ PASS TOLL,31.51,,114804.59
6-Aug-2021,DENTAL CARE,62.26,,114742.33
7-Aug-2021,ELECTRIC COMPANY,100.28,,114642.05
7-Aug-2021,WHOLE FOODS #4821,43.43,,114598.62
8-Aug-2021,CHEVRON,22.55,,114576.07
9-Aug-2021,LYFT RIDE,7.32,,114568.75
9-Aug-2021,TICKETMASTER,61.47,,114507.28
11-Aug-2021,CHEVRON,22.63,,114484.65
11-Aug-2021,CHEVRON,39.25,,114445.40
12-Aug-2021,FRESH MARKET,80.03,,114365.37
12-Aug-2021,ALDI 729,146.44,,114218.93
12-Aug-2021,AMC THEATRES,25.04,,114193.89
13-Aug-2021,DENTAL CARE,169.96,,114023.93
16-Aug-2021,HOTEL BOOKING,685.54,,113338.39
17-Aug-2021,BEST BUY,222.56,,113115.83
18-Aug-2021,DOORDASH*RESTAURANT,27.90,,113087.93
18-Aug-2021,MCDONALD'S,29.87,,113058.06
21-Aug-2021,UBER EATS,48.49,,113009.57
22-Aug-2021,METRO TRANSIT,61.57,,112948.00
22-Aug-2021,AMAZON MKTP,110.15,,112837.85
22-Aug-2021,NETFLIX.COM,58.49,,112779.36
24-Aug-2021,MCDONALD'S,82.80,,112696.56
24-Aug-2021,LYFT RIDE,10.33,,112686.23
25-Aug-2021,ELECTRIC COMPANY,137.29,,112548.94
25-Aug-2021,BEST BUY,225.40,,112323.54
26-Aug-2021,WHOLE FOODS #4821,136.85,,112186.69
26-Aug-2021,PIZZA HUT,58.44,,112128.25
27-Aug-2021,COSTCO WHSE,144.96,,111983.29
27-Aug-2021,LOCAL BISTRO,62.69,,111920.60
27-Aug-2021,STEAM GAMES,46.89,,111873.71
28-Aug-2021,SUSHI HOUSE,9.21,,111864.50
29-Aug-2021,PIZZA HUT,79.71,,111784.79
31-Aug-2021,VENMO PAYMENT,180.30,,111604.49
1-Sep-2021,ACH CREDIT EMPLOYER PAYROLL,,6360.80,117965.29
1-Sep-2021,APPLE.COM/BILL,218.31,,117746.98
2-Sep-2021,UBER TRIP,37.31,,117709.67
3-Sep-2021,BILL PAY RENT LANDLORD,1558.38,,116151.29
3-Sep-2021,AMAZON.COM,278.51,,115872.78
4-Sep-2021,TRADER JOE'S,154.03,,115718.75
4-Sep-2021,CHEVRON,46.23,,115672.52
7-Sep-2021,LYFT RIDE,17.65,,115654.87
8-Sep-2021,TRADER JOE'S,91.82,,115563.05
8-Sep-2021,TRADER JOE'S,125.96,,115437.09
11-Sep-2021,VENMO CASHOUT,,877.08,116314.17
11-Sep-2021,CHEVRON,68.77,,116245.40
13-Sep-2021,GAS UTILITY,113.41,,116131.99
13-Sep-2021,DOORDASH*RESTAURANT,10.90,,116121.09
13-Sep-2021,HOME DEPOT,76.09,,116045.00
15-Sep-2021,SUSHI HOUSE,31.37,,116013.63
16-Sep-2021,FRESH MARKET,22.01,,115991.62
16-Sep-2021,DOORDASH*RESTAURANT,25.56,,115966.06
16-Sep-2021,UBER EATS,77.81,,115888.25
18-Sep-2021,DISNEYPLUS,47.77,,115840.48
19-Sep-2021,ZELLE TO FRIEND,273.64,,115566.84
20-Sep-2021,LOCAL BISTRO,8.32,,115558.52
20-Sep-2021,HOME DEPOT,270.36,,115288.16
21-Sep-2021,WALMART SUPERCENTER,108.07,,115180.09
21-Sep-2021,CHIPOTLE ONLINE,18.16,,115161.93
22-Sep-2021,FRESH MARKET,80.93,,115081.00
23-Sep-2021,CHEVRON,51.71,,115029.29
24-Sep-2021,PARKING GARAGE,64.56,,114964.73
24-Sep-2021,AMAZON.COM,89.13,,114875.60
26-Sep-2021,VERIZON WIRELESS,191.42,,114684.18
26-Sep-2021,DOORDASH*RESTAURANT,81.28,,114602.90
26-Sep-2021,AMAZON.COM,39.15,,114563.75
26-Sep-2021,CVS/PHARMACY,145.86,,114417.89
26-Sep-2021,NETFLIX.COM,44.80,,114373.09
28-Sep-2021,NETFLIX.COM,59.59,,114313.50
29-Sep-2021,SHELL OIL,70.33,,114243.17
30-Sep-2021,DOORDASH*RESTAURANT,23.32,,114219.85
30-Sep-2021,LYFT RIDE,11.22,,114208.63
2-Oct-2021,ACH CREDIT EMPLOYER PAYROLL,,6414.28,120622.91
2-Oct-2021,TRADER JOE'S,133.80,,120489.11
2-Oct-2021,LYFT RIDE,60.87,,120428.24
3-Oct-2021,BILL PAY RENT LANDLORD,1593.69,,118834.55
3-Oct-2021,SUSHI HOUSE,47.32,,118787.23
3-Oct-2021,CHEVRON,32.57,,118754.66
7-Oct-2021,KROGER #1190,94.29,,118660.37
7-Oct-2021,SUSHI HOUSE,12.22,,118648.15
8-Oct-2021,SHELL OIL,30.31,,118617.84
8-Oct-2021,WALGREENS,208.32,,118409.52
8-Oct-2021,ATM WITHDRAWAL,40.05,,118369.47
9-Oct-2021,ELECTRIC COMPANY,82.91,,118286.56
9-Oct-2021,ALDI 729,94.95,,118191.61
10-Oct-2021,APPLE.COM/BILL,138.51,,118053.10
11-Oct-2021,DISNEYPLUS,31.19,,118021.91
12-Oct-2021,GAS UTILITY,101.25,,117920.66
13-Oct-2021,COSTCO WHSE,150.80,,117769.86
13-Oct-2021,CHEVRON,54.34,,117715.52
15-Oct-2021,NIKE STORE,73.07,,117642.45
18-Oct-2021,CITY WATER BILL,154.52,,117487.93
19-Oct-2021,PIZZA HUT,16.02,,117471.91
19-Oct-2021,AMAZON MKTP,97.97,,117373.94
19-Oct-2021,TICKETMASTER,16.32,,117357.62
20-Oct-2021,SUSHI HOUSE,33.03,,117324.59
20-Oct-2021,NIKE STORE,19.40,,117305.19
21-Oct-2021,IKEA,167.71,,117137.48
22-Oct-2021,ALDI 729,127.96,,117009.52
22-Oct-2021,EZ PASS TOLL,70.14,,116939.38
22-Oct-2021,CHEVRON,12.63,,116926.75
23-Oct-2021,PAYPAL TRANSFER,,230.37,117157.12
24-Oct-2021,ELECTRIC COMPANY,128.66,,117028.46
24-Oct-2021,EZ PASS TOLL,8.92,,117019.54
25-Oct-2021,WALMART SUPERCENTER,116.97,,116902.57
26-Oct-2021,STARBUCKS STORE,7.16,,116895.41
26-Oct-2021,UBER EATS,33.96,,116861.45
26-Oct-2021,SHELL OIL,42.76,,116818.69
29-Oct-2021,COSTCO WHSE,105.35,,116713.34
31-Oct-2021,PARKING GARAGE,66.06,,116647.28
31-Oct-2021,TARGET.COM,83.60,,116563.68
31-Oct-2021,TICKETMASTER,26.58,,116537.10
1-Nov-2021,ACH CREDIT EMPLOYER PAYROLL,,6341.97,122879.07
1-Nov-2021,KROGER #1190,90.79,,122788.28
1-Nov-2021,SHELL OIL,40.11,,122748.17
1-Nov-2021,PLANET FITNESS,26.20,,122721.97
3-Nov-2021,BILL PAY RENT LANDLORD,1572.46,,121149.51
3-Nov-2021,SHELL OIL,29.58,,121119.93
4-Nov-2021,WALGREENS,191.33,,120928.60
5-Nov-2021,UBER EATS,8.30,,120920.30
6-Nov-2021,WALMART SUPERCENTER,34.25,,120886.05
6-Nov-2021,NIKE STORE,89.79,,120796.26
7-Nov-2021,MCDONALD'S,24.17,,120772.09
7-Nov-2021,BEST BUY,14.94,,120757.15
7-Nov-2021,AMAZON.COM,226.72,,120530.43
8-Nov-2021,COMCAST CABLE,59.21,,120471.22
8-Nov-2021,FRESH MARKET,30.80,,120440.42
11-Nov-2021,BEST BUY,49.96,,120390.46
11-Nov-2021,ETSY.COM,46.77,,120343.69
12-Nov-2021,CITY WATER BILL,65.00,,120278.69
12-Nov-2021,PARKING GARAGE,8.53,,120270.16
14-Nov-2021,VERIZON WIRELESS,82.98,,120187.18
14-Nov-2021,UBER EATS,51.25,,120135.93
14-Nov-2021,CITY MEDICAL CLINIC,174.96,,119960.97
16-Nov-2021,TRADER JOE'S,47.70,,119913.27
16-Nov-2021,TRADER JOE'S,158.42,,119754.85
16-Nov-2021,APPLE.COM/BILL,120.07,,119634.78
18-Nov-2021,DOORDASH*RESTAURANT,59.58,,119575.20
19-Nov-2021,AMAZON.COM,156.56,,119418.64
20-Nov-2021,LYFT RIDE,67.69,,119350.95
21-Nov-2021,SHELL OIL,50.78,,119300.17
21-Nov-2021,STEAM GAMES,45.52,,119254.65
22-Nov-2021,COSTCO WHSE,103.61,,119151.04
22-Nov-2021,UBER EATS,22.42,,119128.62
23-Nov-2021,KROGER #1190,65.75,,119062.87
23-Nov-2021,CHEVRON,44.84,,119018.03
23-Nov-2021,BEST BUY,203.28,,118814.75
24-Nov-2021,STEAM GAMES,13.31,,118801.44
25-Nov-2021,UBER TRIP,16.27,,118785.17
27-Nov-2021,TICKETMASTER,15.11,,118770.06
28-Nov-2021,SUSHI HOUSE,34.87,,118735.19
28-Nov-2021,CHIPOTLE ONLINE,64.29,,118670.90
29-Nov-2021,SHELL OIL,68.43,,118602.47
29-Nov-2021,EZ PASS TOLL,62.26,,118540.21
30-Nov-2021,ALDI 729,74.14,,118466.07
1-Dec-2021,PIZZA HUT,59.10,,118406.97
1-Dec-2021,LYFT RIDE,54.83,,118352.14
1-Dec-2021,AMAZON.COM,45.95,,118306.19
1-Dec-2021,PLANET FITNESS,183.89,,118122.30
2-Dec-2021,UBER EATS,15.04,,118107.26
2-Dec-2021,AMAZON MKTP,249.25,,117858.01
3-Dec-2021,ACH CREDIT EMPLOYER PAYROLL,,6392.78,124250.79
3-Dec-2021,BILL PAY RENT LANDLORD,1566.02,,122684.77
3-Dec-2021,UBER TRIP,35.71,,122649.06
5-Dec-2021,LYFT RIDE,37.24,,122611.82
10-Dec-2021,KROGER #1190,124.70,,122487.12
10-Dec-2021,EZ PASS TOLL,55.03,,122432.09
11-Dec-2021,ZELLE FROM CLIENT,,977.04,123409.13
11-Dec-2021,CITY WATER BILL,151.37,,123257.76
11-Dec-2021,FRESH MARKET,82.48,,123175.28
12-Dec-2021,STARBUCKS STORE,51.69,,123123.59
14-Dec-2021,PARKING GARAGE,66.83,,123056.76
15-Dec-2021,ACH CREDIT YEAR END BONUS,,1785.34,124842.10
15-Dec-2021,VERIZON WIRELESS,61.66,,124780.44
15-Dec-2021,TRADER JOE'S,79.77,,124700.67
15-Dec-2021,EZ PASS TOLL,65.37,,124635.30
17-Dec-2021,ELECTRIC COMPANY,55.05,,124580.25
19-Dec-2021,COSTCO WHSE,54.88,,124525.37
19-Dec-2021,CHEVRON,57.42,,124467.95
20-Dec-2021,FRESH MARKET,146.96,,124320.99
22-Dec-2021,METRO TRANSIT,30.96,,124290.03
25-Dec-2021,PIZZA HUT,69.03,,124221.00
26-Dec-2021,COSTCO WHSE,141.92,,124079.08
26-Dec-2021,NETFLIX.COM,12.51,,124066.57
27-Dec-2021,STARBUCKS STORE,79.46,,123987.11
27-Dec-2021,CVS/PHARMACY,126.78,,123860.33
28-Dec-2021,UBER EATS,39.03,,123821.30
28-Dec-2021,LYFT RIDE,56.36,,123764.94
28-Dec-2021,AMAZON.COM,185.32,,123579.62
29-Dec-2021,EZ PASS TOLL,43.83,,123535.79
29-Dec-2021,SPOTIFY USA,37.94,,123497.85
30-Dec-2021,ZELLE TO FRIEND,197.40,,123300.45
31-Dec-2021,PARKING GARAGE,16.81,,123283.64
1-Jan-2022,ACH CREDIT EMPLOYER PAYROLL,,6781.30,130064.94
1-Jan-2022,IKEA,122.42,,129942.52
2-Jan-2022,WHOLE FOODS #4821,34.08,,129908.44
2-Jan-2022,ALDI 729,103.04,,129805.40
2-Jan-2022,UBER TRIP,34.02,,129771.38
3-Jan-2022,BILL PAY RENT LANDLORD,1601.87,,128169.51
3-Jan-2022,STEAM GAMES,29.43,,128140.08
4-Jan-2022,LOCAL BISTRO,77.01,,128063.07
4-Jan-2022,CITY MEDICAL CLINIC,116.61,,127946.46
5-Jan-2022,NETFLIX.COM,38.94,,127907.52
6-Jan-2022,PIZZA HUT,65.05,,127842.47
7-Jan-2022,LYFT RIDE,71.87,,127770.60
7-Jan-2022,AMAZON MKTP,265.43,,127505.17
8-Jan-2022,VERIZON WIRELESS,142.45,,127362.72
8-Jan-2022,METRO TRANSIT,14.23,,127348.49
8-Jan-2022,DENTAL CARE,27.49,,127321.00
9-Jan-2022,MCDONALD'S,18.80,,127302.20
9-Jan-2022,TARGET.COM,74.39,,127227.81
10-Jan-2022,CHIPOTLE ONLINE,53.32,,127174.49
11-Jan-2022,METRO TRANSIT,27.82,,127146.67
13-Jan-2022,LYFT RIDE,49.31,,127097.36
14-Jan-2022,VERIZON WIRELESS,162.68,,126934.68
14-Jan-2022,STARBUCKS STORE,23.93,,126910.75
15-Jan-2022,VERIZON WIRELESS,146.52,,126764.23
15-Jan-2022,ALDI 729,23.66,,126740.57
15-Jan-2022,INSURANCE ANNUAL PREMIUM,1140.07,,125600.50
16-Jan-2022,VENMO CASHOUT,,764.57,126365.07
16-Jan-2022,METRO TRANSIT,32.49,,126332.58
17-Jan-2022,HOME DEPOT,18.58,,126314.00
19-Jan-2022,WHOLE FOODS #4821,30.12,,126283.88
19-Jan-2022,HOME DEPOT,240.11,,126043.77
20-Jan-2022,AMAZON MKTP,158.65,,125885.12
21-Jan-2022,METRO TRANSIT,69.77,,125815.35
22-Jan-2022,CHIPOTLE ONLINE,56.84,,125758.51
23-Jan-2022,DOORDASH*RESTAURANT,14.39,,125744.12
24-Jan-2022,LOCAL BISTRO,56.48,,125687.64
25-Jan-2022,COSTCO WHSE,112.50,,125575.14
25-Jan-2022,MCDONALD'S,12.13,,125563.01
27-Jan-2022,LOCAL BISTRO,22.90,,125540.11
27-Jan-2022,PARKING GARAGE,27.79,,125512.32
27-Jan-2022,STEAM GAMES,32.92,,125479.40
28-Jan-2022,COSTCO WHSE,96.31,,125383.09
28-Jan-2022,UBER TRIP,25.49,,125357.60
30-Jan-2022,WHOLE FOODS #4821,96.27,,125261.33
30-Jan-2022,SHELL OIL,24.30,,125237.03
30-Jan-2022,PARKING GARAGE,29.10,,125207.93
30-Jan-2022,CHEVRON,68.97,,125138.96
1-Feb-2022,WALMART SUPERCENTER,132.50,,125006.46
1-Feb-2022,LOCAL BISTRO,10.98,,124995.48
2-Feb-2022,UBER EATS,31.72,,124963.76
2-Feb-2022,SHELL OIL,10.77,,124952.99
2-Feb-2022,AMAZON.COM,183.08,,124769.91
3-Feb-2022,ACH CREDIT EMPLOYER PAYROLL,,6544.87,131314.78
3-Feb-2022,BILL PAY RENT LANDLORD,1603.15,,129711.63
3-Feb-2022,AMAZON MKTP,91.61,,129620.02
5-Feb-2022,CITY WATER BILL,53.37,,129566.65
5-Feb-2022,GAS UTILITY,159.56,,129407.09
5-Feb-2022,LOCAL BISTRO,19.13,,129387.96
6-Feb-2022,WHOLE FOODS #4821,156.40,,129231.56
7-Feb-2022,METRO TRANSIT,31.09,,129200.47
8-Feb-2022,WHOLE FOODS #4821,129.46,,129071.01
8-Feb-2022,UBER TRIP,68.37,,129002.64
8-Feb-2022,AMC THEATRES,55.86,,128946.78
10-Feb-2022,DISNEYPLUS,9.87,,128936.91
12-Feb-2022,KROGER #1190,77.36,,128859.55
13-Feb-2022,LYFT RIDE,7.72,,128851.83
14-Feb-2022,MCDONALD'S,20.66,,128831.17
14-Feb-2022,CVS/PHARMACY,160.11,,128671.06
14-Feb-2022,NETFLIX.COM,49.06,,128622.00
15-Feb-2022,PARKING GARAGE,8.76,,128613.24
15-Feb-2022,AMAZON.COM,167.24,,128446.00
16-Feb-2022,KROGER #1190,58.56,,128387.44
16-Feb-2022,TARGET.COM,129.98,,128257.46
17-Feb-2022,UBER TRIP,38.41,,128219.05
18-Feb-2022,METRO TRANSIT,45.88,,128173.17
18-Feb-2022,BEST BUY,217.22,,127955.95
19-Feb-2022,SHELL OIL,38.68,,127917.27
19-Feb-2022,AMAZON.COM,147.71,,127769.56
20-Feb-2022,UBER TRIP,5.72,,127763.84
21-Feb-2022,FRESH MARKET,35.71,,127728.13
21-Feb-2022,PARKING GARAGE,35.19,,127692.94
22-Feb-2022,CITY WATER BILL,35.16,,127657.78
22-Feb-2022,FRESH MARKET,72.41,,127585.37
22-Feb-2022,STARBUCKS STORE,47.61,,127537.76
23-Feb-2022,PIZZA HUT,30.27,,127507.49
24-Feb-2022,EZ PASS TOLL,66.19,,127441.30
24-Feb-2022,METRO TRANSIT,33.43,,127407.87
26-Feb-2022,MCDONALD'S,59.52,,127348.35
26-Feb-2022,LOCAL BISTRO,30.34,,127318.01
28-Feb-2022,UBER EATS,67.92,,127250.09
1-Mar-2022,CHEVRON,38.13,,127211.96
1-Mar-2022,PLANET FITNESS,157.06,,127054.90
2-Mar-2022,ACH CREDIT EMPLOYER PAYROLL,,6578.91,133633.81
3-Mar-2022,BILL PAY RENT LANDLORD,1630.82,,132002.99
3-Mar-2022,MCDONALD'S,68.09,,131934.90
5-Mar-2022,KROGER #1190,98.67,,131836.23
6-Mar-2022,TRADER JOE'S,122.53,,131713.70
6-Mar-2022,ATM WITHDRAWAL,213.42,,131500.28
7-Mar-2022,MCDONALD'S,81.77,,131418.51
7-Mar-2022,STARBUCKS STORE,41.96,,131376.55
7-Mar-2022,CHEVRON,4.47,,131372.08
7-Mar-2022,CHEVRON,35.88,,131336.20
8-Mar-2022,TARGET.COM,31.32,,131304.88
10-Mar-2022,TRADER JOE'S,25.44,,131279.44
10-Mar-2022,DOORDASH*RESTAURANT,55.67,,131223.77
10-Mar-2022,CHEVRON,21.67,,131202.10
11-Mar-2022,SHELL OIL,66.14,,131135.96
11-Mar-2022,EZ PASS TOLL,24.60,,131111.36
13-Mar-2022,ELECTRIC COMPANY,105.04,,131006.32
13-Mar-2022,SUSHI HOUSE,8.55,,130997.77
13-Mar-2022,NETFLIX.COM,27.75,,130970.02
14-Mar-2022,KROGER #1190,153.18,,130816.84
14-Mar-2022,MCDONALD'S,79.98,,130736.86
14-Mar-2022,EZ PASS TOLL,8.58,,130728.28
15-Mar-2022,KROGER #1190,63.67,,130664.61
15-Mar-2022,CHEVRON,27.25,,130637.36
15-Mar-2022,APPLE.COM/BILL,149.41,,130487.95
16-Mar-2022,WHOLE FOODS #4821,61.12,,130426.83
18-Mar-2022,VERIZON WIRELESS,140.30,,130286.53
18-Mar-2022,SHELL OIL,43.78,,130242.75
21-Mar-2022,WHOLE FOODS #4821,94.66,,130148.09
21-Mar-2022,WALGREENS,77.49,,130070.60
22-Mar-2022,WALMART SUPERCENTER,85.03,,129985.57
22-Mar-2022,LOCAL BISTRO,61.99,,129923.58
22-Mar-2022,UBER TRIP,22.40,,129901.18
23-Mar-2022,METRO TRANSIT,25.24,,129875.94
24-Mar-2022,SPOTIFY USA,29.05,,129846.89
24-Mar-2022,SPOTIFY USA,60.24,,129786.65
25-Mar-2022,WHOLE FOODS #4821,135.97,,129650.68
25-Mar-2022,STARBUCKS STORE,59.90,,129590.78
25-Mar-2022,CVS/PHARMACY,197.44,,129393.34
25-Mar-2022,NETFLIX.COM,33.30,,129360.04
28-Mar-2022,AMAZON.COM,241.35,,129118.69
30-Mar-2022,IKEA,92.66,,129026.03
31-Mar-2022,SHELL OIL,58.73,,128967.30
1-Apr-2022,ACH CREDIT EMPLOYER PAYROLL,,6789.38,135756.68
1-Apr-2022,APPLE.COM/BILL,203.33,,135553.35
1-Apr-2022,TICKETMASTER,34.66,,135518.69
2-Apr-2022,TARGET.COM,220.32,,135298.37
3-Apr-2022,BILL PAY RENT LANDLORD,1614.18,,133684.19
3-Apr-2022,CHIPOTLE ONLINE,39.93,,133644.26
3-Apr-2022,PARKING GARAGE,13.13,,133631.13
6-Apr-2022,COSTCO WHSE,125.25,,133505.88
6-Apr-2022,EZ PASS TOLL,42.83,,133463.05
6-Apr-2022,UBER TRIP,25.89,,133437.16
7-Apr-2022,GAS UTILITY,157.69,,133279.47
7-Apr-2022,PARKING GARAGE,47.41,,133232.06
9-Apr-2022,AMAZON.COM,29.50,,133202.56
9-Apr-2022,ATM WITHDRAWAL,228.14,,132974.42
10-Apr-2022,COSTCO WHSE,66.98,,132907.44
11-Apr-2022,WHOLE FOODS #4821,27.83,,132879.61
11-Apr-2022,CITY MEDICAL CLINIC,45.42,,132834.19
11-Apr-2022,IRS USATAXPYMT,1307.01,,131527.18
12-Apr-2022,CITY WATER BILL,123.79,,131403.39
12-Apr-2022,CHEVRON,20.09,,131383.30
12-Apr-2022,AMAZON MKTP,90.53,,131292.77
14-Apr-2022,GAS UTILITY,38.35,,131254.42
15-Apr-2022,PIZZA HUT,39.81,,131214.61
15-Apr-2022,UBER EATS,42.88,,131171.73
16-Apr-2022,CVS/PHARMACY,26.55,,131145.18
17-Apr-2022,PAYPAL TRANSFER,,802.29,131947.47
17-Apr-2022,COMCAST CABLE,192.43,,131755.04
17-Apr-2022,COSTCO WHSE,70.15,,131684.89
17-Apr-2022,LYFT RIDE,45.02,,131639.87
18-Apr-2022,COSTCO WHSE,141.42,,131498.45
18-Apr-2022,SUSHI HOUSE,32.04,,131466.41
18-Apr-2022,AMC THEATRES,54.72,,131411.69
19-Apr-2022,PARKING GARAGE,61.77,,131349.92
20-Apr-2022,SHELL OIL,31.16,,131318.76
21-Apr-2022,WHOLE FOODS #4821,146.39,,131172.37
21-Apr-2022,TRADER JOE'S,56.64,,131115.73
21-Apr-2022,LOCAL BISTRO,31.01,,131084.72
22-Apr-2022,IKEA,156.89,,130927.83
24-Apr-2022,CHEVRON,67.75,,130860.08
27-Apr-2022,EZ PASS TOLL,71.61,,130788.47
29-Apr-2022,ALDI 729,42.15,,130746.32
29-Apr-2022,DOORDASH*RESTAURANT,66.74,,130679.58
29-Apr-2022,SHELL OIL,26.29,,130653.29
29-Apr-2022,TARGET.COM,67.76,,130585.53
30-Apr-2022,FRESH MARKET,27.63,,130557.90
30-Apr-2022,AMC THEATRES,41.42,,130516.48
1-May-2022,SUSHI HOUSE,11.19,,130505.29
1-May-2022,UBER EATS,24.52,,130480.77
1-May-2022,SPOTIFY USA,12.83,,130467.94
2-May-2022,EZ PASS TOLL,66.92,,130401.02
3-May-2022,ACH CREDIT EMPLOYER PAYROLL,,6621.60,137022.62
3-May-2022,BILL PAY RENT LANDLORD,1602.60,,135420.02
3-May-2022,METRO TRANSIT,55.91,,135364.11
3-May-2022,EZ PASS TOLL,55.83,,135308.28
6-May-2022,FRESH MARKET,132.44,,135175.84
7-May-2022,WHOLE FOODS #4821,36.06,,135139.78
7-May-2022,NIKE STORE,278.62,,134861.16
8-May-2022,PIZZA HUT,58.24,,134802.92
8-May-2022,UBER TRIP,6.43,,134796.49
9-May-2022,ELECTRIC COMPANY,110.86,,134685.63
9-May-2022,SUSHI HOUSE,70.56,,134615.07
9-May-2022,LYFT RIDE,30.93,,134584.14
9-May-2022,STEAM GAMES,18.60,,134565.54
11-May-2022,WHOLE FOODS #4821,46.68,,134518.86
11-May-2022,CHIPOTLE ONLINE,74.44,,134444.42
11-May-2022,IKEA,66.74,,134377.68
13-May-2022,WHOLE FOODS #4821,155.08,,134222.60
13-May-2022,ALDI 729,81.18,,134141.42
13-May-2022,PLANET FITNESS,118.96,,134022.46
14-May-2022,COMCAST CABLE,51.45,,133971.01
14-May-2022,SHELL OIL,63.07,,133907.94
15-May-2022,ELECTRIC COMPANY,102.21,,133805.73
15-May-2022,CHEVRON,5.43,,133800.30
17-May-2022,PIZZA HUT,53.98,,133746.32
19-May-2022,WHOLE FOODS #4821,36.75,,133709.57
22-May-2022,HOME DEPOT,131.71,,133577.86
23-May-2022,AMC THEATRES,36.67,,133541.19
25-May-2022,GAS UTILITY,164.12,,133377.07
28-May-2022,LYFT RIDE,60.93,,133316.14
30-May-2022,TRADER JOE'S,147.78,,133168.36
30-May-2022,SUSHI HOUSE,76.85,,133091.51
30-May-2022,UBER TRIP,37.31,,133054.20
30-May-2022,AMC THEATRES,57.25,,132996.95
31-May-2022,PLANET FITNESS,145.66,,132851.29
1-Jun-2022,ACH CREDIT EMPLOYER PAYROLL,,6633.65,139484.94
1-Jun-2022,ALDI 729,159.58,,139325.36
2-Jun-2022,FRESH MARKET,72.21,,139253.15
2-Jun-2022,LOCAL BISTRO,47.90,,139205.25
2-Jun-2022,DOORDASH*RESTAURANT,45.42,,139159.83
3-Jun-2022,BILL PAY RENT LANDLORD,1619.17,,137540.66
3-Jun-2022,UBER EATS,78.98,,137461.68
3-Jun-2022,PARKING GARAGE,24.75,,137436.93
4-Jun-2022,NETFLIX.COM,50.92,,137386.01
5-Jun-2022,WALMART SUPERCENTER,44.63,,137341.38
5-Jun-2022,LOCAL BISTRO,35.96,,137305.42
5-Jun-2022,EZ PASS TOLL,28.26,,137277.16
6-Jun-2022,FRESH MARKET,72.47,,137204.69
8-Jun-2022,UBER EATS,9.33,,137195.36
10-Jun-2022,LYFT RIDE,68.36,,137127.00
12-Jun-2022,BEST BUY,37.49,,137089.51
12-Jun-2022,BEST BUY,93.83,,136995.68
13-Jun-2022,WALMART SUPERCENTER,31.95,,136963.73
13-Jun-2022,WALMART SUPERCENTER,81.01,,136882.72
13-Jun-2022,LYFT RIDE,5.24,,136877.48
13-Jun-2022,SPOTIFY USA,25.05,,136852.43
14-Jun-2022,AMAZON.COM,133.41,,136719.02
14-Jun-2022,STEAM GAMES,36.11,,136682.91
15-Jun-2022,PARKING GARAGE,41.28,,136641.63
17-Jun-2022,VERIZON WIRELESS,37.76,,136603.87
17-Jun-2022,COMCAST CABLE,193.02,,136410.85
18-Jun-2022,MCDONALD'S,75.46,,136335.39
19-Jun-2022,PLANET FITNESS,21.88,,136313.51
20-Jun-2022,CHIPOTLE ONLINE,16.07,,136297.44
20-Jun-2022,NIKE STORE,257.80,,136039.64
21-Jun-2022,EZ PASS TOLL,27.36,,136012.28
21-Jun-2022,PARKING GARAGE,42.41,,135969.87
21-Jun-2022,TARGET.COM,38.99,,135930.88
21-Jun-2022,SPOTIFY USA,60.49,,135870.39
22-Jun-2022,ELECTRIC COMPANY,50.36,,135820.03
22-Jun-2022,UBER TRIP,44.61,,135775.42
23-Jun-2022,AMAZON.COM,161.04,,135614.38
23-Jun-2022,IKEA,147.36,,135467.02
23-Jun-2022,CITY MEDICAL CLINIC,87.79,,135379.23
24-Jun-2022,ACH CREDIT FREELANCE,,357.86,135737.09
24-Jun-2022,FRESH MARKET,105.77,,135631.32
24-Jun-2022,SPOTIFY USA,53.96,,135577.36
25-Jun-2022,ALDI 729,46.30,,135531.06
25-Jun-2022,PARKING GARAGE,23.90,,135507.16
26-Jun-2022,UBER EATS,9.20,,135497.96
26-Jun-2022,EZ PASS TOLL,68.06,,135429.90
26-Jun-2022,LYFT RIDE,6.40,,135423.50
28-Jun-2022,CITY MEDICAL CLINIC,166.79,,135256.71
29-Jun-2022,METRO TRANSIT,50.81,,135205.90
30-Jun-2022,METRO TRANSIT,39.69,,135166.21
1-Jul-2022,FRESH MARKET,76.16,,135090.05
1-Jul-2022,DOORDASH*RESTAURANT,21.26,,135068.79
1-Jul-2022,TICKETMASTER,64.40,,135004.39
1-Jul-2022,DISNEYPLUS,59.12,,134945.27
2-Jul-2022,ACH CREDIT EMPLOYER PAYROLL,,6698.73,141644.00
2-Jul-2022,LOCAL BISTRO,32.84,,141611.16
3-Jul-2022,BILL PAY RENT LANDLORD,1636.71,,139974.45
4-Jul-2022,METRO TRANSIT,53.21,,139921.24
4-Jul-2022,HOME DEPOT,140.98,,139780.26
6-Jul-2022,BEST BUY,110.63,,139669.63
7-Jul-2022,DOORDASH*RESTAURANT,66.01,,139603.62
7-Jul-2022,AMAZON MKTP,221.73,,139381.89
9-Jul-2022,CITY WATER BILL,126.48,,139255.41
9-Jul-2022,COSTCO WHSE,68.77,,139186.64
10-Jul-2022,APPLE.COM/BILL,129.78,,139056.86
11-Jul-2022,WALMART SUPERCENTER,134.77,,138922.09
11-Jul-2022,LYFT RIDE,69.19,,138852.90
12-Jul-2022,KROGER #1190,142.97,,138709.93
13-Jul-2022,ELECTRIC COMPANY,168.81,,138541.12
14-Jul-2022,CITY WATER BILL,130.79,,138410.33
15-Jul-2022,LOCAL BISTRO,77.93,,138332.40
15-Jul-2022,AMC THEATRES,32.98,,138299.42
15-Jul-2022,HOTEL BOOKING,880.17,,137419.25
16-Jul-2022,COSTCO WHSE,118.02,,137301.23
17-Jul-2022,SHELL OIL,42.83,,137258.40
17-Jul-2022,TARGET.COM,164.38,,137094.02
17-Jul-2022,CITY MEDICAL CLINIC,36.60,,137057.42
17-Jul-2022,SPOTIFY USA,55.27,,137002.15
18-Jul-2022,METRO TRANSIT,34.63,,136967.52
19-Jul-2022,SHELL OIL,4.09,,136963.43
20-Jul-2022,KROGER #1190,150.98,,136812.45
20-Jul-2022,LYFT RIDE,44.62,,136767.83
21-Jul-2022,CHIPOTLE ONLINE,13.51,,136754.32
21-Jul-2022,PARKING GARAGE,38.78,,136715.54
21-Jul-2022,PARKING GARAGE,43.58,,136671.96
22-Jul-2022,ACH CREDIT FREELANCE,,811.42,137483.38
22-Jul-2022,CHEVRON,60.38,,137423.00
23-Jul-2022,DOORDASH*RESTAURANT,30.00,,137393.00
24-Jul-2022,SUSHI HOUSE,67.73,,137325.27
26-Jul-2022,PARKING GARAGE,55.29,,137269.98
27-Jul-2022,TICKETMASTER,45.74,,137224.24
28-Jul-2022,DENTAL CARE,57.27,,137166.97
29-Jul-2022,UBER EATS,36.24,,137130.73
30-Jul-2022,SHELL OIL,15.18,,137115.55
31-Jul-2022,ALDI 729,148.29,,136967.26
1-Aug-2022,ACH CREDIT EMPLOYER PAYROLL,,6540.09,143507.35
1-Aug-2022,METRO TRANSIT,35.02,,143472.33
2-Aug-2022,UBER EATS,67.72,,143404.61
2-Aug-2022,CHEVRON,71.74,,143332.87
3-Aug-2022,BILL PAY RENT LANDLORD,1600.34,,141732.53
3-Aug-2022,STARBUCKS STORE,15.68,,141716.85
3-Aug-2022,CHIPOTLE ONLINE,38.70,,141678.15
4-Aug-2022,DISNEYPLUS,64.87,,141613.28
5-Aug-2022,ALDI 729,151.83,,141461.45
5-Aug-2022,ALDI 729,78.83,,141382.62
7-Aug-2022,KROGER #1190,29.55,,141353.07
8-Aug-2022,CITY WATER BILL,100.71,,141252.36
8-Aug-2022,PIZZA HUT,40.32,,141212.04
11-Aug-2022,GAS UTILITY,83.42,,141128.62
11-Aug-2022,LYFT RIDE,20.59,,141108.03
11-Aug-2022,UBER TRIP,4.92,,141103.11
11-Aug-2022,AMAZON.COM,150.13,,140952.98
11-Aug-2022,ZELLE TO FRIEND,220.71,,140732.27
12-Aug-2022,WHOLE FOODS #4821,157.13,,140575.14
12-Aug-2022,LYFT RIDE,12.20,,140562.94
14-Aug-2022,COMCAST CABLE,169.93,,140393.01
16-Aug-2022,CHEVRON,4.80,,140388.21
17-Aug-2022,ALDI 729,105.84,,140282.37
17-Aug-2022,SHELL OIL,38.30,,140244.07
17-Aug-2022,EZ PASS TOLL,29.72,,140214.35
18-Aug-2022,WALMART SUPERCENTER,90.48,,140123.87
19-Aug-2022,UBER EATS,52.90,,140070.97
19-Aug-2022,APPLE.COM/BILL,232.69,,139838.28
20-Aug-2022,DOORDASH*RESTAURANT,63.90,,139774.38
20-Aug-2022,AIRBNB *STAY,679.18,,139095.20
21-Aug-2022,HOME DEPOT,17.69,,139077.51
21-Aug-2022,PLANET FITNESS,182.89,,138894.62
22-Aug-2022,TICKETMASTER,28.42,,138866.20
23-Aug-2022,EZ PASS TOLL,52.53,,138813.67
24-Aug-2022,PAYPAL TRANSFER,,426.78,139240.45
24-Aug-2022,GAS UTILITY,108.76,,139131.69
27-Aug-2022,AMAZON MKTP,178.61,,138953.08
27-Aug-2022,DISNEYPLUS,27.68,,138925.40
29-Aug-2022,KROGER #1190,119.84,,138805.56
31-Aug-2022,TRADER JOE'S,126.00,,138679.56
31-Aug-2022,LYFT RIDE,40.66,,138638.90
31-Aug-2022,APPLE.COM/BILL,93.88,,138545.02
31-Aug-2022,PLANET FITNESS,73.68,,138471.34
1-Sep-2022,ACH CREDIT EMPLOYER PAYROLL,,6591.58,145062.92
1-Sep-2022,WHOLE FOODS #4821,128.73,,144934.19
1-Sep-2022,KROGER #1190,118.67,,144815.52
1-Sep-2022,IKEA,221.77,,144593.75
1-Sep-2022,TARGET.COM,121.76,,144471.99
2-Sep-2022,SPOTIFY USA,50.49,,144421.50
3-Sep-2022,BILL PAY RENT LANDLORD,1609.48,,142812.02
4-Sep-2022,ALDI 729,91.41,,142720.61
5-Sep-2022,WALMART SUPERCENTER,135.59,,142585.02
6-Sep-2022,COSTCO WHSE,57.56,,142527.46
7-Sep-2022,ALDI 729,52.92,,142474.54
8-Sep-2022,CHIPOTLE ONLINE,17.93,,142456.61
9-Sep-2022,EZ PASS TOLL,8.29,,142448.32
10-Sep-2022,UBER TRIP,59.30,,142389.02
12-Sep-2022,AMC THEATRES,19.47,,142369.55
13-Sep-2022,LYFT RIDE,34.13,,142335.42
14-Sep-2022,PIZZA HUT,68.45,,142266.97
15-Sep-2022,GAS UTILITY,49.68,,142217.29
15-Sep-2022,METRO TRANSIT,12.21,,142205.08
16-Sep-2022,METRO TRANSIT,30.90,,142174.18
17-Sep-2022,HOME DEPOT,170.65,,142003.53
19-Sep-2022,TRADER JOE'S,80.81,,141922.72
19-Sep-2022,TRADER JOE'S,47.31,,141875.41
19-Sep-2022,NIKE STORE,141.49,,141733.92
20-Sep-2022,COSTCO WHSE,109.83,,141624.09
20-Sep-2022,STARBUCKS STORE,65.70,,141558.39
20-Sep-2022,EZ PASS TOLL,39.51,,141518.88
21-Sep-2022,CHEVRON,38.77,,141480.11
21-Sep-2022,SHELL OIL,58.85,,141421.26
21-Sep-2022,DENTAL CARE,115.27,,141305.99
22-Sep-2022,VENMO PAYMENT,179.97,,141126.02
23-Sep-2022,LOCAL BISTRO,81.25,,141044.77
24-Sep-2022,COMCAST CABLE,112.04,,140932.73
25-Sep-2022,CHEVRON,15.98,,140916.75
26-Sep-2022,WALMART SUPERCENTER,44.18,,140872.57
28-Sep-2022,SUSHI HOUSE,50.05,,140822.52
28-Sep-2022,DISNEYPLUS,51.82,,140770.70
29-Sep-2022,UBER EATS,38.10,,140732.60
30-Sep-2022,SUSHI HOUSE,6.38,,140726.22
1-Oct-2022,ACH CREDIT EMPLOYER PAYROLL,,6699.96,147426.18
1-Oct-2022,CHIPOTLE ONLINE,28.42,,147397.76
2-Oct-2022,DOORDASH*RESTAURANT,8.10,,147389.66
2-Oct-2022,CHEVRON,69.92,,147319.74
3-Oct-2022,BILL PAY RENT LANDLORD,1600.74,,145719.00
3-Oct-2022,SHELL OIL,66.14,,145652.86
6-Oct-2022,WALMART SUPERCENTER,146.81,,145506.05
8-Oct-2022,COMCAST CABLE,136.77,,145369.28
8-Oct-2022,EZ PASS TOLL,62.73,,145306.55
11-Oct-2022,LOCAL BISTRO,71.40,,145235.15
12-Oct-2022,STARBUCKS STORE,27.28,,145207.87
14-Oct-2022,ELECTRIC COMPANY,99.45,,145108.42
14-Oct-2022,FRESH MARKET,72.18,,145036.24
14-Oct-2022,COSTCO WHSE,87.65,,144948.59
14-Oct-2022,ZELLE TO FRIEND,147.25,,144801.34
15-Oct-2022,METRO TRANSIT,71.99,,144729.35
17-Oct-2022,FRESH MARKET,20.02,,144709.33
17-Oct-2022,HOME DEPOT,189.16,,144520.17
19-Oct-2022,METRO TRANSIT,68.84,,144451.33
19-Oct-2022,CHEVRON,35.43,,144415.90
20-Oct-2022,KROGER #1190,50.48,,144365.42
21-Oct-2022,LYFT RIDE,71.67,,144293.75
21-Oct-2022,EZ PASS TOLL,57.93,,144235.82
21-Oct-2022,HOME DEPOT,74.93,,144160.89
21-Oct-2022,CITY MEDICAL CLINIC,190.93,,143969.96
22-Oct-2022,LYFT RIDE,49.35,,143920.61
23-Oct-2022,WHOLE FOODS #4821,38.85,,143881.76
23-Oct-2022,STARBUCKS STORE,77.16,,143804.60
25-Oct-2022,LOCAL BISTRO,45.88,,143758.72
25-Oct-2022,STEAM GAMES,38.43,,143720.29
26-Oct-2022,STEAM GAMES,42.35,,143677.94
27-Oct-2022,PARKING GARAGE,31.85,,143646.09
28-Oct-2022,TARGET.COM,191.87,,143454.22
29-Oct-2022,ALDI 729,25.88,,143428.34
31-Oct-2022,ALDI 729,30.40,,143397.94
31-Oct-2022,MCDONALD'S,58.29,,143339.65
2-Nov-2022,ACH CREDIT EMPLOYER PAYROLL,,6539.09,149878.74
2-Nov-2022,SUSHI HOUSE,12.89,,149865.85
2-Nov-2022,EZ PASS TOLL,68.04,,149797.81
3-Nov-2022,BILL PAY RENT LANDLORD,1629.79,,148168.02
3-Nov-2022,LYFT RIDE,21.15,,148146.87
3-Nov-2022,NETFLIX.COM,34.04,,148112.83
4-Nov-2022,UBER TRIP,9.84,,148102.99
4-Nov-2022,SHELL OIL,23.60,,148079.39
6-Nov-2022,ALDI 729,151.27,,147928.12
7-Nov-2022,SHELL OIL,46.80,,147881.32
7-Nov-2022,ETSY.COM,198.84,,147682.48
8-Nov-2022,SHELL OIL,33.46,,147649.02
8-Nov-2022,BEST BUY,44.11,,147604.91
8-Nov-2022,APPLE.COM/BILL,49.57,,147555.34
10-Nov-2022,PIZZA HUT,43.89,,147511.45
10-Nov-2022,LOCAL BISTRO,25.34,,147486.11
10-Nov-2022,ETSY.COM,165.47,,147320.64
10-Nov-2022,BEST BUY,47.25,,147273.39
11-Nov-2022,WHOLE FOODS #4821,103.30,,147170.09
11-Nov-2022,PARKING GARAGE,9.70,,147160.39
11-Nov-2022,BEST BUY,28.83,,147131.56
13-Nov-2022,SUSHI HOUSE,20.00,,147111.56
13-Nov-2022,ETSY.COM,226.92,,146884.64
14-Nov-2022,LYFT RIDE,41.84,,146842.80
15-Nov-2022,COSTCO WHSE,121.08,,146721.72
15-Nov-2022,FRESH MARKET,145.61,,146576.11
15-Nov-2022,COSTCO WHSE,110.98,,146465.13
16-Nov-2022,COMCAST CABLE,134.98,,146330.15
16-Nov-2022,UBER EATS,24.33,,146305.82
16-Nov-2022,EZ PASS TOLL,41.81,,146264.01
16-Nov-2022,AMAZON.COM,82.49,,146181.52
17-Nov-2022,TARGET.COM,195.59,,145985.93
18-Nov-2022,STEAM GAMES,52.54,,145933.39
18-Nov-2022,TARGET.COM,152.57,,145780.82
20-Nov-2022,WALGREENS,63.18,,145717.64
21-Nov-2022,VERIZON WIRELESS,165.00,,145552.64
22-Nov-2022,ALDI 729,154.46,,145398.18
22-Nov-2022,TICKETMASTER,21.69,,145376.49
23-Nov-2022,SHELL OIL,17.42,,145359.07
24-Nov-2022,KROGER #1190,144.89,,145214.18
25-Nov-2022,CHEVRON,14.59,,145199.59
26-Nov-2022,ALDI 729,62.91,,145136.68
26-Nov-2022,EZ PASS TOLL,27.73,,145108.95
26-Nov-2022,BEST BUY,49.96,,145058.99
26-Nov-2022,ATM WITHDRAWAL,125.81,,144933.18
29-Nov-2022,MCDONALD'S,72.45,,144860.73
1-Dec-2022,ACH CREDIT EMPLOYER PAYROLL,,6597.40,151458.13
3-Dec-2022,BILL PAY RENT LANDLORD,1637.99,,149820.14
3-Dec-2022,TRADER JOE'S,74.04,,149746.10
4-Dec-2022,CHIPOTLE ONLINE,72.18,,149673.92
6-Dec-2022,KROGER #1190,44.50,,149629.42
6-Dec-2022,LYFT RIDE,59.59,,149569.83
7-Dec-2022,STEAM GAMES,57.77,,149512.06
8-Dec-2022,STARBUCKS STORE,83.65,,149428.41
10-Dec-2022,VERIZON WIRELESS,107.03,,149321.38
10-Dec-2022,CHEVRON,7.97,,149313.41
10-Dec-2022,WALGREENS,75.95,,149237.46
11-Dec-2022,BEST BUY,215.09,,149022.37
12-Dec-2022,COMCAST CABLE,103.06,,148919.31
12-Dec-2022,METRO TRANSIT,21.44,,148897.87
12-Dec-2022,IKEA,125.87,,148772.00
14-Dec-2022,SHELL OIL,7.63,,148764.37
15-Dec-2022,SUSHI HOUSE,29.40,,148734.97
15-Dec-2022,PARKING GARAGE,62.48,,148672.49
16-Dec-2022,VENMO CASHOUT,,387.14,149059.63
16-Dec-2022,CITY WATER BILL,166.63,,148893.00
16-Dec-2022,CHEVRON,35.13,,148857.87
18-Dec-2022,TRADER JOE'S,107.57,,148750.30
18-Dec-2022,AMAZON.COM,91.79,,148658.51
19-Dec-2022,ACH CREDIT YEAR END BONUS,,863.10,149521.61
19-Dec-2022,ALDI 729,131.15,,149390.46
19-Dec-2022,SHELL OIL,10.68,,149379.78
23-Dec-2022,LOCAL BISTRO,28.91,,149350.87
24-Dec-2022,TARGET.COM,132.65,,149218.22
24-Dec-2022,AMAZON MKTP,180.89,,149037.33
25-Dec-2022,SPOTIFY USA,21.99,,149015.34
26-Dec-2022,PIZZA HUT,44.29,,148971.05
26-Dec-2022,MCDONALD'S,6.80,,148964.25
27-Dec-2022,WALMART SUPERCENTER,144.07,,148820.18
27-Dec-2022,METRO TRANSIT,13.89,,148806.29
28-Dec-2022,PARKING GARAGE,19.70,,148786.59
29-Dec-2022,DOORDASH*RESTAURANT,26.84,,148759.75
30-Dec-2022,WHOLE FOODS #4821,67.26,,148692.49
30-Dec-2022,PARKING GARAGE,30.98,,148661.51
30-Dec-2022,AMAZON MKTP,150.85,,148510.66
30-Dec-2022,WALGREENS,30.61,,148480.05
31-Dec-2022,STARBUCKS STORE,53.92,,148426.13
1-Jan-2023,CHEVRON,41.52,,148384.61
2-Jan-2023,ACH CREDIT EMPLOYER PAYROLL,,6860.72,155245.33
2-Jan-2023,WHOLE FOODS #4821,78.11,,155167.22
2-Jan-2023,CHEVRON,13.40,,155153.82
3-Jan-2023,BILL PAY RENT LANDLORD,1679.70,,153474.12
4-Jan-2023,FRESH MARKET,108.15,,153365.97
4-Jan-2023,STARBUCKS STORE,16.71,,153349.26
4-Jan-2023,WALGREENS,53.42,,153295.84
5-Jan-2023,WHOLE FOODS #4821,78.46,,153217.38
5-Jan-2023,TARGET.COM,140.56,,153076.82
5-Jan-2023,VENMO PAYMENT,225.70,,152851.12
6-Jan-2023,EZ PASS TOLL,40.48,,152810.64
7-Jan-2023,DOORDASH*RESTAURANT,6.79,,152803.85
7-Jan-2023,UBER TRIP,12.20,,152791.65
8-Jan-2023,METRO TRANSIT,27.18,,152764.47
9-Jan-2023,DENTAL CARE,129.09,,152635.38
10-Jan-2023,WHOLE FOODS #4821,24.85,,152610.53
11-Jan-2023,HOME DEPOT,169.28,,152441.25
13-Jan-2023,COMCAST CABLE,139.84,,152301.41
13-Jan-2023,COSTCO WHSE,159.75,,152141.66
14-Jan-2023,DOORDASH*RESTAURANT,27.46,,152114.20
14-Jan-2023,NETFLIX.COM,30.19,,152084.01
15-Jan-2023,PLANET FITNESS,75.31,,152008.70
15-Jan-2023,INSURANCE ANNUAL PREMIUM,1257.86,,150750.84
17-Jan-2023,IKEA,213.06,,150537.78
17-Jan-2023,DISNEYPLUS,18.72,,150519.06
18-Jan-2023,ALDI 729,113.07,,150405.99
18-Jan-2023,SUSHI HOUSE,52.88,,150353.11
19-Jan-2023,SUSHI HOUSE,22.89,,150330.22
20-Jan-2023,ALDI 729,18.20,,150312.02
21-Jan-2023,ELECTRIC COMPANY,160.43,,150151.59
21-Jan-2023,LYFT RIDE,11.02,,150140.57
21-Jan-2023,TICKETMASTER,47.34,,150093.23
22-Jan-2023,MCDONALD'S,30.97,,150062.26
23-Jan-2023,TRADER JOE'S,87.33,,149974.93
23-Jan-2023,CHEVRON,17.93,,149957.00
23-Jan-2023,SPOTIFY USA,64.75,,149892.25
24-Jan-2023,MCDONALD'S,19.92,,149872.33
24-Jan-2023,PIZZA HUT,32.87,,149839.46
24-Jan-2023,EZ PASS TOLL,23.97,,149815.49
25-Jan-2023,ELECTRIC COMPANY,164.20,,149651.29
25-Jan-2023,SUSHI HOUSE,49.25,,149602.04
27-Jan-2023,IKEA,227.50,,149374.54
28-Jan-2023,UBER TRIP,68.58,,149305.96
31-Jan-2023,TRADER JOE'S,129.91,,149176.05
1-Feb-2023,ACH CREDIT EMPLOYER PAYROLL,,6811.87,155987.92
1-Feb-2023,PIZZA HUT,16.29,,155971.63
1-Feb-2023,UBER TRIP,47.68,,155923.95
2-Feb-2023,PARKING GARAGE,28.38,,155895.57
3-Feb-2023,BILL PAY RENT LANDLORD,1669.40,,154226.17
3-Feb-2023,WHOLE FOODS #4821,148.05,,154078.12
3-Feb-2023,TRADER JOE'S,30.75,,154047.37
3-Feb-2023,SUSHI HOUSE,11.61,,154035.76
3-Feb-2023,NIKE STORE,193.61,,153842.15
5-Feb-2023,NETFLIX.COM,39.06,,153803.09
6-Feb-2023,ELECTRIC COMPANY,152.59,,153650.50
8-Feb-2023,KROGER #1190,159.22,,153491.28
8-Feb-2023,SHELL OIL,32.33,,153458.95
10-Feb-2023,KROGER #1190,94.53,,153364.42
10-Feb-2023,SUSHI HOUSE,35.15,,153329.27
10-Feb-2023,METRO TRANSIT,64.39,,153264.88
11-Feb-2023,WALMART SUPERCENTER,57.15,,153207.73
11-Feb-2023,UBER TRIP,52.98,,153154.75
11-Feb-2023,PARKING GARAGE,10.10,,153144.65
11-Feb-2023,LYFT RIDE,43.61,,153101.04
12-Feb-2023,SHELL OIL,61.45,,153039.59
14-Feb-2023,FRESH MARKET,131.78,,152907.81
14-Feb-2023,METRO TRANSIT,66.63,,152841.18
14-Feb-2023,SPOTIFY USA,25.81,,152815.37
15-Feb-2023,STARBUCKS STORE,18.55,,152796.82
16-Feb-2023,ALDI 729,42.70,,152754.12
16-Feb-2023,UBER EATS,53.87,,152700.25
17-Feb-2023,PAYPAL TRANSFER,,756.65,153456.90
17-Feb-2023,NIKE STORE,249.21,,153207.69
17-Feb-2023,CVS/PHARMACY,210.96,,152996.73
17-Feb-2023,DENTAL CARE,18.33,,152978.40
18-Feb-2023,MCDONALD'S,15.29,,152963.11
19-Feb-2023,UBER TRIP,68.61,,152894.50
20-Feb-2023,UBER EATS,33.24,,152861.26
21-Feb-2023,EZ PASS TOLL,31.13,,152830.13
22-Feb-2023,PIZZA HUT,80.85,,152749.28
24-Feb-2023,ELECTRIC COMPANY,191.61,,152557.67
25-Feb-2023,APPLE.COM/BILL,73.23,,152484.44
26-Feb-2023,STARBUCKS STORE,61.75,,152422.69
28-Feb-2023,SPOTIFY USA,21.74,,152400.95
1-Mar-2023,KROGER #1190,66.37,,152334.58
2-Mar-2023,ACH CREDIT EMPLOYER PAYROLL,,6759.71,159094.29
2-Mar-2023,LYFT RIDE,9.26,,159085.03
3-Mar-2023,BILL PAY RENT LANDLORD,1657.18,,157427.85
3-Mar-2023,EZ PASS TOLL,41.14,,157386.71
4-Mar-2023,HOME DEPOT,174.14,,157212.57
5-Mar-2023,LYFT RIDE,49.00,,157163.57
5-Mar-2023,SHELL OIL,39.35,,157124.22
6-Mar-2023,STEAM GAMES,28.88,,157095.34
7-Mar-2023,UBER EATS,48.16,,157047.18
9-Mar-2023,COSTCO WHSE,48.65,,156998.53
9-Mar-2023,SPOTIFY USA,51.99,,156946.54
10-Mar-2023,UBER TRIP,57.30,,156889.24
10-Mar-2023,HOME DEPOT,276.04,,156613.20
12-Mar-2023,VERIZON WIRELESS,49.29,,156563.91
12-Mar-2023,CHIPOTLE ONLINE,17.58,,156546.33
12-Mar-2023,CVS/PHARMACY,186.65,,156359.68
13-Mar-2023,KROGER #1190,141.50,,156218.18
13-Mar-2023,UBER EATS,81.74,,156136.44
14-Mar-2023,CHEVRON,48.56,,156087.88
14-Mar-2023,CITY MEDICAL CLINIC,79.14,,156008.74
15-Mar-2023,MCDONALD'S,15.83,,155992.91
15-Mar-2023,CHEVRON,43.07,,155949.84
17-Mar-2023,COSTCO WHSE,115.00,,155834.84
17-Mar-2023,WHOLE FOODS #4821,51.07,,155783.77
18-Mar-2023,METRO TRANSIT,21.43,,155762.34
18-Mar-2023,VENMO PAYMENT,97.63,,155664.71
19-Mar-2023,UBER TRIP,21.34,,155643.37
19-Mar-2023,PARKING GARAGE,67.65,,155575.72
19-Mar-2023,IKEA,72.12,,155503.60
20-Mar-2023,TRADER JOE'S,155.41,,155348.19
20-Mar-2023,PIZZA HUT,28.18,,155320.01
21-Mar-2023,PAYPAL TRANSFER,,1014.48,156334.49
21-Mar-2023,STARBUCKS STORE,75.69,,156258.80
21-Mar-2023,LYFT RIDE,18.81,,156239.99
23-Mar-2023,AMAZON.COM,138.75,,156101.24
24-Mar-2023,CITY WATER BILL,168.79,,155932.45
25-Mar-2023,CITY WATER BILL,180.14,,155752.31
26-Mar-2023,PIZZA HUT,9.64,,155742.67
27-Mar-2023,PARKING GARAGE,57.53,,155685.14
28-Mar-2023,FRESH MARKET,84.09,,155601.05
29-Mar-2023,AMAZON.COM,269.38,,155331.67
30-Mar-2023,WHOLE FOODS #4821,106.34,,155225.33
30-Mar-2023,ALDI 729,98.58,,155126.75
31-Mar-2023,TICKETMASTER,34.76,,155091.99
1-Apr-2023,KROGER #1190,157.97,,154934.02
1-Apr-2023,SUSHI HOUSE,78.46,,154855.56
2-Apr-2023,ACH CREDIT EMPLOYER PAYROLL,,6850.40,161705.96
2-Apr-2023,WALMART SUPERCENTER,148.48,,161557.48
2-Apr-2023,UBER TRIP,7.60,,161549.88
2-Apr-2023,PARKING GARAGE,70.81,,161479.07
2-Apr-2023,CVS/PHARMACY,19.39,,161459.68
3-Apr-2023,BILL PAY RENT LANDLORD,1670.91,,159788.77
3-Apr-2023,HOME DEPOT,45.12,,159743.65
5-Apr-2023,CITY MEDICAL CLINIC,145.42,,159598.23
6-Apr-2023,TARGET.COM,189.83,,159408.40
8-Apr-2023,SHELL OIL,13.99,,159394.41
8-Apr-2023,NETFLIX.COM,41.08,,159353.33
10-Apr-2023,MCDONALD'S,78.28,,159275.05
11-Apr-2023,SUSHI HOUSE,68.86,,159206.19
12-Apr-2023,EZ PASS TOLL,29.02,,159177.17
12-Apr-2023,AMAZON.COM,51.16,,159126.01
13-Apr-2023,GAS UTILITY,134.26,,158991.75
13-Apr-2023,IKEA,254.74,,158737.01
14-Apr-2023,COSTCO WHSE,33.87,,158703.14
14-Apr-2023,TRADER JOE'S,43.17,,158659.97
14-Apr-2023,LYFT RIDE,58.31,,158601.66
14-Apr-2023,IRS USATAXPYMT,1426.66,,157175.00
15-Apr-2023,PLANET FITNESS,198.14,,156976.86
15-Apr-2023,DISNEYPLUS,15.49,,156961.37
15-Apr-2023,DISNEYPLUS,55.10,,156906.27
16-Apr-2023,SHELL OIL,34.72,,156871.55
17-Apr-2023,WHOLE FOODS #4821,45.16,,156826.39
18-Apr-2023,PIZZA HUT,33.01,,156793.38
18-Apr-2023,UBER TRIP,50.82,,156742.56
18-Apr-2023,VENMO PAYMENT,147.07,,156595.49
19-Apr-2023,SUSHI HOUSE,84.92,,156510.57
19-Apr-2023,TICKETMASTER,22.05,,156488.52
20-Apr-2023,AMAZON MKTP,112.23,,156376.29
21-Apr-2023,TRADER JOE'S,74.91,,156301.38
21-Apr-2023,WHOLE FOODS #4821,115.72,,156185.66
21-Apr-2023,CHIPOTLE ONLINE,38.62,,156147.04
22-Apr-2023,VERIZON WIRELESS,150.62,,155996.42
22-Apr-2023,UBER EATS,26.54,,155969.88
25-Apr-2023,VERIZON WIRELESS,104.69,,155865.19
26-Apr-2023,DOORDASH*RESTAURANT,78.81,,155786.38
27-Apr-2023,STARBUCKS STORE,62.50,,155723.88
28-Apr-2023,DOORDASH*RESTAURANT,74.05,,155649.83
28-Apr-2023,CHEVRON,45.59,,155604.24
29-Apr-2023,LOCAL BISTRO,49.91,,155554.33
30-Apr-2023,COSTCO WHSE,70.16,,155484.17
30-Apr-2023,DOORDASH*RESTAURANT,11.36,,155472.81
30-Apr-2023,UBER TRIP,65.35,,155407.46
1-May-2023,ACH CREDIT EMPLOYER PAYROLL,,6814.41,162221.87
1-May-2023,SHELL OIL,11.85,,162210.02
2-May-2023,DOORDASH*RESTAURANT,66.85,,162143.17
2-May-2023,SHELL OIL,71.20,,162071.97
3-May-2023,BILL PAY RENT LANDLORD,1663.51,,160408.46
3-May-2023,DOORDASH*RESTAURANT,21.58,,160386.88
3-May-2023,SUSHI HOUSE,35.59,,160351.29
5-May-2023,SPOTIFY USA,60.17,,160291.12
6-May-2023,WALMART SUPERCENTER,120.52,,160170.60
6-May-2023,UBER TRIP,17.08,,160153.52
6-May-2023,BEST BUY,243.17,,159910.35
7-May-2023,METRO TRANSIT,68.25,,159842.10
7-May-2023,DENTAL CARE,213.42,,159628.68
9-May-2023,TRADER JOE'S,93.22,,159535.46
9-May-2023,DOORDASH*RESTAURANT,25.37,,159510.09
9-May-2023,AMC THEATRES,44.76,,159465.33
11-May-2023,APPLE.COM/BILL,278.59,,159186.74
13-May-2023,FRESH MARKET,49.40,,159137.34
16-May-2023,TARGET.COM,181.99,,158955.35
17-May-2023,ELECTRIC COMPANY,91.39,,158863.96
17-May-2023,CHEVRON,25.11,,158838.85
19-May-2023,LYFT RIDE,5.21,,158833.64
20-May-2023,ACH CREDIT FREELANCE,,1130.37,159964.01
20-May-2023,ELECTRIC COMPANY,134.48,,159829.53
20-May-2023,SHELL OIL,7.03,,159822.50
21-May-2023,AMC THEATRES,56.34,,159766.16
24-May-2023,EZ PASS TOLL,53.96,,159712.20
25-May-2023,DOORDASH*RESTAURANT,18.37,,159693.83
26-May-2023,GAS UTILITY,177.41,,159516.42
27-May-2023,FRESH MARKET,154.73,,159361.69
28-May-2023,TRADER JOE'S,63.80,,159297.89
28-May-2023,ALDI 729,61.77,,159236.12
29-May-2023,UBER TRIP,22.25,,159213.87
29-May-2023,CITY MEDICAL CLINIC,35.60,,159178.27
30-May-2023,WALMART SUPERCENTER,110.41,,159067.86
30-May-2023,AMC THEATRES,9.76,,159058.10
31-May-2023,HOME DEPOT,203.62,,158854.48
31-May-2023,ZELLE TO FRIEND,220.62,,158633.86
1-Jun-2023,LYFT RIDE,7.40,,158626.46
2-Jun-2023,ACH CREDIT EMPLOYER PAYROLL,,6745.65,165372.11
2-Jun-2023,EZ PASS TOLL,18.80,,165353.31
2-Jun-2023,METRO TRANSIT,8.65,,165344.66
3-Jun-2023,BILL PAY RENT LANDLORD,1662.34,,163682.32
3-Jun-2023,PARKING GARAGE,10.72,,163671.60
3-Jun-2023,AMAZON.COM,19.54,,163652.06
4-Jun-2023,FRESH MARKET,53.07,,163598.99
5-Jun-2023,METRO TRANSIT,7.53,,163591.46
7-Jun-2023,ELECTRIC COMPANY,192.27,,163399.19
7-Jun-2023,WHOLE FOODS #4821,136.57,,163262.62
8-Jun-2023,ATM WITHDRAWAL,153.03,,163109.59
9-Jun-2023,CVS/PHARMACY,197.20,,162912.39
10-Jun-2023,ELECTRIC COMPANY,98.13,,162814.26
13-Jun-2023,WALMART SUPERCENTER,95.82,,162718.44
13-Jun-2023,WHOLE FOODS #4821,101.44,,162617.00
13-Jun-2023,TARGET.COM,122.84,,162494.16
14-Jun-2023,COSTCO WHSE,63.35,,162430.81
14-Jun-2023,DISNEYPLUS,47.41,,162383.40
15-Jun-2023,TRADER JOE'S,68.82,,162314.58
15-Jun-2023,SPOTIFY USA,23.61,,162290.97
16-Jun-2023,SUSHI HOUSE,78.29,,162212.68
18-Jun-2023,PIZZA HUT,48.00,,162164.68
20-Jun-2023,SHELL OIL,42.35,,162122.33
21-Jun-2023,SPOTIFY USA,54.22,,162068.11
22-Jun-2023,UBER EATS,58.28,,162009.83
23-Jun-2023,WHOLE FOODS #4821,119.51,,161890.32
23-Jun-2023,SHELL OIL,47.20,,161843.12
23-Jun-2023,CITY MEDICAL CLINIC,131.47,,161711.65
24-Jun-2023,DOORDASH*RESTAURANT,43.52,,161668.13
24-Jun-2023,UBER EATS,63.25,,161604.88
24-Jun-2023,SHELL OIL,52.79,,161552.09
24-Jun-2023,LYFT RIDE,45.45,,161506.64
26-Jun-2023,GAS UTILITY,95.78,,161410.86
26-Jun-2023,CHIPOTLE ONLINE,10.79,,161400.07
26-Jun-2023,TARGET.COM,124.64,,161275.43
28-Jun-2023,TARGET.COM,174.93,,161100.50
1-Jul-2023,ACH CREDIT EMPLOYER PAYROLL,,6882.88,167983.38
1-Jul-2023,PARKING GARAGE,61.65,,167921.73
1-Jul-2023,NETFLIX.COM,64.28,,167857.45
2-Jul-2023,METRO TRANSIT,63.76,,167793.69
3-Jul-2023,BILL PAY RENT LANDLORD,1680.81,,166112.88
3-Jul-2023,KROGER #1190,26.84,,166086.04
3-Jul-2023,UBER EATS,37.46,,166048.58
4-Jul-2023,NETFLIX.COM,21.32,,166027.26
6-Jul-2023,MCDONALD'S,37.00,,165990.26
6-Jul-2023,EZ PASS TOLL,21.44,,165968.82
8-Jul-2023,COMCAST CABLE,87.15,,165881.67
8-Jul-2023,NIKE STORE,155.02,,165726.65
8-Jul-2023,BEST BUY,165.60,,165561.05
9-Jul-2023,VENMO CASHOUT,,1164.44,166725.49
9-Jul-2023,APPLE.COM/BILL,239.92,,166485.57
10-Jul-2023,TRADER JOE'S,150.93,,166334.64
11-Jul-2023,ELECTRIC COMPANY,113.03,,166221.61
12-Jul-2023,CHIPOTLE ONLINE,80.80,,166140.81
12-Jul-2023,METRO TRANSIT,11.07,,166129.74
13-Jul-2023,LYFT RIDE,33.73,,166096.01
14-Jul-2023,ELECTRIC COMPANY,142.23,,165953.78
17-Jul-2023,METRO TRANSIT,52.84,,165900.94
18-Jul-2023,COSTCO WHSE,18.85,,165882.09
18-Jul-2023,LYFT RIDE,24.62,,165857.47
19-Jul-2023,WHOLE FOODS #4821,74.86,,165782.61
19-Jul-2023,UBER TRIP,40.16,,165742.45
20-Jul-2023,COSTCO WHSE,141.25,,165601.20
20-Jul-2023,UBER TRIP,54.48,,165546.72
21-Jul-2023,KROGER #1190,94.96,,165451.76
21-Jul-2023,AMAZON MKTP,211.76,,165240.00
24-Jul-2023,CITY WATER BILL,65.33,,165174.67
24-Jul-2023,CITY MEDICAL CLINIC,105.99,,165068.68
25-Jul-2023,PIZZA HUT,44.36,,165024.32
25-Jul-2023,DOORDASH*RESTAURANT,9.91,,165014.41
27-Jul-2023,PIZZA HUT,59.26,,164955.15
27-Jul-2023,PARKING GARAGE,52.70,,164902.45
28-Jul-2023,UBER EATS,60.71,,164841.74
28-Jul-2023,SPOTIFY USA,57.83,,164783.91
31-Jul-2023,WALMART SUPERCENTER,122.84,,164661.07
31-Jul-2023,UBER TRIP,54.27,,164606.80
31-Jul-2023,DENTAL CARE,136.91,,164469.89
3-Aug-2023,ACH CREDIT EMPLOYER PAYROLL,,6813.30,171283.19
3-Aug-2023,BILL PAY RENT LANDLORD,1667.97,,169615.22
4-Aug-2023,STEAM GAMES,50.44,,169564.78
4-Aug-2023,TICKETMASTER,16.70,,169548.08
5-Aug-2023,AMAZON MKTP,117.18,,169430.90
6-Aug-2023,PIZZA HUT,20.69,,169410.21
6-Aug-2023,APPLE.COM/BILL,259.10,,169151.11
6-Aug-2023,TARGET.COM,242.26,,168908.85
7-Aug-2023,VERIZON WIRELESS,175.68,,168733.17
7-Aug-2023,CHEVRON,45.38,,168687.79
8-Aug-2023,GAS UTILITY,181.55,,168506.24
8-Aug-2023,ALDI 729,52.50,,168453.74
8-Aug-2023,UBER EATS,50.65,,168403.09
8-Aug-2023,WALGREENS,20.02,,168383.07
10-Aug-2023,AIRBNB *STAY,502.84,,167880.23
12-Aug-2023,SUSHI HOUSE,17.00,,167863.23
12-Aug-2023,NETFLIX.COM,13.73,,167849.50
13-Aug-2023,COSTCO WHSE,60.68,,167788.82
14-Aug-2023,METRO TRANSIT,55.03,,167733.79
15-Aug-2023,DOORDASH*RESTAURANT,38.10,,167695.69
16-Aug-2023,FRESH MARKET,137.91,,167557.78
16-Aug-2023,COSTCO WHSE,55.68,,167502.10
16-Aug-2023,UBER EATS,21.69,,167480.41
18-Aug-2023,NIKE STORE,235.27,,167245.14
19-Aug-2023,GAS UTILITY,190.51,,167054.63
19-Aug-2023,WALMART SUPERCENTER,104.86,,166949.77
19-Aug-2023,WHOLE FOODS #4821,153.89,,166795.88
19-Aug-2023,LOCAL BISTRO,13.05,,166782.83
20-Aug-2023,SUSHI HOUSE,9.74,,166773.09
21-Aug-2023,LOCAL BISTRO,44.84,,166728.25
21-Aug-2023,UBER TRIP,64.73,,166663.52
24-Aug-2023,EZ PASS TOLL,63.15,,166600.37
26-Aug-2023,PARKING GARAGE,8.25,,166592.12
29-Aug-2023,COSTCO WHSE,157.81,,166434.31
29-Aug-2023,METRO TRANSIT,61.44,,166372.87
30-Aug-2023,TARGET.COM,257.10,,166115.77
31-Aug-2023,METRO TRANSIT,31.33,,166084.44
31-Aug-2023,METRO TRANSIT,23.71,,166060.73
31-Aug-2023,PLANET FITNESS,40.28,,166020.45
3-Sep-2023,ACH CREDIT EMPLOYER PAYROLL,,6701.78,172722.23
3-Sep-2023,BILL PAY RENT LANDLORD,1680.69,,171041.54
3-Sep-2023,TRADER JOE'S,42.37,,170999.17
4-Sep-2023,EZ PASS TOLL,67.72,,170931.45
5-Sep-2023,SHELL OIL,44.81,,170886.64
5-Sep-2023,PARKING GARAGE,10.80,,170875.84
5-Sep-2023,DISNEYPLUS,54.69,,170821.15
8-Sep-2023,TICKETMASTER,58.72,,170762.43
9-Sep-2023,ZELLE TO FRIEND,134.27,,170628.16
10-Sep-2023,APPLE.COM/BILL,262.84,,170365.32
11-Sep-2023,LOCAL BISTRO,17.71,,170347.61
11-Sep-2023,AMAZON.COM,191.11,,170156.50
11-Sep-2023,TARGET.COM,184.15,,169972.35
12-Sep-2023,TRADER JOE'S,77.12,,169895.23
13-Sep-2023,VERIZON WIRELESS,58.41,,169836.82
13-Sep-2023,FRESH MARKET,74.54,,169762.28
13-Sep-2023,DOORDASH*RESTAURANT,37.49,,169724.79
13-Sep-2023,LYFT RIDE,70.52,,169654.27
14-Sep-2023,LOCAL BISTRO,36.38,,169617.89
15-Sep-2023,ELECTRIC COMPANY,174.83,,169443.06
19-Sep-2023,ZELLE FROM CLIENT,,784.22,170227.28
20-Sep-2023,WHOLE FOODS #4821,135.06,,170092.22
20-Sep-2023,BEST BUY,66.31,,170025.91
20-Sep-2023,AMAZON.COM,140.35,,169885.56
21-Sep-2023,AMAZON MKTP,25.08,,169860.48
22-Sep-2023,METRO TRANSIT,67.03,,169793.45
22-Sep-2023,PARKING GARAGE,47.33,,169746.12
23-Sep-2023,TRADER JOE'S,73.35,,169672.77
23-Sep-2023,PLANET FITNESS,97.11,,169575.66
24-Sep-2023,PARKING GARAGE,48.62,,169527.04
24-Sep-2023,EZ PASS TOLL,44.46,,169482.58
25-Sep-2023,PARKING GARAGE,66.80,,169415.78
26-Sep-2023,TRADER JOE'S,47.41,,169368.37
26-Sep-2023,SUSHI HOUSE,49.80,,169318.57
28-Sep-2023,PIZZA HUT,57.66,,169260.91
29-Sep-2023,WALMART SUPERCENTER,74.80,,169186.11
1-Oct-2023,SHELL OIL,40.51,,169145.60
2-Oct-2023,CVS/PHARMACY,76.58,,169069.02
3-Oct-2023,ACH CREDIT EMPLOYER PAYROLL,,6869.50,175938.52
3-Oct-2023,BILL PAY RENT LANDLORD,1677.65,,174260.87
3-Oct-2023,KROGER #1190,74.71,,174186.16
3-Oct-2023,PARKING GARAGE,8.28,,174177.88
4-Oct-2023,KROGER #1190,131.93,,174045.95
7-Oct-2023,ELECTRIC COMPANY,126.23,,173919.72
9-Oct-2023,KROGER #1190,112.30,,173807.42
9-Oct-2023,METRO TRANSIT,7.06,,173800.36
11-Oct-2023,GAS UTILITY,62.09,,173738.27
11-Oct-2023,KROGER #1190,97.41,,173640.86
11-Oct-2023,PIZZA HUT,61.57,,173579.29
11-Oct-2023,SHELL OIL,60.58,,173518.71
15-Oct-2023,BEST BUY,66.26,,173452.45
17-Oct-2023,VERIZON WIRELESS,167.06,,173285.39
18-Oct-2023,WHOLE FOODS #4821,63.60,,173221.79
19-Oct-2023,CHIPOTLE ONLINE,59.81,,173161.98
20-Oct-2023,BEST BUY,176.55,,172985.43
20-Oct-2023,NETFLIX.COM,49.04,,172936.39
21-Oct-2023,CHEVRON,62.30,,172874.09
22-Oct-2023,COSTCO WHSE,72.24,,172801.85
23-Oct-2023,STARBUCKS STORE,40.01,,172761.84
23-Oct-2023,UBER EATS,38.60,,172723.24
24-Oct-2023,ALDI 729,64.20,,172659.04
24-Oct-2023,EZ PASS TOLL,44.27,,172614.77
24-Oct-2023,TICKETMASTER,10.14,,172604.63
25-Oct-2023,EZ PASS TOLL,17.10,,172587.53
25-Oct-2023,SHELL OIL,41.40,,172546.13
25-Oct-2023,UBER TRIP,71.32,,172474.81
25-Oct-2023,DISNEYPLUS,47.52,,172427.29
26-Oct-2023,DOORDASH*RESTAURANT,11.47,,172415.82
27-Oct-2023,FRESH MARKET,92.73,,172323.09
27-Oct-2023,SHELL OIL,46.47,,172276.62
28-Oct-2023,TARGET.COM,18.89,,172257.73
29-Oct-2023,WHOLE FOODS #4821,136.23,,172121.50
30-Oct-2023,STARBUCKS STORE,59.55,,172061.95
30-Oct-2023,SHELL OIL,30.39,,172031.56
30-Oct-2023,PARKING GARAGE,44.00,,171987.56
30-Oct-2023,AMC THEATRES,28.80,,171958.76
31-Oct-2023,PIZZA HUT,28.32,,171930.44
31-Oct-2023,VENMO PAYMENT,215.91,,171714.53
1-Nov-2023,MCDONALD'S,66.12,,171648.41
2-Nov-2023,PIZZA HUT,66.88,,171581.53
3-Nov-2023,ACH CREDIT EMPLOYER PAYROLL,,6736.36,178317.89
3-Nov-2023,BILL PAY RENT LANDLORD,1684.83,,176633.06
4-Nov-2023,KROGER #1190,34.58,,176598.48
4-Nov-2023,METRO TRANSIT,28.43,,176570.05
6-Nov-2023,VERIZON WIRELESS,56.62,,176513.43
6-Nov-2023,WALMART SUPERCENTER,136.47,,176376.96
6-Nov-2023,MCDONALD'S,45.28,,176331.68
9-Nov-2023,ALDI 729,121.73,,176209.95
10-Nov-2023,UBER EATS,43.86,,176166.09
10-Nov-2023,IKEA,181.30,,175984.79
11-Nov-2023,SHELL OIL,5.25,,175979.54
11-Nov-2023,PARKING GARAGE,28.92,,175950.62
11-Nov-2023,AMAZON.COM,177.70,,175772.92
12-Nov-2023,SUSHI HOUSE,52.97,,175719.95
12-Nov-2023,METRO TRANSIT,63.95,,175656.00
12-Nov-2023,PARKING GARAGE,64.60,,175591.40
12-Nov-2023,PARKING GARAGE,61.30,,175530.10
12-Nov-2023,TARGET.COM,192.56,,175337.54
13-Nov-2023,ETSY.COM,75.81,,175261.73
14-Nov-2023,PARKING GARAGE,8.87,,175252.86
15-Nov-2023,ELECTRIC COMPANY,190.46,,175062.40
16-Nov-2023,CHEVRON,32.56,,175029.84
16-Nov-2023,NETFLIX.COM,40.52,,174989.32
17-Nov-2023,ETSY.COM,175.08,,174814.24
19-Nov-2023,COMCAST CABLE,187.32,,174626.92
21-Nov-2023,FRESH MARKET,153.35,,174473.57
21-Nov-2023,WALMART SUPERCENTER,124.19,,174349.38
21-Nov-2023,CHEVRON,51.13,,174298.25
22-Nov-2023,WHOLE FOODS #4821,77.77,,174220.48
22-Nov-2023,UBER EATS,36.52,,174183.96
22-Nov-2023,CHEVRON,46.72,,174137.24
24-Nov-2023,WALMART SUPERCENTER,23.02,,174114.22
26-Nov-2023,TARGET.COM,202.16,,173912.06
27-Nov-2023,UBER TRIP,28.54,,173883.52
27-Nov-2023,AMC THEATRES,50.24,,173833.28
27-Nov-2023,TARGET.COM,163.45,,173669.83
28-Nov-2023,TRADER JOE'S,50.80,,173619.03
28-Nov-2023,SHELL OIL,38.90,,173580.13
28-Nov-2023,DENTAL CARE,188.04,,173392.09
28-Nov-2023,TICKETMASTER,58.14,,173333.95
29-Nov-2023,MCDONALD'S,81.86,,173252.09
29-Nov-2023,APPLE.COM/BILL,190.01,,173062.08
30-Nov-2023,SHELL OIL,12.49,,173049.59
2-Dec-2023,SUSHI HOUSE,31.33,,173018.26
3-Dec-2023,ACH CREDIT EMPLOYER PAYROLL,,6771.31,179789.57
3-Dec-2023,BILL PAY RENT LANDLORD,1668.71,,178120.86
3-Dec-2023,PARKING GARAGE,51.60,,178069.26
4-Dec-2023,WALMART SUPERCENTER,46.35,,178022.91
5-Dec-2023,LYFT RIDE,68.55,,177954.36
7-Dec-2023,GAS UTILITY,106.08,,177848.28
8-Dec-2023,VERIZON WIRELESS,165.02,,177683.26
8-Dec-2023,SUSHI HOUSE,19.02,,177664.24
9-Dec-2023,FRESH MARKET,157.83,,177506.41
10-Dec-2023,COMCAST CABLE,185.88,,177320.53
10-Dec-2023,COSTCO WHSE,155.42,,177165.11
12-Dec-2023,KROGER #1190,80.87,,177084.24
12-Dec-2023,UBER TRIP,67.87,,177016.37
12-Dec-2023,AMAZON MKTP,95.15,,176921.22
12-Dec-2023,APPLE.COM/BILL,172.94,,176748.28
13-Dec-2023,NIKE STORE,225.76,,176522.52
16-Dec-2023,LOCAL BISTRO,39.86,,176482.66
17-Dec-2023,WALMART SUPERCENTER,105.00,,176377.66
17-Dec-2023,DOORDASH*RESTAURANT,75.37,,176302.29
17-Dec-2023,HOME DEPOT,204.62,,176097.67
17-Dec-2023,ZELLE TO FRIEND,206.36,,175891.31
18-Dec-2023,TICKETMASTER,34.09,,175857.22
19-Dec-2023,PLANET FITNESS,169.28,,175687.94
20-Dec-2023,TRADER JOE'S,44.61,,175643.33
20-Dec-2023,SPOTIFY USA,42.48,,175600.85
22-Dec-2023,APPLE.COM/BILL,230.86,,175369.99
23-Dec-2023,LOCAL BISTRO,20.89,,175349.10
23-Dec-2023,LYFT RIDE,9.34,,175339.76
23-Dec-2023,STEAM GAMES,35.07,,175304.69
24-Dec-2023,ACH CREDIT YEAR END BONUS,,2256.71,177561.40
24-Dec-2023,KROGER #1190,82.16,,177479.24
24-Dec-2023,EZ PASS TOLL,53.87,,177425.37
24-Dec-2023,DISNEYPLUS,37.24,,177388.13
25-Dec-2023,GAS UTILITY,68.54,,177319.59
25-Dec-2023,SHELL OIL,22.51,,177297.08
25-Dec-2023,CHEVRON,53.20,,177243.88
26-Dec-2023,COSTCO WHSE,45.52,,177198.36
26-Dec-2023,UBER TRIP,46.89,,177151.47
27-Dec-2023,STARBUCKS STORE,80.18,,177071.29
27-Dec-2023,UBER TRIP,28.07,,177043.22
27-Dec-2023,HOME DEPOT,80.67,,176962.55
30-Dec-2023,PIZZA HUT,26.59,,176935.96
31-Dec-2023,UBER TRIP,69.91,,176866.05
31-Dec-2023,STEAM GAMES,41.49,,176824.56
2-Jan-2024,ACH CREDIT EMPLOYER PAYROLL,,7200.51,184025.07
2-Jan-2024,WHOLE FOODS #4821,103.39,,183921.68
3-Jan-2024,BILL PAY RENT LANDLORD,1725.03,,182196.65
3-Jan-2024,FRESH MARKET,65.29,,182131.36
4-Jan-2024,CHEVRON,67.51,,182063.85
6-Jan-2024,COSTCO WHSE,24.66,,182039.19
6-Jan-2024,COSTCO WHSE,76.36,,181962.83
6-Jan-2024,CHEVRON,54.86,,181907.97
7-Jan-2024,FRESH MARKET,72.77,,181835.20
7-Jan-2024,LYFT RIDE,29.24,,181805.96
8-Jan-2024,PARKING GARAGE,56.61,,181749.35
10-Jan-2024,AMC THEATRES,10.28,,181739.07
11-Jan-2024,KROGER #1190,143.16,,181595.91
11-Jan-2024,DENTAL CARE,74.41,,181521.50
13-Jan-2024,AMAZON.COM,24.68,,181496.82
15-Jan-2024,VERIZON WIRELESS,48.52,,181448.30
15-Jan-2024,AMAZON.COM,248.33,,181199.97
15-Jan-2024,INSURANCE ANNUAL PREMIUM,1143.98,,180055.99
16-Jan-2024,LOCAL BISTRO,70.02,,179985.97
16-Jan-2024,LOCAL BISTRO,44.15,,179941.82
16-Jan-2024,UBER EATS,34.08,,179907.74
16-Jan-2024,PIZZA HUT,38.59,,179869.15
16-Jan-2024,NETFLIX.COM,24.75,,179844.40
17-Jan-2024,VENMO CASHOUT,,809.15,180653.55
17-Jan-2024,MCDONALD'S,80.61,,180572.94
18-Jan-2024,METRO TRANSIT,14.47,,180558.47
18-Jan-2024,LYFT RIDE,4.74,,180553.73
18-Jan-2024,LYFT RIDE,41.44,,180512.29
18-Jan-2024,AMAZON MKTP,254.35,,180257.94
19-Jan-2024,KROGER #1190,118.13,,180139.81
19-Jan-2024,CHEVRON,20.37,,180119.44
20-Jan-2024,CHEVRON,45.75,,180073.69
21-Jan-2024,AMAZON.COM,73.86,,179999.83
22-Jan-2024,COMCAST CABLE,53.94,,179945.89
22-Jan-2024,PIZZA HUT,44.85,,179901.04
22-Jan-2024,SHELL OIL,26.51,,179874.53
23-Jan-2024,ELECTRIC COMPANY,139.25,,179735.28
23-Jan-2024,SHELL OIL,52.33,,179682.95
24-Jan-2024,GAS UTILITY,92.24,,179590.71
24-Jan-2024,STARBUCKS STORE,62.92,,179527.79
26-Jan-2024,LOCAL BISTRO,73.23,,179454.56
26-Jan-2024,EZ PASS TOLL,29.45,,179425.11
26-Jan-2024,AMAZON MKTP,127.38,,179297.73
27-Jan-2024,TRADER JOE'S,114.92,,179182.81
30-Jan-2024,NIKE STORE,266.20,,178916.61
1-Feb-2024,UBER EATS,29.99,,178886.62
1-Feb-2024,CHEVRON,14.93,,178871.69
1-Feb-2024,AMAZON.COM,34.99,,178836.70
1-Feb-2024,AMAZON MKTP,142.08,,178694.62
2-Feb-2024,ACH CREDIT EMPLOYER PAYROLL,,7025.90,185720.52
2-Feb-2024,FRESH MARKET,51.66,,185668.86
2-Feb-2024,UBER TRIP,13.90,,185654.96
3-Feb-2024,BILL PAY RENT LANDLORD,1727.27,,183927.69
3-Feb-2024,TRADER JOE'S,77.78,,183849.91
4-Feb-2024,CHIPOTLE ONLINE,35.77,,183814.14
4-Feb-2024,LYFT RIDE,59.54,,183754.60
4-Feb-2024,DISNEYPLUS,59.36,,183695.24
8-Feb-2024,EZ PASS TOLL,60.30,,183634.94
8-Feb-2024,AMAZON.COM,102.28,,183532.66
9-Feb-2024,ALDI 729,32.62,,183500.04
12-Feb-2024,VERIZON WIRELESS,85.42,,183414.62
12-Feb-2024,FRESH MARKET,134.36,,183280.26
12-Feb-2024,MCDONALD'S,12.29,,183267.97
12-Feb-2024,STARBUCKS STORE,37.74,,183230.23
16-Feb-2024,CHEVRON,70.46,,183159.77
17-Feb-2024,SHELL OIL,44.44,,183115.33
17-Feb-2024,SPOTIFY USA,41.44,,183073.89
18-Feb-2024,VENMO PAYMENT,181.57,,182892.32
20-Feb-2024,SUSHI HOUSE,28.21,,182864.11
20-Feb-2024,CVS/PHARMACY,26.08,,182838.03
21-Feb-2024,ALDI 729,42.86,,182795.17
23-Feb-2024,COMCAST CABLE,121.40,,182673.77
23-Feb-2024,FRESH MARKET,136.73,,182537.04
23-Feb-2024,PARKING GARAGE,6.70,,182530.34
24-Feb-2024,VERIZON WIRELESS,193.92,,182336.42
24-Feb-2024,KROGER #1190,47.23,,182289.19
24-Feb-2024,PIZZA HUT,21.47,,182267.72
24-Feb-2024,MCDONALD'S,46.23,,182221.49
24-Feb-2024,EZ PASS TOLL,50.38,,182171.11
24-Feb-2024,CHEVRON,37.84,,182133.27
25-Feb-2024,KROGER #1190,81.63,,182051.64
26-Feb-2024,PARKING GARAGE,68.55,,181983.09
26-Feb-2024,AMAZON.COM,269.93,,181713.16
28-Feb-2024,WALMART SUPERCENTER,109.47,,181603.69
28-Feb-2024,LOCAL BISTRO,53.37,,181550.32
1-Mar-2024,ACH CREDIT EMPLOYER PAYROLL,,7028.51,188578.83
1-Mar-2024,APPLE.COM/BILL,55.25,,188523.58
1-Mar-2024,APPLE.COM/BILL,74.49,,188449.09
1-Mar-2024,DISNEYPLUS,26.17,,188422.92
3-Mar-2024,BILL PAY RENT LANDLORD,1726.79,,186696.13
3-Mar-2024,STARBUCKS STORE,76.38,,186619.75
3-Mar-2024,SUSHI HOUSE,66.71,,186553.04
3-Mar-2024,LYFT RIDE,62.97,,186490.07
4-Mar-2024,PARKING GARAGE,52.84,,186437.23
5-Mar-2024,COMCAST CABLE,162.12,,186275.11
5-Mar-2024,COSTCO WHSE,89.99,,186185.12
5-Mar-2024,CHIPOTLE ONLINE,53.06,,186132.06
5-Mar-2024,MCDONALD'S,13.52,,186118.54
6-Mar-2024,CHEVRON,21.46,,186097.08
6-Mar-2024,APPLE.COM/BILL,48.80,,186048.28
7-Mar-2024,COSTCO WHSE,64.72,,185983.56
7-Mar-2024,EZ PASS TOLL,35.48,,185948.08
8-Mar-2024,AMAZON MKTP,245.17,,185702.91
9-Mar-2024,KROGER #1190,83.85,,185619.06
9-Mar-2024,EZ PASS TOLL,11.00,,185608.06
10-Mar-2024,COSTCO WHSE,122.71,,185485.35
10-Mar-2024,NIKE STORE,146.65,,185338.70
11-Mar-2024,STARBUCKS STORE,6.26,,185332.44
11-Mar-2024,SHELL OIL,20.89,,185311.55
11-Mar-2024,PARKING GARAGE,10.46,,185301.09
12-Mar-2024,KROGER #1190,101.91,,185199.18
12-Mar-2024,METRO TRANSIT,13.04,,185186.14
15-Mar-2024,WALGREENS,53.98,,185132.16
17-Mar-2024,PAYPAL TRANSFER,,719.51,185851.67
18-Mar-2024,DOORDASH*RESTAURANT,82.64,,185769.03
19-Mar-2024,VERIZON WIRELESS,122.62,,185646.41
19-Mar-2024,FRESH MARKET,112.91,,185533.50
19-Mar-2024,CHIPOTLE ONLINE,29.31,,185504.19
21-Mar-2024,CHIPOTLE ONLINE,51.18,,185453.01
22-Mar-2024,COSTCO WHSE,127.50,,185325.51
23-Mar-2024,METRO TRANSIT,30.35,,185295.16
24-Mar-2024,LYFT RIDE,33.98,,185261.18
24-Mar-2024,NETFLIX.COM,61.01,,185200.17
25-Mar-2024,LOCAL BISTRO,32.81,,185167.36
28-Mar-2024,TRADER JOE'S,83.82,,185083.54
29-Mar-2024,UBER EATS,27.10,,185056.44
30-Mar-2024,TRADER JOE'S,34.31,,185022.13
1-Apr-2024,ACH CREDIT EMPLOYER PAYROLL,,7181.82,192203.95
1-Apr-2024,UBER TRIP,32.23,,192171.72
2-Apr-2024,STARBUCKS STORE,18.33,,192153.39
3-Apr-2024,BILL PAY RENT LANDLORD,1709.78,,190443.61
3-Apr-2024,WALGREENS,18.98,,190424.63
4-Apr-2024,EZ PASS TOLL,53.46,,190371.17
4-Apr-2024,LYFT RIDE,24.43,,190346.74
6-Apr-2024,KROGER #1190,92.24,,190254.50
8-Apr-2024,CHIPOTLE ONLINE,39.93,,190214.57
8-Apr-2024,UBER TRIP,12.57,,190202.00
9-Apr-2024,STARBUCKS STORE,70.52,,190131.48
9-Apr-2024,CHEVRON,58.29,,190073.19
11-Apr-2024,GAS UTILITY,157.25,,189915.94
11-Apr-2024,ELECTRIC COMPANY,121.52,,189794.42
12-Apr-2024,KROGER #1190,94.86,,189699.56
12-Apr-2024,IRS USATAXPYMT,1738.39,,187961.17
13-Apr-2024,WALMART SUPERCENTER,103.05,,187858.12
13-Apr-2024,APPLE.COM/BILL,270.88,,187587.24
15-Apr-2024,CHEVRON,50.19,,187537.05
15-Apr-2024,NETFLIX.COM,59.48,,187477.57
15-Apr-2024,SPOTIFY USA,60.26,,187417.31
16-Apr-2024,SHELL OIL,60.40,,187356.91
16-Apr-2024,APPLE.COM/BILL,20.60,,187336.31
16-Apr-2024,CITY MEDICAL CLINIC,144.21,,187192.10
17-Apr-2024,LOCAL BISTRO,29.48,,187162.62
17-Apr-2024,PIZZA HUT,48.51,,187114.11
17-Apr-2024,IKEA,230.65,,186883.46
21-Apr-2024,FRESH MARKET,139.04,,186744.42
21-Apr-2024,BEST BUY,142.67,,186601.75
22-Apr-2024,SUSHI HOUSE,32.30,,186569.45
23-Apr-2024,UBER TRIP,53.24,,186516.21
23-Apr-2024,EZ PASS TOLL,34.31,,186481.90
24-Apr-2024,BEST BUY,141.58,,186340.32
25-Apr-2024,KROGER #1190,106.47,,186233.85
25-Apr-2024,STARBUCKS STORE,17.61,,186216.24
27-Apr-2024,TRADER JOE'S,91.55,,186124.69
27-Apr-2024,MCDONALD'S,28.90,,186095.79
27-Apr-2024,STARBUCKS STORE,41.14,,186054.65
28-Apr-2024,PARKING GARAGE,5.31,,186049.34
28-Apr-2024,EZ PASS TOLL,17.92,,186031.42
29-Apr-2024,WALMART SUPERCENTER,49.14,,185982.28
30-Apr-2024,UBER TRIP,52.61,,185929.67
30-Apr-2024,EZ PASS TOLL,56.12,,185873.55
30-Apr-2024,EZ PASS TOLL,26.28,,185847.27
1-May-2024,APPLE.COM/BILL,221.60,,185625.67
1-May-2024,PLANET FITNESS,138.41,,185487.26
2-May-2024,ACH CREDIT EMPLOYER PAYROLL,,6939.16,192426.42
2-May-2024,UBER TRIP,71.38,,192355.04
3-May-2024,BILL PAY RENT LANDLORD,1707.33,,190647.71
3-May-2024,UBER EATS,67.37,,190580.34
4-May-2024,UBER EATS,53.08,,190527.26
4-May-2024,CHIPOTLE ONLINE,51.00,,190476.26
6-May-2024,UBER EATS,60.59,,190415.67
7-May-2024,CHEVRON,19.39,,190396.28
7-May-2024,IKEA,120.03,,190276.25
7-May-2024,SPOTIFY USA,59.96,,190216.29
8-May-2024,LOCAL BISTRO,10.25,,190206.04
8-May-2024,PIZZA HUT,47.96,,190158.08
9-May-2024,AMC THEATRES,28.75,,190129.33
9-May-2024,TICKETMASTER,55.51,,190073.82
10-May-2024,CHEVRON,12.37,,190061.45
11-May-2024,KROGER #1190,129.14,,189932.31
12-May-2024,EZ PASS TOLL,51.86,,189880.45
14-May-2024,UBER EATS,82.83,,189797.62
14-May-2024,LYFT RIDE,45.76,,189751.86
14-May-2024,IKEA,46.16,,189705.70
15-May-2024,AMAZON.COM,51.78,,189653.92
15-May-2024,DENTAL CARE,139.73,,189514.19
16-May-2024,FRESH MARKET,113.57,,189400.62
16-May-2024,WHOLE FOODS #4821,93.84,,189306.78
17-May-2024,SUSHI HOUSE,61.28,,189245.50
18-May-2024,DOORDASH*RESTAURANT,82.04,,189163.46
18-May-2024,AMAZON MKTP,274.52,,188888.94
19-May-2024,UBER TRIP,45.52,,188843.42
20-May-2024,LYFT RIDE,62.91,,188780.51
20-May-2024,PARKING GARAGE,37.72,,188742.79
20-May-2024,HOME DEPOT,176.37,,188566.42
21-May-2024,PIZZA HUT,27.06,,188539.36
21-May-2024,TICKETMASTER,40.85,,188498.51
22-May-2024,COSTCO WHSE,139.88,,188358.63
23-May-2024,UBER EATS,17.46,,188341.17
24-May-2024,ELECTRIC COMPANY,158.77,,188182.40
24-May-2024,CITY WATER BILL,35.56,,188146.84
24-May-2024,UBER TRIP,21.46,,188125.38
24-May-2024,SPOTIFY USA,47.10,,188078.28
25-May-2024,ALDI 729,53.17,,188025.11
25-May-2024,CHEVRON,43.65,,187981.46
27-May-2024,WALMART SUPERCENTER,119.13,,187862.33
27-May-2024,WALMART SUPERCENTER,29.56,,187832.77
29-May-2024,PARKING GARAGE,60.82,,187771.95
31-May-2024,METRO TRANSIT,52.88,,187719.07
31-May-2024,VENMO PAYMENT,132.09,,187586.98
2-Jun-2024,ACH CREDIT EMPLOYER PAYROLL,,7005.24,194592.22
2-Jun-2024,WHOLE FOODS #4821,79.50,,194512.72
2-Jun-2024,NIKE STORE,44.62,,194468.10
3-Jun-2024,BILL PAY RENT LANDLORD,1699.64,,192768.46
3-Jun-2024,UBER EATS,36.20,,192732.26
5-Jun-2024,STARBUCKS STORE,78.11,,192654.15
6-Jun-2024,UBER TRIP,65.58,,192588.57
8-Jun-2024,TRADER JOE'S,111.58,,192476.99
9-Jun-2024,CHIPOTLE ONLINE,59.50,,192417.49
9-Jun-2024,STARBUCKS STORE,45.80,,192371.69
9-Jun-2024,NIKE STORE,272.69,,192099.00
11-Jun-2024,FRESH MARKET,29.23,,192069.77
12-Jun-2024,ZELLE FROM CLIENT,,907.50,192977.27
12-Jun-2024,FRESH MARKET,63.11,,192914.16
16-Jun-2024,CITY WATER BILL,113.02,,192801.14
16-Jun-2024,WALGREENS,95.25,,192705.89
16-Jun-2024,NETFLIX.COM,23.75,,192682.14
17-Jun-2024,AMAZON MKTP,153.19,,192528.95
17-Jun-2024,AMAZON.COM,80.16,,192448.79
18-Jun-2024,COMCAST CABLE,52.74,,192396.05
18-Jun-2024,STARBUCKS STORE,37.71,,192358.34
18-Jun-2024,UBER TRIP,27.13,,192331.21
20-Jun-2024,ELECTRIC COMPANY,120.81,,192210.40
20-Jun-2024,PARKING GARAGE,62.80,,192147.60
21-Jun-2024,DOORDASH*RESTAURANT,39.58,,192108.02
21-Jun-2024,PARKING GARAGE,17.58,,192090.44
21-Jun-2024,VENMO PAYMENT,227.11,,191863.33
22-Jun-2024,SHELL OIL,7.07,,191856.26
22-Jun-2024,APPLE.COM/BILL,188.75,,191667.51
25-Jun-2024,KROGER #1190,158.66,,191508.85
25-Jun-2024,UBER TRIP,7.20,,191501.65
27-Jun-2024,WHOLE FOODS #4821,126.12,,191375.53
27-Jun-2024,UBER TRIP,42.53,,191333.00
28-Jun-2024,WHOLE FOODS #4821,136.74,,191196.26
28-Jun-2024,EZ PASS TOLL,61.27,,191134.99
29-Jun-2024,UBER TRIP,44.28,,191090.71
29-Jun-2024,DISNEYPLUS,30.04,,191060.67
30-Jun-2024,ALDI 729,33.50,,191027.17
1-Jul-2024,KROGER #1190,126.34,,190900.83
2-Jul-2024,LYFT RIDE,18.80,,190882.03
3-Jul-2024,ACH CREDIT EMPLOYER PAYROLL,,7115.13,197997.16
3-Jul-2024,BILL PAY RENT LANDLORD,1693.70,,196303.46
3-Jul-2024,PARKING GARAGE,28.10,,196275.36
3-Jul-2024,LYFT RIDE,22.90,,196252.46
3-Jul-2024,CHEVRON,30.32,,196222.14
4-Jul-2024,PARKING GARAGE,62.10,,196160.04
4-Jul-2024,BEST BUY,47.31,,196112.73
5-Jul-2024,COSTCO WHSE,41.50,,196071.23
5-Jul-2024,CHEVRON,42.41,,196028.82
5-Jul-2024,WALGREENS,117.33,,195911.49
6-Jul-2024,GAS UTILITY,88.36,,195823.13
6-Jul-2024,STARBUCKS STORE,53.11,,195770.02
7-Jul-2024,AMC THEATRES,53.47,,195716.55
8-Jul-2024,FRESH MARKET,31.45,,195685.10
8-Jul-2024,TRADER JOE'S,141.56,,195543.54
9-Jul-2024,WHOLE FOODS #4821,134.49,,195409.05
9-Jul-2024,DOORDASH*RESTAURANT,67.64,,195341.41
12-Jul-2024,PARKING GARAGE,29.67,,195311.74
12-Jul-2024,CHEVRON,54.04,,195257.70
13-Jul-2024,FRESH MARKET,130.78,,195126.92
14-Jul-2024,HOME DEPOT,32.69,,195094.23
15-Jul-2024,PAYPAL TRANSFER,,1177.38,196271.61
16-Jul-2024,DOORDASH*RESTAURANT,60.41,,196211.20
17-Jul-2024,DOORDASH*RESTAURANT,15.84,,196195.36
17-Jul-2024,HOTEL BOOKING,604.65,,195590.71
18-Jul-2024,FRESH MARKET,37.32,,195553.39
18-Jul-2024,CITY MEDICAL CLINIC,133.56,,195419.83
18-Jul-2024,SPOTIFY USA,13.89,,195405.94
19-Jul-2024,UBER TRIP,71.17,,195334.77
22-Jul-2024,SUSHI HOUSE,57.10,,195277.67
23-Jul-2024,CHEVRON,65.75,,195211.92
24-Jul-2024,SUSHI HOUSE,83.21,,195128.71
24-Jul-2024,CHEVRON,69.18,,195059.53
24-Jul-2024,PARKING GARAGE,21.97,,195037.56
25-Jul-2024,COMCAST CABLE,120.22,,194917.34
25-Jul-2024,COSTCO WHSE,123.49,,194793.85
26-Jul-2024,NETFLIX.COM,50.88,,194742.97
27-Jul-2024,FRESH MARKET,83.32,,194659.65
27-Jul-2024,PIZZA HUT,11.62,,194648.03
27-Jul-2024,UBER TRIP,59.60,,194588.43
27-Jul-2024,BEST BUY,267.26,,194321.17
27-Jul-2024,ATM WITHDRAWAL,298.08,,194023.09
28-Jul-2024,MCDONALD'S,37.68,,193985.41
28-Jul-2024,NIKE STORE,156.61,,193828.80
29-Jul-2024,PIZZA HUT,51.24,,193777.56
31-Jul-2024,STARBUCKS STORE,11.64,,193765.92
1-Aug-2024,ACH CREDIT EMPLOYER PAYROLL,,6999.46,200765.38
3-Aug-2024,BILL PAY RENT LANDLORD,1726.85,,199038.53
4-Aug-2024,CHEVRON,56.01,,198982.52
4-Aug-2024,CHEVRON,28.61,,198953.91
6-Aug-2024,DOORDASH*RESTAURANT,76.09,,198877.82
7-Aug-2024,NIKE STORE,91.74,,198786.08
8-Aug-2024,WALMART SUPERCENTER,115.63,,198670.45
8-Aug-2024,UBER TRIP,45.80,,198624.65
9-Aug-2024,UBER TRIP,66.75,,198557.90
10-Aug-2024,CITY MEDICAL CLINIC,35.78,,198522.12
11-Aug-2024,SUSHI HOUSE,60.19,,198461.93
13-Aug-2024,LYFT RIDE,45.78,,198416.15
14-Aug-2024,CHIPOTLE ONLINE,6.25,,198409.90
14-Aug-2024,AIRLINE TICKET,953.00,,197456.90
15-Aug-2024,VERIZON WIRELESS,37.15,,197419.75
15-Aug-2024,PLANET FITNESS,148.09,,197271.66
15-Aug-2024,STEAM GAMES,23.17,,197248.49
16-Aug-2024,COSTCO WHSE,134.80,,197113.69
16-Aug-2024,TRADER JOE'S,115.63,,196998.06
17-Aug-2024,KROGER #1190,141.26,,196856.80
17-Aug-2024,METRO TRANSIT,13.70,,196843.10
18-Aug-2024,TRADER JOE'S,129.57,,196713.53
18-Aug-2024,CHIPOTLE ONLINE,29.01,,196684.52
18-Aug-2024,CHIPOTLE ONLINE,69.27,,196615.25
19-Aug-2024,SHELL OIL,50.89,,196564.36
20-Aug-2024,COMCAST CABLE,165.48,,196398.88
20-Aug-2024,ALDI 729,21.13,,196377.75
21-Aug-2024,SHELL OIL,13.69,,196364.06
21-Aug-2024,UBER TRIP,22.16,,196341.90
22-Aug-2024,TRADER JOE'S,21.54,,196320.36
24-Aug-2024,AMAZON MKTP,12.93,,196307.43
26-Aug-2024,LOCAL BISTRO,28.65,,196278.78
26-Aug-2024,EZ PASS TOLL,45.72,,196233.06
26-Aug-2024,CHEVRON,24.72,,196208.34
27-Aug-2024,CHIPOTLE ONLINE,78.63,,196129.71
27-Aug-2024,AMAZON.COM,57.70,,196072.01
28-Aug-2024,TRADER JOE'S,18.71,,196053.30
29-Aug-2024,STEAM GAMES,53.16,,196000.14
30-Aug-2024,PIZZA HUT,42.83,,195957.31
31-Aug-2024,FRESH MARKET,18.29,,195939.02
31-Aug-2024,TICKETMASTER,53.01,,195886.01
3-Sep-2024,ACH CREDIT EMPLOYER PAYROLL,,6999.74,202885.75
3-Sep-2024,BILL PAY RENT LANDLORD,1713.29,,201172.46
4-Sep-2024,CHIPOTLE ONLINE,29.10,,201143.36
4-Sep-2024,SHELL OIL,34.69,,201108.67
5-Sep-2024,CHEVRON,48.32,,201060.35
6-Sep-2024,SUSHI HOUSE,66.38,,200993.97
8-Sep-2024,FRESH MARKET,121.25,,200872.72
8-Sep-2024,WHOLE FOODS #4821,19.34,,200853.38
9-Sep-2024,PLANET FITNESS,80.24,,200773.14
10-Sep-2024,METRO TRANSIT,27.05,,200746.09
10-Sep-2024,SHELL OIL,48.25,,200697.84
11-Sep-2024,UBER TRIP,6.28,,200691.56
11-Sep-2024,NETFLIX.COM,23.68,,200667.88
12-Sep-2024,ELECTRIC COMPANY,42.98,,200624.90
12-Sep-2024,KROGER #1190,152.28,,200472.62
12-Sep-2024,SHELL OIL,32.67,,200439.95
12-Sep-2024,HOME DEPOT,53.87,,200386.08
13-Sep-2024,ZELLE FROM CLIENT,,1034.86,201420.94
13-Sep-2024,WALGREENS,95.43,,201325.51
15-Sep-2024,FRESH MARKET,128.44,,201197.07
15-Sep-2024,TICKETMASTER,50.90,,201146.17
16-Sep-2024,METRO TRANSIT,41.06,,201105.11
17-Sep-2024,SHELL OIL,15.47,,201089.64
17-Sep-2024,LYFT RIDE,71.02,,201018.62
19-Sep-2024,WHOLE FOODS #4821,38.40,,200980.22
20-Sep-2024,CITY WATER BILL,122.17,,200858.05
20-Sep-2024,SHELL OIL,47.01,,200811.04
22-Sep-2024,METRO TRANSIT,31.98,,200779.06
22-Sep-2024,ZELLE TO FRIEND,259.74,,200519.32
23-Sep-2024,TRADER JOE'S,106.22,,200413.10
23-Sep-2024,MCDONALD'S,25.46,,200387.64
25-Sep-2024,COMCAST CABLE,101.71,,200285.93
25-Sep-2024,SUSHI HOUSE,18.69,,200267.24
27-Sep-2024,TARGET.COM,84.95,,200182.29
29-Sep-2024,COSTCO WHSE,44.04,,200138.25
29-Sep-2024,STARBUCKS STORE,6.90,,200131.35
30-Sep-2024,WALMART SUPERCENTER,85.12,,200046.23
30-Sep-2024,BEST BUY,272.60,,199773.63
1-Oct-2024,STARBUCKS STORE,37.86,,199735.77
1-Oct-2024,UBER TRIP,44.02,,199691.75
2-Oct-2024,ACH CREDIT EMPLOYER PAYROLL,,7086.95,206778.70
2-Oct-2024,DOORDASH*RESTAURANT,48.21,,206730.49
3-Oct-2024,BILL PAY RENT LANDLORD,1720.96,,205009.53
3-Oct-2024,PIZZA HUT,38.45,,204971.08
3-Oct-2024,WALGREENS,165.10,,204805.98
4-Oct-2024,EZ PASS TOLL,29.39,,204776.59
4-Oct-2024,UBER TRIP,11.21,,204765.38
7-Oct-2024,FRESH MARKET,114.74,,204650.64
7-Oct-2024,TARGET.COM,37.99,,204612.65
8-Oct-2024,MCDONALD'S,84.59,,204528.06
8-Oct-2024,DOORDASH*RESTAURANT,55.91,,204472.15
8-Oct-2024,CHIPOTLE ONLINE,72.56,,204399.59
9-Oct-2024,MCDONALD'S,22.98,,204376.61
9-Oct-2024,AMC THEATRES,28.18,,204348.43
10-Oct-2024,LYFT RIDE,27.15,,204321.28
11-Oct-2024,CHEVRON,19.22,,204302.06
12-Oct-2024,TRADER JOE'S,76.51,,204225.55
12-Oct-2024,DENTAL CARE,76.78,,204148.77
13-Oct-2024,FRESH MARKET,61.35,,204087.42
15-Oct-2024,ELECTRIC COMPANY,121.81,,203965.61
16-Oct-2024,ALDI 729,28.61,,203937.00
17-Oct-2024,COMCAST CABLE,120.12,,203816.88
17-Oct-2024,TRADER JOE'S,69.80,,203747.08
18-Oct-2024,CHIPOTLE ONLINE,22.06,,203725.02
19-Oct-2024,CITY WATER BILL,67.86,,203657.16
22-Oct-2024,STARBUCKS STORE,74.65,,203582.51
23-Oct-2024,COSTCO WHSE,34.58,,203547.93
24-Oct-2024,LYFT RIDE,10.52,,203537.41
25-Oct-2024,METRO TRANSIT,53.94,,203483.47
28-Oct-2024,AMAZON MKTP,191.57,,203291.90
28-Oct-2024,CVS/PHARMACY,112.04,,203179.86
29-Oct-2024,ALDI 729,152.57,,203027.29
29-Oct-2024,LYFT RIDE,17.20,,203010.09
29-Oct-2024,NIKE STORE,75.38,,202934.71
31-Oct-2024,SPOTIFY USA,16.99,,202917.72
31-Oct-2024,ATM WITHDRAWAL,263.59,,202654.13
1-Nov-2024,STARBUCKS STORE,10.73,,202643.40
1-Nov-2024,UBER TRIP,42.39,,202601.01
2-Nov-2024,LYFT RIDE,5.91,,202595.10
3-Nov-2024,ACH CREDIT EMPLOYER PAYROLL,,6967.95,209563.05
3-Nov-2024,BILL PAY RENT LANDLORD,1695.87,,207867.18
5-Nov-2024,VERIZON WIRELESS,47.20,,207819.98
5-Nov-2024,PLANET FITNESS,82.50,,207737.48
6-Nov-2024,KROGER #1190,126.01,,207611.47
7-Nov-2024,UBER TRIP,7.73,,207603.74
7-Nov-2024,AMAZON.COM,208.41,,207395.33
7-Nov-2024,TARGET.COM,76.29,,207319.04
8-Nov-2024,IKEA,196.85,,207122.19
10-Nov-2024,TARGET.COM,53.66,,207068.53
12-Nov-2024,ALDI 729,25.64,,207042.89
13-Nov-2024,UBER EATS,29.41,,207013.48
13-Nov-2024,AMAZON.COM,177.05,,206836.43
14-Nov-2024,AMAZON MKTP,150.51,,206685.92
14-Nov-2024,NIKE STORE,14.20,,206671.72
14-Nov-2024,AMAZON.COM,83.72,,206588.00
15-Nov-2024,VERIZON WIRELESS,164.40,,206423.60
15-Nov-2024,DISNEYPLUS,63.09,,206360.51
16-Nov-2024,CVS/PHARMACY,169.25,,206191.26
16-Nov-2024,DISNEYPLUS,9.21,,206182.05
17-Nov-2024,VENMO CASHOUT,,804.09,206986.14
17-Nov-2024,FRESH MARKET,73.76,,206912.38
17-Nov-2024,DOORDASH*RESTAURANT,46.15,,206866.23
17-Nov-2024,CHEVRON,18.47,,206847.76
18-Nov-2024,COSTCO WHSE,67.25,,206780.51
19-Nov-2024,COSTCO WHSE,60.20,,206720.31
19-Nov-2024,METRO TRANSIT,12.04,,206708.27
19-Nov-2024,BEST BUY,151.96,,206556.31
20-Nov-2024,SUSHI HOUSE,32.69,,206523.62
20-Nov-2024,STARBUCKS STORE,76.26,,206447.36
21-Nov-2024,LOCAL BISTRO,78.56,,206368.80
21-Nov-2024,PARKING GARAGE,6.40,,206362.40
24-Nov-2024,VERIZON WIRELESS,117.61,,206244.79
24-Nov-2024,EZ PASS TOLL,23.25,,206221.54
24-Nov-2024,DENTAL CARE,106.66,,206114.88
25-Nov-2024,WHOLE FOODS #4821,53.69,,206061.19
25-Nov-2024,EZ PASS TOLL,25.88,,206035.31
25-Nov-2024,LYFT RIDE,68.07,,205967.24
26-Nov-2024,ALDI 729,95.60,,205871.64
26-Nov-2024,CHEVRON,22.07,,205849.57
28-Nov-2024,SUSHI HOUSE,82.49,,205767.08
29-Nov-2024,WHOLE FOODS #4821,158.56,,205608.52
29-Nov-2024,AMC THEATRES,34.46,,205574.06
1-Dec-2024,EZ PASS TOLL,71.81,,205502.25
3-Dec-2024,ACH CREDIT EMPLOYER PAYROLL,,7033.64,212535.89
3-Dec-2024,BILL PAY RENT LANDLORD,1698.89,,210837.00
4-Dec-2024,METRO TRANSIT,70.16,,210766.84
5-Dec-2024,MCDONALD'S,63.48,,210703.36
5-Dec-2024,HOME DEPOT,31.61,,210671.75
6-Dec-2024,SUSHI HOUSE,26.77,,210644.98
6-Dec-2024,SUSHI HOUSE,68.80,,210576.18
7-Dec-2024,COMCAST CABLE,127.89,,210448.29
7-Dec-2024,NIKE STORE,203.44,,210244.85
8-Dec-2024,FRESH MARKET,51.95,,210192.90
8-Dec-2024,CHEVRON,37.47,,210155.43
9-Dec-2024,UBER TRIP,70.90,,210084.53
10-Dec-2024,CITY MEDICAL CLINIC,90.55,,209993.98
11-Dec-2024,DOORDASH*RESTAURANT,23.88,,209970.10
11-Dec-2024,METRO TRANSIT,37.40,,209932.70
11-Dec-2024,STEAM GAMES,22.02,,209910.68
12-Dec-2024,TRADER JOE'S,65.05,,209845.63
12-Dec-2024,FRESH MARKET,94.51,,209751.12
12-Dec-2024,IKEA,217.78,,209533.34
12-Dec-2024,CVS/PHARMACY,217.79,,209315.55
12-Dec-2024,ZELLE TO FRIEND,217.29,,209098.26
13-Dec-2024,UBER TRIP,18.41,,209079.85
14-Dec-2024,NIKE STORE,178.23,,208901.62
15-Dec-2024,PARKING GARAGE,50.16,,208851.46
17-Dec-2024,NIKE STORE,185.01,,208666.45
19-Dec-2024,GAS UTILITY,168.71,,208497.74
20-Dec-2024,TRADER JOE'S,68.03,,208429.71
20-Dec-2024,PIZZA HUT,78.24,,208351.47
20-Dec-2024,UBER EATS,37.18,,208314.29
21-Dec-2024,TICKETMASTER,48.39,,208265.90
22-Dec-2024,ALDI 729,134.07,,208131.83
22-Dec-2024,EZ PASS TOLL,52.15,,208079.68
23-Dec-2024,CITY WATER BILL,83.44,,207996.24
23-Dec-2024,SHELL OIL,69.60,,207926.64
23-Dec-2024,METRO TRANSIT,40.17,,207886.47
23-Dec-2024,UBER TRIP,14.27,,207872.20
24-Dec-2024,ACH CREDIT YEAR END BONUS,,840.44,208712.64
24-Dec-2024,WHOLE FOODS #4821,116.89,,208595.75
24-Dec-2024,SHELL OIL,56.59,,208539.16
25-Dec-2024,CITY MEDICAL CLINIC,44.12,,208495.04
25-Dec-2024,TICKETMASTER,58.15,,208436.89
26-Dec-2024,MCDONALD'S,7.69,,208429.20
26-Dec-2024,TICKETMASTER,37.37,,208391.83
27-Dec-2024,ALDI 729,73.57,,208318.26
28-Dec-2024,TRADER JOE'S,21.97,,208296.29
28-Dec-2024,UBER EATS,84.55,,208211.74
29-Dec-2024,LYFT RIDE,46.47,,208165.27
31-Dec-2024,LYFT RIDE,56.87,,208108.40
31-Dec-2024,IKEA,141.56,,207966.84
1-Jan-2025,LYFT RIDE,46.92,,207919.92
2-Jan-2025,ACH CREDIT EMPLOYER PAYROLL,,7393.84,215313.76
2-Jan-2025,PIZZA HUT,43.06,,215270.70
3-Jan-2025,BILL PAY RENT LANDLORD,1739.19,,213531.51
4-Jan-2025,METRO TRANSIT,42.92,,213488.59
4-Jan-2025,CVS/PHARMACY,131.09,,213357.50
5-Jan-2025,COSTCO WHSE,125.83,,213231.67
5-Jan-2025,LOCAL BISTRO,55.16,,213176.51
5-Jan-2025,SHELL OIL,41.51,,213135.00
6-Jan-2025,PARKING GARAGE,52.87,,213082.13
6-Jan-2025,BEST BUY,138.83,,212943.30
7-Jan-2025,COSTCO WHSE,138.65,,212804.65
7-Jan-2025,PLANET FITNESS,78.07,,212726.58
9-Jan-2025,ALDI 729,122.37,,212604.21
9-Jan-2025,CHEVRON,28.04,,212576.17
9-Jan-2025,TARGET.COM,228.61,,212347.56
12-Jan-2025,SPOTIFY USA,11.55,,212336.01
13-Jan-2025,COMCAST CABLE,49.40,,212286.61
13-Jan-2025,UBER TRIP,13.39,,212273.22
14-Jan-2025,WHOLE FOODS #4821,146.63,,212126.59
15-Jan-2025,ACH CREDIT FREELANCE,,325.68,212452.27
15-Jan-2025,WHOLE FOODS #4821,19.35,,212432.92
15-Jan-2025,INSURANCE ANNUAL PREMIUM,1268.92,,211164.00
16-Jan-2025,CHEVRON,16.03,,211147.97
17-Jan-2025,DOORDASH*RESTAURANT,33.84,,211114.13
17-Jan-2025,CHEVRON,4.39,,211109.74
18-Jan-2025,GAS UTILITY,74.00,,211035.74
18-Jan-2025,SUSHI HOUSE,22.54,,211013.20
19-Jan-2025,SPOTIFY USA,13.02,,211000.18
20-Jan-2025,ZELLE TO FRIEND,134.89,,210865.29
22-Jan-2025,WALMART SUPERCENTER,84.81,,210780.48
22-Jan-2025,WALMART SUPERCENTER,71.88,,210708.60
22-Jan-2025,TRADER JOE'S,126.34,,210582.26
22-Jan-2025,PIZZA HUT,59.97,,210522.29
23-Jan-2025,CHIPOTLE ONLINE,32.94,,210489.35
23-Jan-2025,METRO TRANSIT,44.45,,210444.90
24-Jan-2025,GAS UTILITY,133.89,,210311.01
24-Jan-2025,AMAZON.COM,128.62,,210182.39
26-Jan-2025,NETFLIX.COM,29.01,,210153.38
28-Jan-2025,UBER TRIP,12.49,,210140.89
29-Jan-2025,AMAZON MKTP,129.17,,210011.72
3-Feb-2025,ACH CREDIT EMPLOYER PAYROLL,,7225.38,217237.10
3-Feb-2025,BILL PAY RENT LANDLORD,1739.12,,215497.98
4-Feb-2025,FRESH MARKET,53.28,,215444.70
5-Feb-2025,PARKING GARAGE,45.20,,215399.50
6-Feb-2025,ALDI 729,139.15,,215260.35
6-Feb-2025,VENMO PAYMENT,59.11,,215201.24
8-Feb-2025,PARKING GARAGE,52.19,,215149.05
9-Feb-2025,ALDI 729,19.54,,215129.51
9-Feb-2025,LOCAL BISTRO,50.48,,215079.03
9-Feb-2025,SHELL OIL,54.69,,215024.34
9-Feb-2025,CHEVRON,7.63,,215016.71
9-Feb-2025,NIKE STORE,160.56,,214856.15
10-Feb-2025,VERIZON WIRELESS,128.54,,214727.61
10-Feb-2025,AMAZON.COM,111.55,,214616.06
10-Feb-2025,NETFLIX.COM,9.22,,214606.84
12-Feb-2025,CITY WATER BILL,80.99,,214525.85
12-Feb-2025,AMAZON.COM,242.68,,214283.17
13-Feb-2025,CHIPOTLE ONLINE,18.80,,214264.37
13-Feb-2025,TICKETMASTER,11.26,,214253.11
14-Feb-2025,TRADER JOE'S,43.12,,214209.99
14-Feb-2025,EZ PASS TOLL,62.94,,214147.05
15-Feb-2025,DENTAL CARE,78.85,,214068.20
17-Feb-2025,KROGER #1190,123.22,,213944.98
17-Feb-2025,MCDONALD'S,10.34,,213934.64
17-Feb-2025,CHEVRON,36.96,,213897.68
18-Feb-2025,ACH CREDIT FREELANCE,,577.03,214474.71
19-Feb-2025,EZ PASS TOLL,43.35,,214431.36
19-Feb-2025,UBER TRIP,63.83,,214367.53
20-Feb-2025,COMCAST CABLE,53.03,,214314.50
20-Feb-2025,CHEVRON,5.43,,214309.07
21-Feb-2025,CHEVRON,19.97,,214289.10
22-Feb-2025,TRADER JOE'S,119.61,,214169.49
22-Feb-2025,COSTCO WHSE,27.40,,214142.09
22-Feb-2025,CHIPOTLE ONLINE,18.18,,214123.91
22-Feb-2025,CHIPOTLE ONLINE,78.13,,214045.78
23-Feb-2025,KROGER #1190,111.91,,213933.87
23-Feb-2025,DOORDASH*RESTAURANT,23.30,,213910.57
23-Feb-2025,PLANET FITNESS,204.60,,213705.97
24-Feb-2025,LYFT RIDE,22.96,,213683.01
24-Feb-2025,UBER TRIP,43.17,,213639.84
25-Feb-2025,DOORDASH*RESTAURANT,72.43,,213567.41
26-Feb-2025,STEAM GAMES,29.37,,213538.04
27-Feb-2025,CHEVRON,5.14,,213532.90
1-Mar-2025,ACH CREDIT EMPLOYER PAYROLL,,7196.88,220729.78
1-Mar-2025,MCDONALD'S,81.70,,220648.08
2-Mar-2025,PARKING GARAGE,52.30,,220595.78
3-Mar-2025,BILL PAY RENT LANDLORD,1774.84,,218820.94
4-Mar-2025,EZ PASS TOLL,26.10,,218794.84
5-Mar-2025,VERIZON WIRELESS,59.20,,218735.64
5-Mar-2025,UBER EATS,43.59,,218692.05
6-Mar-2025,SHELL OIL,61.77,,218630.28
6-Mar-2025,BEST BUY,161.91,,218468.37
8-Mar-2025,CHEVRON,48.24,,218420.13
8-Mar-2025,NIKE STORE,233.57,,218186.56
8-Mar-2025,DENTAL CARE,125.99,,218060.57
9-Mar-2025,ZELLE FROM CLIENT,,1183.04,219243.61
9-Mar-2025,TRADER JOE'S,144.48,,219099.13
9-Mar-2025,LOCAL BISTRO,57.48,,219041.65
9-Mar-2025,METRO TRANSIT,38.31,,219003.34
10-Mar-2025,EZ PASS TOLL,46.29,,218957.05
10-Mar-2025,PARKING GARAGE,70.98,,218886.07
11-Mar-2025,EZ PASS TOLL,36.48,,218849.59
12-Mar-2025,DOORDASH*RESTAURANT,62.37,,218787.22
13-Mar-2025,APPLE.COM/BILL,99.04,,218688.18
14-Mar-2025,FRESH MARKET,90.48,,218597.70
15-Mar-2025,VERIZON WIRELESS,63.97,,218533.73
15-Mar-2025,PLANET FITNESS,187.65,,218346.08
15-Mar-2025,VENMO PAYMENT,163.76,,218182.32
18-Mar-2025,WHOLE FOODS #4821,29.14,,218153.18
18-Mar-2025,DOORDASH*RESTAURANT,13.14,,218140.04
21-Mar-2025,STEAM GAMES,32.97,,218107.07
21-Mar-2025,STEAM GAMES,45.28,,218061.79
22-Mar-2025,WHOLE FOODS #4821,71.35,,217990.44
22-Mar-2025,LYFT RIDE,60.35,,217930.09
24-Mar-2025,CHIPOTLE ONLINE,70.10,,217859.99
26-Mar-2025,STARBUCKS STORE,84.76,,217775.23
26-Mar-2025,DOORDASH*RESTAURANT,45.09,,217730.14
27-Mar-2025,WALMART SUPERCENTER,52.00,,217678.14
27-Mar-2025,UBER TRIP,5.81,,217672.33
28-Mar-2025,FRESH MARKET,153.11,,217519.22
29-Mar-2025,WALMART SUPERCENTER,44.44,,217474.78
1-Apr-2025,COSTCO WHSE,136.00,,217338.78
2-Apr-2025,ACH CREDIT EMPLOYER PAYROLL,,7362.20,224700.98
2-Apr-2025,TRADER JOE'S,132.54,,224568.44
3-Apr-2025,BILL PAY RENT LANDLORD,1735.27,,222833.17
4-Apr-2025,NIKE STORE,246.87,,222586.30
4-Apr-2025,AMC THEATRES,50.74,,222535.56
6-Apr-2025,SUSHI HOUSE,6.21,,222529.35
6-Apr-2025,APPLE.COM/BILL,42.77,,222486.58
7-Apr-2025,WALMART SUPERCENTER,73.12,,222413.46
11-Apr-2025,METRO TRANSIT,62.50,,222350.96
11-Apr-2025,STEAM GAMES,54.67,,222296.29
11-Apr-2025,IRS USATAXPYMT,1066.58,,221229.71
12-Apr-2025,COMCAST CABLE,118.71,,221111.00
12-Apr-2025,PARKING GARAGE,37.12,,221073.88
13-Apr-2025,PIZZA HUT,84.74,,220989.14
13-Apr-2025,LYFT RIDE,11.74,,220977.40
15-Apr-2025,WHOLE FOODS #4821,72.97,,220904.43
16-Apr-2025,EZ PASS TOLL,59.77,,220844.66
18-Apr-2025,DOORDASH*RESTAURANT,38.29,,220806.37
19-Apr-2025,BEST BUY,190.44,,220615.93
19-Apr-2025,PLANET FITNESS,40.59,,220575.34
19-Apr-2025,VENMO PAYMENT,224.05,,220351.29
20-Apr-2025,ELECTRIC COMPANY,154.85,,220196.44
20-Apr-2025,DOORDASH*RESTAURANT,23.54,,220172.90
20-Apr-2025,PARKING GARAGE,53.92,,220118.98
20-Apr-2025,PLANET FITNESS,65.90,,220053.08
21-Apr-2025,COSTCO WHSE,82.95,,219970.13
22-Apr-2025,WHOLE FOODS #4821,126.65,,219843.48
22-Apr-2025,TRADER JOE'S,83.59,,219759.89
22-Apr-2025,LYFT RIDE,31.23,,219728.66
22-Apr-2025,PLANET FITNESS,86.55,,219642.11
24-Apr-2025,GAS UTILITY,70.86,,219571.25
24-Apr-2025,PARKING GARAGE,47.42,,219523.83
25-Apr-2025,ZELLE FROM CLIENT,,979.20,220503.03
25-Apr-2025,DOORDASH*RESTAURANT,29.36,,220473.67
25-Apr-2025,UBER EATS,67.13,,220406.54
26-Apr-2025,GAS UTILITY,91.76,,220314.78
26-Apr-2025,APPLE.COM/BILL,245.37,,220069.41
28-Apr-2025,EZ PASS TOLL,67.21,,220002.20
30-Apr-2025,WALMART SUPERCENTER,153.85,,219848.35
30-Apr-2025,EZ PASS TOLL,6.14,,219842.21
3-May-2025,ACH CREDIT EMPLOYER PAYROLL,,7183.86,227026.07
3-May-2025,BILL PAY RENT LANDLORD,1766.89,,225259.18
3-May-2025,DOORDASH*RESTAURANT,47.29,,225211.89
3-May-2025,METRO TRANSIT,52.99,,225158.90
4-May-2025,WHOLE FOODS #4821,151.87,,225007.03
4-May-2025,LOCAL BISTRO,26.20,,224980.83
4-May-2025,EZ PASS TOLL,45.13,,224935.70
4-May-2025,PARKING GARAGE,49.67,,224886.03
5-May-2025,SHELL OIL,25.40,,224860.63
6-May-2025,WHOLE FOODS #4821,141.22,,224719.41
6-May-2025,ALDI 729,34.85,,224684.56
6-May-2025,CITY MEDICAL CLINIC,110.42,,224574.14
7-May-2025,WALMART SUPERCENTER,47.06,,224527.08
7-May-2025,NIKE STORE,124.35,,224402.73
9-May-2025,EZ PASS TOLL,57.13,,224345.60
11-May-2025,SUSHI HOUSE,41.08,,224304.52
11-May-2025,BEST BUY,207.33,,224097.19
12-May-2025,COSTCO WHSE,54.51,,224042.68
13-May-2025,COMCAST CABLE,188.24,,223854.44
13-May-2025,AMC THEATRES,51.10,,223803.34
14-May-2025,ALDI 729,133.75,,223669.59
14-May-2025,PIZZA HUT,12.19,,223657.40
14-May-2025,LOCAL BISTRO,69.58,,223587.82
15-May-2025,WALMART SUPERCENTER,93.31,,223494.51
15-May-2025,KROGER #1190,104.67,,223389.84
15-May-2025,ZELLE TO FRIEND,187.92,,223201.92
17-May-2025,NETFLIX.COM,12.32,,223189.60
18-May-2025,COSTCO WHSE,97.34,,223092.26
20-May-2025,STARBUCKS STORE,23.84,,223068.42
20-May-2025,SHELL OIL,27.37,,223041.05
21-May-2025,WALMART SUPERCENTER,25.43,,223015.62
24-May-2025,GAS UTILITY,67.86,,222947.76
24-May-2025,METRO TRANSIT,53.16,,222894.60
24-May-2025,SHELL OIL,54.04,,222840.56
25-May-2025,VERIZON WIRELESS,141.93,,222698.63
26-May-2025,PIZZA HUT,77.42,,222621.21
26-May-2025,EZ PASS TOLL,26.69,,222594.52
26-May-2025,METRO TRANSIT,65.62,,222528.90
27-May-2025,METRO TRANSIT,31.14,,222497.76
29-May-2025,CVS/PHARMACY,51.46,,222446.30
31-May-2025,LYFT RIDE,70.31,,222375.99
31-May-2025,APPLE.COM/BILL,100.12,,222275.87
1-Jun-2025,CHIPOTLE ONLINE,43.18,,222232.69
3-Jun-2025,ACH CREDIT EMPLOYER PAYROLL,,7246.19,229478.88
3-Jun-2025,BILL PAY RENT LANDLORD,1749.34,,227729.54
3-Jun-2025,PIZZA HUT,49.18,,227680.36
4-Jun-2025,LYFT RIDE,41.93,,227638.43
4-Jun-2025,APPLE.COM/BILL,72.10,,227566.33
5-Jun-2025,VERIZON WIRELESS,82.98,,227483.35
5-Jun-2025,ALDI 729,81.74,,227401.61
5-Jun-2025,VENMO PAYMENT,126.57,,227275.04
8-Jun-2025,PIZZA HUT,7.98,,227267.06
9-Jun-2025,ALDI 729,24.79,,227242.27
9-Jun-2025,SPOTIFY USA,32.16,,227210.11
10-Jun-2025,CHEVRON,58.75,,227151.36
10-Jun-2025,TARGET.COM,238.44,,226912.92
10-Jun-2025,NETFLIX.COM,16.04,,226896.88
11-Jun-2025,COSTCO WHSE,48.48,,226848.40
12-Jun-2025,WALMART SUPERCENTER,25.28,,226823.12
12-Jun-2025,PARKING GARAGE,9.41,,226813.71
12-Jun-2025,CHEVRON,64.13,,226749.58
13-Jun-2025,KROGER #1190,107.81,,226641.77
14-Jun-2025,CHIPOTLE ONLINE,39.80,,226601.97
17-Jun-2025,STARBUCKS STORE,32.14,,226569.83
19-Jun-2025,WALMART SUPERCENTER,51.79,,226518.04
19-Jun-2025,NIKE STORE,132.50,,226385.54
20-Jun-2025,NIKE STORE,179.52,,226206.02
22-Jun-2025,COMCAST CABLE,39.34,,226166.68
23-Jun-2025,CHEVRON,55.38,,226111.30
24-Jun-2025,DENTAL CARE,144.45,,225966.85
26-Jun-2025,UBER EATS,58.01,,225908.84
26-Jun-2025,SPOTIFY USA,44.68,,225864.16
27-Jun-2025,LYFT RIDE,37.15,,225827.01
27-Jun-2025,LYFT RIDE,29.35,,225797.66
28-Jun-2025,STARBUCKS STORE,15.70,,225781.96
29-Jun-2025,LYFT RIDE,62.88,,225719.08
30-Jun-2025,IKEA,59.00,,225660.08
1-Jul-2025,LYFT RIDE,30.96,,225629.12
2-Jul-2025,ACH CREDIT EMPLOYER PAYROLL,,7394.17,233023.29
2-Jul-2025,WALMART SUPERCENTER,66.19,,232957.10
2-Jul-2025,EZ PASS TOLL,52.22,,232904.88
2-Jul-2025,DISNEYPLUS,20.94,,232883.94
3-Jul-2025,BILL PAY RENT LANDLORD,1751.68,,231132.26
3-Jul-2025,WALMART SUPERCENTER,72.09,,231060.17
3-Jul-2025,METRO TRANSIT,25.58,,231034.59
3-Jul-2025,AMAZON MKTP,147.34,,230887.25
7-Jul-2025,COSTCO WHSE,77.88,,230809.37
7-Jul-2025,CITY MEDICAL CLINIC,23.13,,230786.24
8-Jul-2025,ZELLE TO FRIEND,259.25,,230526.99
9-Jul-2025,ALDI 729,66.29,,230460.70
10-Jul-2025,PIZZA HUT,81.36,,230379.34
12-Jul-2025,COSTCO WHSE,154.58,,230224.76
14-Jul-2025,DOORDASH*RESTAURANT,60.48,,230164.28
16-Jul-2025,LOCAL BISTRO,32.69,,230131.59
18-Jul-2025,TRADER JOE'S,49.40,,230082.19
19-Jul-2025,CITY WATER BILL,182.55,,229899.64
19-Jul-2025,UBER TRIP,27.04,,229872.60
20-Jul-2025,SHELL OIL,61.41,,229811.19
20-Jul-2025,TARGET.COM,177.05,,229634.14
21-Jul-2025,MCDONALD'S,81.70,,229552.44
21-Jul-2025,IKEA,236.76,,229315.68
21-Jul-2025,BEST BUY,214.23,,229101.45
22-Jul-2025,METRO TRANSIT,5.29,,229096.16
23-Jul-2025,CITY WATER BILL,66.89,,229029.27
23-Jul-2025,WHOLE FOODS #4821,145.14,,228884.13
23-Jul-2025,SHELL OIL,33.02,,228851.11
23-Jul-2025,CVS/PHARMACY,90.38,,228760.73
25-Jul-2025,STARBUCKS STORE,68.97,,228691.76
25-Jul-2025,SHELL OIL,63.22,,228628.54
27-Jul-2025,METRO TRANSIT,44.75,,228583.79
28-Jul-2025,NETFLIX.COM,26.76,,228557.03
29-Jul-2025,STARBUCKS STORE,64.16,,228492.87
29-Jul-2025,EZ PASS TOLL,50.67,,228442.20
30-Jul-2025,SHELL OIL,4.19,,228438.01
1-Aug-2025,SPOTIFY USA,63.31,,228374.70
2-Aug-2025,ACH CREDIT EMPLOYER PAYROLL,,7185.52,235560.22
3-Aug-2025,BILL PAY RENT LANDLORD,1750.40,,233809.82
3-Aug-2025,STARBUCKS STORE,75.43,,233734.39
5-Aug-2025,COMCAST CABLE,130.14,,233604.25
7-Aug-2025,WALMART SUPERCENTER,103.69,,233500.56
7-Aug-2025,COSTCO WHSE,130.32,,233370.24
7-Aug-2025,TRADER JOE'S,147.53,,233222.71
7-Aug-2025,PLANET FITNESS,126.87,,233095.84
7-Aug-2025,ATM WITHDRAWAL,101.14,,232994.70
8-Aug-2025,CITY WATER BILL,110.06,,232884.64
8-Aug-2025,EZ PASS TOLL,58.19,,232826.45
9-Aug-2025,COMCAST CABLE,39.09,,232787.36
10-Aug-2025,PAYPAL TRANSFER,,823.96,233611.32
10-Aug-2025,UBER TRIP,24.86,,233586.46
10-Aug-2025,LYFT RIDE,31.17,,233555.29
11-Aug-2025,STEAM GAMES,48.61,,233506.68
12-Aug-2025,UBER TRIP,58.68,,233448.00
13-Aug-2025,MCDONALD'S,51.46,,233396.54
13-Aug-2025,APPLE.COM/BILL,106.82,,233289.72
13-Aug-2025,IKEA,83.68,,233206.04
14-Aug-2025,NETFLIX.COM,55.58,,233150.46
16-Aug-2025,LYFT RIDE,61.85,,233088.61
19-Aug-2025,SHELL OIL,25.70,,233062.91
20-Aug-2025,WALMART SUPERCENTER,124.24,,232938.67
20-Aug-2025,KROGER #1190,117.33,,232821.34
20-Aug-2025,EZ PASS TOLL,62.33,,232759.01
21-Aug-2025,SUSHI HOUSE,73.12,,232685.89
21-Aug-2025,AMAZON MKTP,205.84,,232480.05
22-Aug-2025,EZ PASS TOLL,48.29,,232431.76
23-Aug-2025,MCDONALD'S,54.03,,232377.73
24-Aug-2025,KROGER #1190,158.51,,232219.22
24-Aug-2025,PARKING GARAGE,31.76,,232187.46
25-Aug-2025,PLANET FITNESS,148.92,,232038.54
26-Aug-2025,WHOLE FOODS #4821,70.35,,231968.19
26-Aug-2025,UBER TRIP,57.45,,231910.74
27-Aug-2025,BEST BUY,220.39,,231690.35
27-Aug-2025,CITY MEDICAL CLINIC,17.00,,231673.35
28-Aug-2025,KROGER #1190,79.66,,231593.69
29-Aug-2025,PIZZA HUT,58.81,,231534.88
29-Aug-2025,UBER TRIP,39.93,,231494.95
30-Aug-2025,FRESH MARKET,60.77,,231434.18
30-Aug-2025,LOCAL BISTRO,25.76,,231408.42
30-Aug-2025,SHELL OIL,65.51,,231342.91
30-Aug-2025,TICKETMASTER,53.98,,231288.93
31-Aug-2025,MCDONALD'S,36.95,,231251.98
31-Aug-2025,NIKE STORE,217.09,,231034.89
1-Sep-2025,ACH CREDIT EMPLOYER PAYROLL,,7196.56,238231.45
1-Sep-2025,APPLE.COM/BILL,221.64,,238009.81
2-Sep-2025,COSTCO WHSE,24.86,,237984.95
2-Sep-2025,EZ PASS TOLL,12.06,,237972.89
3-Sep-2025,BILL PAY RENT LANDLORD,1757.64,,236215.25
4-Sep-2025,WHOLE FOODS #4821,25.16,,236190.09
4-Sep-2025,SHELL OIL,50.57,,236139.52
5-Sep-2025,IKEA,148.62,,235990.90
6-Sep-2025,LOCAL BISTRO,20.12,,235970.78
6-Sep-2025,IKEA,207.88,,235762.90
7-Sep-2025,ELECTRIC COMPANY,38.66,,235724.24
7-Sep-2025,LYFT RIDE,18.98,,235705.26
9-Sep-2025,PAYPAL TRANSFER,,830.27,236535.53
10-Sep-2025,MCDONALD'S,69.08,,236466.45
10-Sep-2025,METRO TRANSIT,62.54,,236403.91
10-Sep-2025,WALGREENS,206.83,,236197.08
12-Sep-2025,PARKING GARAGE,58.57,,236138.51
12-Sep-2025,UBER TRIP,61.12,,236077.39
13-Sep-2025,MCDONALD'S,24.32,,236053.07
13-Sep-2025,CITY MEDICAL CLINIC,34.31,,236018.76
14-Sep-2025,ALDI 729,102.53,,235916.23
15-Sep-2025,COMCAST CABLE,149.18,,235767.05
15-Sep-2025,SUSHI HOUSE,22.44,,235744.61
15-Sep-2025,CHEVRON,69.24,,235675.37
16-Sep-2025,DOORDASH*RESTAURANT,75.32,,235600.05
16-Sep-2025,MCDONALD'S,49.83,,235550.22
17-Sep-2025,SHELL OIL,16.13,,235534.09
20-Sep-2025,WALMART SUPERCENTER,137.87,,235396.22
20-Sep-2025,AMC THEATRES,42.38,,235353.84
21-Sep-2025,FRESH MARKET,35.03,,235318.81
22-Sep-2025,ZELLE TO FRIEND,203.44,,235115.37
24-Sep-2025,WHOLE FOODS #4821,70.24,,235045.13
24-Sep-2025,CHEVRON,66.96,,234978.17
25-Sep-2025,KROGER #1190,153.33,,234824.84
26-Sep-2025,ELECTRIC COMPANY,45.22,,234779.62
26-Sep-2025,ALDI 729,39.66,,234739.96
27-Sep-2025,TRADER JOE'S,148.31,,234591.65
29-Sep-2025,SHELL OIL,32.33,,234559.32
30-Sep-2025,STARBUCKS STORE,34.84,,234524.48
30-Sep-2025,NETFLIX.COM,26.20,,234498.28
1-Oct-2025,ACH CREDIT EMPLOYER PAYROLL,,7331.29,241829.57
3-Oct-2025,BILL PAY RENT LANDLORD,1763.97,,240065.60
3-Oct-2025,STARBUCKS STORE,84.26,,239981.34
4-Oct-2025,PARKING GARAGE,23.57,,239957.77
4-Oct-2025,EZ PASS TOLL,37.96,,239919.81
4-Oct-2025,NIKE STORE,146.37,,239773.44
5-Oct-2025,LYFT RIDE,60.04,,239713.40
5-Oct-2025,SHELL OIL,71.54,,239641.86
8-Oct-2025,WALGREENS,160.38,,239481.48
10-Oct-2025,SUSHI HOUSE,7.96,,239473.52
10-Oct-2025,SHELL OIL,60.84,,239412.68
11-Oct-2025,WALMART SUPERCENTER,85.79,,239326.89
11-Oct-2025,MCDONALD'S,49.98,,239276.91
13-Oct-2025,GAS UTILITY,96.76,,239180.15
15-Oct-2025,SHELL OIL,71.69,,239108.46
16-Oct-2025,TRADER JOE'S,158.61,,238949.85
17-Oct-2025,PAYPAL TRANSFER,,421.05,239370.90
17-Oct-2025,ALDI 729,132.10,,239238.80
17-Oct-2025,ATM WITHDRAWAL,235.80,,239003.00
18-Oct-2025,GAS UTILITY,128.21,,238874.79
18-Oct-2025,UBER TRIP,44.81,,238829.98
18-Oct-2025,PARKING GARAGE,46.30,,238783.68
18-Oct-2025,BEST BUY,27.89,,238755.79
19-Oct-2025,ALDI 729,158.63,,238597.16
19-Oct-2025,CHIPOTLE ONLINE,63.35,,238533.81
20-Oct-2025,TRADER JOE'S,113.54,,238420.27
20-Oct-2025,FRESH MARKET,74.50,,238345.77
23-Oct-2025,CHIPOTLE ONLINE,43.63,,238302.14
24-Oct-2025,TARGET.COM,24.47,,238277.67
26-Oct-2025,GAS UTILITY,166.04,,238111.63
26-Oct-2025,PARKING GARAGE,26.40,,238085.23
28-Oct-2025,WALMART SUPERCENTER,121.12,,237964.11
28-Oct-2025,DOORDASH*RESTAURANT,58.45,,237905.66
29-Oct-2025,FRESH MARKET,131.99,,237773.67
29-Oct-2025,LOCAL BISTRO,61.06,,237712.61
29-Oct-2025,HOME DEPOT,141.29,,237571.32
31-Oct-2025,TRADER JOE'S,152.92,,237418.40
31-Oct-2025,SHELL OIL,63.99,,237354.41
31-Oct-2025,STEAM GAMES,15.74,,237338.67
31-Oct-2025,NETFLIX.COM,14.38,,237324.29
1-Nov-2025,ACH CREDIT EMPLOYER PAYROLL,,7159.58,244483.87
3-Nov-2025,BILL PAY RENT LANDLORD,1756.19,,242727.68
3-Nov-2025,ALDI 729,77.33,,242650.35
3-Nov-2025,UBER TRIP,55.03,,242595.32
5-Nov-2025,SHELL OIL,35.52,,242559.80
5-Nov-2025,APPLE.COM/BILL,94.88,,242464.92
6-Nov-2025,METRO TRANSIT,52.71,,242412.21
6-Nov-2025,AMAZON.COM,152.08,,242260.13
9-Nov-2025,WALMART SUPERCENTER,57.92,,242202.21
9-Nov-2025,MCDONALD'S,40.95,,242161.26
9-Nov-2025,CHEVRON,37.43,,242123.83
11-Nov-2025,SPOTIFY USA,46.86,,242076.97
12-Nov-2025,MCDONALD'S,54.07,,242022.90
12-Nov-2025,ZELLE TO FRIEND,206.48,,241816.42
13-Nov-2025,VERIZON WIRELESS,73.80,,241742.62
14-Nov-2025,CITY WATER BILL,65.30,,241677.32
15-Nov-2025,METRO TRANSIT,36.87,,241640.45
15-Nov-2025,AMC THEATRES,60.40,,241580.05
16-Nov-2025,WALMART SUPERCENTER,84.17,,241495.88
16-Nov-2025,DENTAL CARE,152.40,,241343.48
17-Nov-2025,WALMART SUPERCENTER,65.14,,241278.34
18-Nov-2025,UBER TRIP,65.61,,241212.73
18-Nov-2025,IKEA,268.34,,240944.39
18-Nov-2025,BEST BUY,96.52,,240847.87
18-Nov-2025,AMAZON.COM,119.55,,240728.32
19-Nov-2025,DOORDASH*RESTAURANT,69.47,,240658.85
20-Nov-2025,ETSY.COM,160.57,,240498.28
20-Nov-2025,ETSY.COM,181.55,,240316.73
21-Nov-2025,FRESH MARKET,71.74,,240244.99
22-Nov-2025,UBER TRIP,25.02,,240219.97
23-Nov-2025,SHELL OIL,65.12,,240154.85
23-Nov-2025,SPOTIFY USA,18.28,,240136.57
25-Nov-2025,ALDI 729,92.73,,240043.84
25-Nov-2025,EZ PASS TOLL,37.71,,240006.13
25-Nov-2025,BEST BUY,220.18,,239785.95
26-Nov-2025,EZ PASS TOLL,33.16,,239752.79
27-Nov-2025,PARKING GARAGE,43.45,,239709.34
28-Nov-2025,PARKING GARAGE,24.41,,239684.93
29-Nov-2025,LOCAL BISTRO,79.40,,239605.53
29-Nov-2025,METRO TRANSIT,52.20,,239553.33
29-Nov-2025,HOME DEPOT,92.39,,239460.94
29-Nov-2025,WALGREENS,161.85,,239299.09
30-Nov-2025,MCDONALD'S,84.66,,239214.43
1-Dec-2025,ACH CREDIT EMPLOYER PAYROLL,,7177.69,246392.12
1-Dec-2025,UBER EATS,58.16,,246333.96
1-Dec-2025,STARBUCKS STORE,19.28,,246314.68
3-Dec-2025,BILL PAY RENT LANDLORD,1735.14,,244579.54
3-Dec-2025,PARKING GARAGE,18.88,,244560.66
3-Dec-2025,AMAZON MKTP,29.37,,244531.29
5-Dec-2025,LYFT RIDE,17.49,,244513.80
6-Dec-2025,SHELL OIL,47.66,,244466.14
6-Dec-2025,CHEVRON,46.04,,244420.10
7-Dec-2025,LOCAL BISTRO,41.20,,244378.90
8-Dec-2025,EZ PASS TOLL,43.09,,244335.81
9-Dec-2025,COMCAST CABLE,113.30,,244222.51
10-Dec-2025,KROGER #1190,81.21,,244141.30
10-Dec-2025,EZ PASS TOLL,63.49,,244077.81
10-Dec-2025,METRO TRANSIT,64.71,,244013.10
10-Dec-2025,AMC THEATRES,41.57,,243971.53
10-Dec-2025,VENMO PAYMENT,244.65,,243726.88
11-Dec-2025,SHELL OIL,34.78,,243692.10
11-Dec-2025,DISNEYPLUS,50.86,,243641.24
12-Dec-2025,NETFLIX.COM,35.00,,243606.24
13-Dec-2025,TARGET.COM,143.21,,243463.03
14-Dec-2025,COMCAST CABLE,190.42,,243272.61
14-Dec-2025,PARKING GARAGE,38.02,,243234.59
14-Dec-2025,DISNEYPLUS,52.20,,243182.39
16-Dec-2025,TRADER JOE'S,110.92,,243071.47
16-Dec-2025,STARBUCKS STORE,72.09,,242999.38
16-Dec-2025,AMAZON MKTP,17.24,,242982.14
17-Dec-2025,ZELLE FROM CLIENT,,242.98,243225.12
18-Dec-2025,WALMART SUPERCENTER,37.94,,243187.18
18-Dec-2025,STARBUCKS STORE,35.49,,243151.69
19-Dec-2025,CHIPOTLE ONLINE,53.16,,243098.53
21-Dec-2025,CHEVRON,40.18,,243058.35
22-Dec-2025,ACH CREDIT YEAR END BONUS,,2283.02,245341.37
23-Dec-2025,COMCAST CABLE,144.40,,245196.97
23-Dec-2025,PIZZA HUT,47.49,,245149.48
24-Dec-2025,LYFT RIDE,15.30,,245134.18
25-Dec-2025,COSTCO WHSE,147.39,,244986.79
26-Dec-2025,WALMART SUPERCENTER,68.21,,244918.58
26-Dec-2025,COSTCO WHSE,42.24,,244876.34
26-Dec-2025,METRO TRANSIT,67.26,,244809.08
28-Dec-2025,TRADER JOE'S,82.69,,244726.39
28-Dec-2025,SUSHI HOUSE,34.08,,244692.31
28-Dec-2025,UBER TRIP,13.54,,244678.77
28-Dec-2025,SHELL OIL,69.55,,244609.22
29-Dec-2025,DOORDASH*RESTAURANT,13.16,,244596.06
30-Dec-2025,APPLE.COM/BILL,236.32,,244359.74
30-Dec-2025,CVS/PHARMACY,112.93,,244246.81
1-Jan-2026,ACH CREDIT EMPLOYER PAYROLL,,7578.32,251825.13
1-Jan-2026,TRADER JOE'S,28.79,,251796.34
1-Jan-2026,MCDONALD'S,60.21,,251736.13
2-Jan-2026,CHEVRON,45.98,,251690.15
3-Jan-2026,BILL PAY RENT LANDLORD,1801.29,,249888.86
5-Jan-2026,UBER EATS,67.74,,249821.12
5-Jan-2026,LYFT RIDE,48.46,,249772.66
5-Jan-2026,AMAZON MKTP,24.36,,249748.30
6-Jan-2026,LYFT RIDE,19.92,,249728.38
6-Jan-2026,AMAZON MKTP,115.38,,249613.00
7-Jan-2026,METRO TRANSIT,47.14,,249565.86
9-Jan-2026,METRO TRANSIT,58.13,,249507.73
9-Jan-2026,BEST BUY,140.36,,249367.37
9-Jan-2026,IKEA,209.10,,249158.27
10-Jan-2026,COMCAST CABLE,128.15,,249030.12
10-Jan-2026,KROGER #1190,90.95,,248939.17
11-Jan-2026,CHIPOTLE ONLINE,24.66,,248914.51
12-Jan-2026,SPOTIFY USA,30.34,,248884.17
13-Jan-2026,CHIPOTLE ONLINE,84.90,,248799.27
14-Jan-2026,KROGER #1190,86.04,,248713.23
14-Jan-2026,SHELL OIL,7.01,,248706.22
14-Jan-2026,IKEA,104.90,,248601.32
14-Jan-2026,CITY MEDICAL CLINIC,92.64,,248508.68
15-Jan-2026,CHIPOTLE ONLINE,57.10,,248451.58
15-Jan-2026,UBER EATS,57.88,,248393.70
15-Jan-2026,INSURANCE ANNUAL PREMIUM,1020.46,,247373.24
16-Jan-2026,PARKING GARAGE,63.59,,247309.65
18-Jan-2026,METRO TRANSIT,16.41,,247293.24
19-Jan-2026,TRADER JOE'S,154.34,,247138.90
19-Jan-2026,LYFT RIDE,69.40,,247069.50
20-Jan-2026,IKEA,124.84,,246944.66
21-Jan-2026,WALMART SUPERCENTER,21.44,,246923.22
21-Jan-2026,STEAM GAMES,35.71,,246887.51
23-Jan-2026,DENTAL CARE,150.60,,246736.91
24-Jan-2026,GAS UTILITY,72.76,,246664.15
25-Jan-2026,KROGER #1190,106.31,,246557.84
25-Jan-2026,PARKING GARAGE,26.39,,246531.45
25-Jan-2026,UBER TRIP,7.94,,246523.51
27-Jan-2026,PIZZA HUT,66.16,,246457.35
29-Jan-2026,KROGER #1190,94.27,,246363.08
29-Jan-2026,SHELL OIL,50.98,,246312.10
31-Jan-2026,TRADER JOE'S,134.41,,246177.69
1-Feb-2026,ACH CREDIT EMPLOYER PAYROLL,,7407.11,253584.80
1-Feb-2026,METRO TRANSIT,36.35,,253548.45
3-Feb-2026,BILL PAY RENT LANDLORD,1787.45,,251761.00
5-Feb-2026,CITY WATER BILL,62.85,,251698.15
5-Feb-2026,EZ PASS TOLL,26.88,,251671.27
5-Feb-2026,PARKING GARAGE,40.05,,251631.22
5-Feb-2026,SHELL OIL,38.13,,251593.09
6-Feb-2026,CHIPOTLE ONLINE,35.94,,251557.15
6-Feb-2026,UBER EATS,17.63,,251539.52
7-Feb-2026,LYFT RIDE,10.33,,251529.19
8-Feb-2026,SUSHI HOUSE,63.44,,251465.75
9-Feb-2026,METRO TRANSIT,52.90,,251412.85
10-Feb-2026,MCDONALD'S,81.45,,251331.40
10-Feb-2026,AMAZON MKTP,245.85,,251085.55
10-Feb-2026,BEST BUY,128.44,,250957.11
10-Feb-2026,WALGREENS,104.72,,250852.39
11-Feb-2026,WALGREENS,118.71,,250733.68
12-Feb-2026,APPLE.COM/BILL,199.41,,250534.27
13-Feb-2026,PIZZA HUT,11.18,,250523.09
13-Feb-2026,METRO TRANSIT,49.37,,250473.72
13-Feb-2026,AMC THEATRES,12.86,,250460.86
15-Feb-2026,SUSHI HOUSE,17.68,,250443.18
15-Feb-2026,APPLE.COM/BILL,212.40,,250230.78
16-Feb-2026,COSTCO WHSE,45.39,,250185.39
16-Feb-2026,MCDONALD'S,66.97,,250118.42
16-Feb-2026,UBER EATS,57.79,,250060.63
17-Feb-2026,METRO TRANSIT,8.12,,250052.51
17-Feb-2026,SPOTIFY USA,48.64,,250003.87
18-Feb-2026,FRESH MARKET,128.94,,249874.93
19-Feb-2026,NETFLIX.COM,41.32,,249833.61
20-Feb-2026,COSTCO WHSE,20.48,,249813.13
20-Feb-2026,EZ PASS TOLL,29.01,,249784.12
21-Feb-2026,ELECTRIC COMPANY,76.60,,249707.52
21-Feb-2026,COSTCO WHSE,141.34,,249566.18
22-Feb-2026,LYFT RIDE,12.67,,249553.51
23-Feb-2026,PARKING GARAGE,4.34,,249549.17
23-Feb-2026,LYFT RIDE,27.00,,249522.17
24-Feb-2026,VENMO CASHOUT,,322.47,249844.64
24-Feb-2026,KROGER #1190,125.45,,249719.19
24-Feb-2026,AMC THEATRES,47.71,,249671.48
25-Feb-2026,VERIZON WIRELESS,166.66,,249504.82
25-Feb-2026,ALDI 729,140.74,,249364.08
25-Feb-2026,METRO TRANSIT,35.16,,249328.92
25-Feb-2026,HOME DEPOT,26.55,,249302.37
26-Feb-2026,WHOLE FOODS #4821,49.44,,249252.93
26-Feb-2026,MCDONALD'S,75.33,,249177.60
27-Feb-2026,TRADER JOE'S,51.83,,249125.77
28-Feb-2026,STEAM GAMES,19.49,,249106.28
1-Mar-2026,ACH CREDIT EMPLOYER PAYROLL,,7391.24,256497.52
1-Mar-2026,WALMART SUPERCENTER,143.29,,256354.23
2-Mar-2026,BEST BUY,77.58,,256276.65
3-Mar-2026,BILL PAY RENT LANDLORD,1816.04,,254460.61
4-Mar-2026,TICKETMASTER,31.50,,254429.11
4-Mar-2026,AMC THEATRES,17.72,,254411.39
5-Mar-2026,GAS UTILITY,175.68,,254235.71
5-Mar-2026,APPLE.COM/BILL,214.54,,254021.17
6-Mar-2026,LOCAL BISTRO,39.76,,253981.41
6-Mar-2026,VENMO PAYMENT,97.10,,253884.31
8-Mar-2026,KROGER #1190,63.56,,253820.75
9-Mar-2026,PARKING GARAGE,41.15,,253779.60
9-Mar-2026,IKEA,180.44,,253599.16
10-Mar-2026,CITY WATER BILL,60.38,,253538.78
12-Mar-2026,ALDI 729,57.95,,253480.83
12-Mar-2026,DOORDASH*RESTAURANT,52.63,,253428.20
13-Mar-2026,STARBUCKS STORE,21.07,,253407.13
13-Mar-2026,EZ PASS TOLL,67.52,,253339.61
17-Mar-2026,KROGER #1190,138.05,,253201.56
17-Mar-2026,COSTCO WHSE,77.55,,253124.01
17-Mar-2026,ALDI 729,100.33,,253023.68
19-Mar-2026,CHEVRON,58.52,,252965.16
20-Mar-2026,ELECTRIC COMPANY,50.71,,252914.45
20-Mar-2026,VERIZON WIRELESS,177.24,,252737.21
20-Mar-2026,STARBUCKS STORE,22.80,,252714.41
22-Mar-2026,LYFT RIDE,48.20,,252666.21
22-Mar-2026,PARKING GARAGE,39.03,,252627.18
24-Mar-2026,MCDONALD'S,23.31,,252603.87
25-Mar-2026,ACH CREDIT FREELANCE,,777.10,253380.97
25-Mar-2026,SPOTIFY USA,62.50,,253318.47
26-Mar-2026,HOME DEPOT,147.68,,253170.79
26-Mar-2026,DENTAL CARE,121.71,,253049.08
27-Mar-2026,WHOLE FOODS #4821,115.21,,252933.87
28-Mar-2026,ALDI 729,150.08,,252783.79
28-Mar-2026,PARKING GARAGE,24.32,,252759.47
30-Mar-2026,STARBUCKS STORE,12.79,,252746.68
30-Mar-2026,DENTAL CARE,33.00,,252713.68
31-Mar-2026,UBER TRIP,54.25,,252659.43
31-Mar-2026,LYFT RIDE,36.10,,252623.33
31-Mar-2026,METRO TRANSIT,63.61,,252559.72
1-Apr-2026,ACH CREDIT EMPLOYER PAYROLL,,7585.74,260145.46
1-Apr-2026,LOCAL BISTRO,43.11,,260102.35
1-Apr-2026,SUSHI HOUSE,70.48,,260031.87
1-Apr-2026,CVS/PHARMACY,164.88,,259866.99
2-Apr-2026,METRO TRANSIT,66.17,,259800.82
3-Apr-2026,BILL PAY RENT LANDLORD,1787.43,,258013.39
3-Apr-2026,TRADER JOE'S,37.29,,257976.10
4-Apr-2026,LYFT RIDE,13.80,,257962.30
6-Apr-2026,APPLE.COM/BILL,219.21,,257743.09
7-Apr-2026,VERIZON WIRELESS,131.29,,257611.80
7-Apr-2026,COSTCO WHSE,97.51,,257514.29
7-Apr-2026,AMAZON MKTP,12.32,,257501.97
8-Apr-2026,FRESH MARKET,143.15,,257358.82
9-Apr-2026,SUSHI HOUSE,14.38,,257344.44
10-Apr-2026,CHEVRON,24.29,,257320.15
13-Apr-2026,METRO TRANSIT,31.24,,257288.91
13-Apr-2026,IRS USATAXPYMT,1333.40,,255955.51
14-Apr-2026,ACH CREDIT FREELANCE,,976.43,256931.94
14-Apr-2026,COMCAST CABLE,168.96,,256762.98
14-Apr-2026,ALDI 729,143.40,,256619.58
14-Apr-2026,AMAZON MKTP,262.62,,256356.96
14-Apr-2026,TICKETMASTER,64.04,,256292.92
15-Apr-2026,CITY WATER BILL,174.85,,256118.07
15-Apr-2026,SHELL OIL,39.21,,256078.86
16-Apr-2026,PARKING GARAGE,42.04,,256036.82
16-Apr-2026,CITY MEDICAL CLINIC,83.08,,255953.74
17-Apr-2026,FRESH MARKET,105.38,,255848.36
17-Apr-2026,PIZZA HUT,62.80,,255785.56
17-Apr-2026,UBER TRIP,6.49,,255779.07
19-Apr-2026,SUSHI HOUSE,42.63,,255736.44
19-Apr-2026,VENMO PAYMENT,190.34,,255546.10
20-Apr-2026,CHEVRON,62.35,,255483.75
20-Apr-2026,STEAM GAMES,57.05,,255426.70
20-Apr-2026,NETFLIX.COM,24.19,,255402.51
21-Apr-2026,EZ PASS TOLL,65.67,,255336.84
24-Apr-2026,SUSHI HOUSE,47.15,,255289.69
26-Apr-2026,LYFT RIDE,32.45,,255257.24
26-Apr-2026,APPLE.COM/BILL,182.97,,255074.27
27-Apr-2026,CVS/PHARMACY,146.01,,254928.26
28-Apr-2026,AMAZON.COM,119.00,,254809.26
30-Apr-2026,FRESH MARKET,47.25,,254762.01
3-May-2026,ACH CREDIT EMPLOYER PAYROLL,,7376.64,262138.65
3-May-2026,BILL PAY RENT LANDLORD,1798.08,,260340.57
4-May-2026,COSTCO WHSE,110.85,,260229.72
5-May-2026,WHOLE FOODS #4821,90.20,,260139.52
6-May-2026,WALMART SUPERCENTER,23.49,,260116.03
6-May-2026,LYFT RIDE,32.92,,260083.11
7-May-2026,PIZZA HUT,79.29,,260003.82
7-May-2026,SHELL OIL,51.37,,259952.45
7-May-2026,LYFT RIDE,50.74,,259901.71
9-May-2026,KROGER #1190,110.49,,259791.22
9-May-2026,UBER EATS,78.22,,259713.00
11-May-2026,SHELL OIL,52.06,,259660.94
11-May-2026,SHELL OIL,18.55,,259642.39
12-May-2026,DISNEYPLUS,55.93,,259586.46
13-May-2026,DISNEYPLUS,55.78,,259530.68
15-May-2026,NETFLIX.COM,39.52,,259491.16
17-May-2026,UBER EATS,41.53,,259449.63
18-May-2026,SHELL OIL,28.25,,259421.38
18-May-2026,APPLE.COM/BILL,124.26,,259297.12
19-May-2026,VENMO CASHOUT,,513.67,259810.79
19-May-2026,SUSHI HOUSE,58.55,,259752.24
19-May-2026,EZ PASS TOLL,39.67,,259712.57
19-May-2026,AMAZON MKTP,129.07,,259583.50
20-May-2026,GAS UTILITY,122.59,,259460.91
22-May-2026,ALDI 729,19.23,,259441.68
23-May-2026,COMCAST CABLE,94.21,,259347.47
23-May-2026,GAS UTILITY,38.03,,259309.44
23-May-2026,STARBUCKS STORE,22.89,,259286.55
23-May-2026,AMC THEATRES,14.22,,259272.33
24-May-2026,WALMART SUPERCENTER,102.51,,259169.82
26-May-2026,SUSHI HOUSE,81.89,,259087.93
26-May-2026,EZ PASS TOLL,25.79,,259062.14
27-May-2026,WALMART SUPERCENTER,30.57,,259031.57
27-May-2026,CHIPOTLE ONLINE,70.56,,258961.01
28-May-2026,VENMO PAYMENT,139.16,,258821.85
29-May-2026,TARGET.COM,89.93,,258731.92
30-May-2026,PLANET FITNESS,99.65,,258632.27
31-May-2026,SUSHI HOUSE,82.51,,258549.76
31-May-2026,BEST BUY,249.70,,258300.06
3-Jun-2026,ACH CREDIT EMPLOYER PAYROLL,,7508.32,265808.38
3-Jun-2026,BILL PAY RENT LANDLORD,1787.70,,264020.68
3-Jun-2026,MCDONALD'S,57.33,,263963.35
4-Jun-2026,COSTCO WHSE,136.80,,263826.55
4-Jun-2026,LYFT RIDE,45.00,,263781.55
5-Jun-2026,CHEVRON,64.25,,263717.30
5-Jun-2026,CHEVRON,54.44,,263662.86
5-Jun-2026,HOME DEPOT,109.48,,263553.38
5-Jun-2026,VENMO PAYMENT,270.85,,263282.53
7-Jun-2026,SUSHI HOUSE,7.19,,263275.34
7-Jun-2026,AMC THEATRES,17.01,,263258.33
11-Jun-2026,CITY WATER BILL,47.60,,263210.73
11-Jun-2026,KROGER #1190,34.91,,263175.82
11-Jun-2026,AMAZON MKTP,186.78,,262989.04
11-Jun-2026,AMC THEATRES,60.09,,262928.95
12-Jun-2026,DENTAL CARE,82.04,,262846.91
13-Jun-2026,VENMO CASHOUT,,381.61,263228.52
14-Jun-2026,BEST BUY,70.06,,263158.46
15-Jun-2026,AMAZON.COM,265.79,,262892.67
16-Jun-2026,WALMART SUPERCENTER,39.18,,262853.49
17-Jun-2026,CHEVRON,29.91,,262823.58
18-Jun-2026,ALDI 729,34.63,,262788.95
18-Jun-2026,TRADER JOE'S,51.25,,262737.70
18-Jun-2026,EZ PASS TOLL,47.69,,262690.01
18-Jun-2026,EZ PASS TOLL,51.18,,262638.83
18-Jun-2026,METRO TRANSIT,31.18,,262607.65
19-Jun-2026,DISNEYPLUS,10.58,,262597.07
20-Jun-2026,SHELL OIL,42.10,,262554.97
21-Jun-2026,DOORDASH*RESTAURANT,53.31,,262501.66
21-Jun-2026,UBER EATS,7.48,,262494.18
21-Jun-2026,AMAZON.COM,148.55,,262345.63
22-Jun-2026,KROGER #1190,49.52,,262296.11
22-Jun-2026,SHELL OIL,29.51,,262266.60
26-Jun-2026,ELECTRIC COMPANY,160.98,,262105.62
26-Jun-2026,TRADER JOE'S,118.84,,261986.78
28-Jun-2026,PIZZA HUT,41.42,,261945.36
28-Jun-2026,SHELL OIL,4.95,,261940.41
29-Jun-2026,PIZZA HUT,70.84,,261869.57
1-Jul-2026,ACH CREDIT EMPLOYER PAYROLL,,7633.54,269503.11
1-Jul-2026,COSTCO WHSE,102.50,,269400.61
1-Jul-2026,LYFT RIDE,60.43,,269340.18
1-Jul-2026,AMC THEATRES,55.68,,269284.50
2-Jul-2026,ALDI 729,20.40,,269264.10
2-Jul-2026,SUSHI HOUSE,74.36,,269189.74
3-Jul-2026,BILL PAY RENT LANDLORD,1800.77,,267388.97
3-Jul-2026,EZ PASS TOLL,68.05,,267320.92
4-Jul-2026,CHIPOTLE ONLINE,50.72,,267270.20
5-Jul-2026,LYFT RIDE,13.27,,267256.93
5-Jul-2026,SHELL OIL,31.86,,267225.07
5-Jul-2026,LYFT RIDE,55.69,,267169.38
6-Jul-2026,CHEVRON,13.32,,267156.06
7-Jul-2026,TRADER JOE'S,55.65,,267100.41
7-Jul-2026,AMAZON MKTP,226.23,,266874.18
7-Jul-2026,HOME DEPOT,68.49,,266805.69
8-Jul-2026,EZ PASS TOLL,69.63,,266736.06
11-Jul-2026,APPLE.COM/BILL,241.16,,266494.90
12-Jul-2026,LOCAL BISTRO,26.86,,266468.04
13-Jul-2026,WALGREENS,23.37,,266444.67
15-Jul-2026,CHEVRON,19.96,,266424.71
15-Jul-2026,AIRLINE TICKET,545.87,,265878.84
16-Jul-2026,CITY WATER BILL,136.21,,265742.63
16-Jul-2026,TRADER JOE'S,25.58,,265717.05
16-Jul-2026,WALMART SUPERCENTER,50.16,,265666.89
16-Jul-2026,CHIPOTLE ONLINE,39.97,,265626.92
17-Jul-2026,STARBUCKS STORE,74.62,,265552.30
18-Jul-2026,TICKETMASTER,28.16,,265524.14
20-Jul-2026,CHEVRON,27.85,,265496.29
21-Jul-2026,MCDONALD'S,52.56,,265443.73
21-Jul-2026,UBER TRIP,64.18,,265379.55
22-Jul-2026,STARBUCKS STORE,79.87,,265299.68
23-Jul-2026,CITY MEDICAL CLINIC,35.77,,265263.91
26-Jul-2026,COMCAST CABLE,94.51,,265169.40
